#
# A fatal error has been detected by the Java Runtime Environment:
#
#  SIGSEGV (0xb) at pc=0x00007f24ca6496ed, pid=8961, tid=8962
#
# JRE version: OpenJDK Runtime Environment (21.0.11+10) (build 21.0.11+10)
# Java VM: OpenJDK 64-Bit Server VM (21.0.11+10, mixed mode, sharing, tiered, compressed oops, compressed class ptrs, g1 gc, linux-amd64)
# Problematic frame:
# C  [libSDL3.so+0x496ed]
#
# No core dump will be written. Core dumps have been disabled. To enable core dumping, try "ulimit -c unlimited" before starting Java again
#
# If you would like to submit a bug report, please visit:
#   https://bugreport.java.com/bugreport/crash.jsp
# The crash happened outside the Java Virtual Machine in native code.
# See problematic frame for where to report the bug.
#

---------------  S U M M A R Y ------------

Command Line: -Dfile.encoding=UTF-8 com.minesweeper.Main

Host: 11th Gen Intel(R) Core(TM) i7-1165G7 @ 2.80GHz, 8 cores, 7G, Artix Linux
Time: Tue Jun 16 13:15:29 2026 NZST elapsed time: 1.196405 seconds (0d 0h 0m 1s)

---------------  T H R E A D  ---------------

Current thread (0x00007f24f4019ca0):  JavaThread "main"             [_thread_in_native, id=8962, stack(0x00007f24f9700000,0x00007f24f9800000) (1024K)]

Stack: [0x00007f24f9700000,0x00007f24f9800000],  sp=0x00007f24f97fe728,  free space=1017k
Native frames: (J=compiled Java code, j=interpreted, Vv=VM code, C=native code)
C  [libSDL3.so+0x496ed]
j  org.lwjgl.sdl.SDLMouse.nSDL_GetMouseState(JJ)I+9
j  org.lwjgl.sdl.SDLMouse.SDL_GetMouseState(Ljava/nio/FloatBuffer;Ljava/nio/FloatBuffer;)I+24
j  com.minesweeper.Main.init()V+190
j  com.minesweeper.Main.main([Ljava/lang/String;)V+8
v  ~StubRoutines::call_stub 0x00007f24e3937cc6
V  [libjvm.so+0x6c776a]
V  [libjvm.so+0x777356]
V  [libjvm.so+0x779ca5]
C  [libjli.so+0x4db5]
C  [libjli.so+0x7e6e]
Java frames: (J=compiled Java code, j=interpreted, Vv=VM code)
j  org.lwjgl.system.JNI.invokePPI(JJJ)I+0
j  org.lwjgl.sdl.SDLMouse.nSDL_GetMouseState(JJ)I+9
j  org.lwjgl.sdl.SDLMouse.SDL_GetMouseState(Ljava/nio/FloatBuffer;Ljava/nio/FloatBuffer;)I+24
j  com.minesweeper.Main.init()V+190
j  com.minesweeper.Main.main([Ljava/lang/String;)V+8
v  ~StubRoutines::call_stub 0x00007f24e3937cc6

siginfo: si_signo: 11 (SIGSEGV), si_code: 1 (SEGV_MAPERR), si_addr: 0x0000000000000010

Registers:
RAX=0x00007f24caba8be0, RBX=0x00007f2477480140, RCX=0x0000000000000010, RDX=0x0000000000000010
RSP=0x00007f24f97fe728, RBP=0x00007f24f97fe7a8, RSI=0x0000000000000010, RDI=0x0000000000000010
R8 =0x00007f24ca63a1b0, R9 =0x00007f24f41d5570, R10=0x00007f24e3943a91, R11=0x0000000090ce6010
R12=0x0000000000000000, R13=0x00007f2477480140, R14=0x00007f24f97fe7f0, R15=0x00007f24f4019ca0
RIP=0x00007f24ca6496ed, EFLAGS=0x0000000000210202, CSGSFS=0x002b000000000033, ERR=0x0000000000000006
  TRAPNO=0x000000000000000e

XMM[0]=0x0000000000000000 0x0000000043185e00
XMM[1]=0xc300007f24e3940f 0xd5b848d8468b4de8
XMM[2]=0x00007f24f401a400 0x00007f24f401a3f0
XMM[3]=0x0000000094000c93 0x000750004a4a4a5f
XMM[4]=0x0000000000000dd1 0x4c44530c00019500
XMM[5]=0x0000000000000000 0x00007f24f401b6a4
XMM[6]=0x0000000000000000 0x00007f247c01e098
XMM[7]=0x0000000000000000 0x00007f247c01e098
XMM[8]=0xee98c36ba32da04b 0x01b3f322a8150760
XMM[9]=0x438dbbfb438dbbfb 0x438dbbfb409d82e7
XMM[10]=0x0000000000000000 0x00000000fd0fc6ec
XMM[11]=0x6e4f296f6e4f296f 0x6e4f296faeecac56
XMM[12]=0x0000000000000000 0x00000000409d82e7
XMM[13]=0x00c0000000c00000 0x00c0000000c00000
XMM[14]=0x0000000000000000 0x0000000300000003
XMM[15]=0x000000c0000000c0 0x000000c0000000c0
  MXCSR=0x00001fa2


Register to memory mapping:

RAX=0x00007f24caba8be0: Java_org_lwjgl_system_JNI_invokePPI__JJJ+0x0000000000000000 in /tmp/lwjgl_oli/3.4.1+2/x64/liblwjgl.so at 0x00007f24caba7000
RBX={method} {0x00007f2477480140} 'invokePPI' '(JJJ)I' in 'org/lwjgl/system/JNI'
RCX=0x0000000000000010 is an unknown value
RDX=0x0000000000000010 is an unknown value
RSP=0x00007f24f97fe728 is pointing into the stack for thread: 0x00007f24f4019ca0
RBP=0x00007f24f97fe7a8 is pointing into the stack for thread: 0x00007f24f4019ca0
RSI=0x0000000000000010 is an unknown value
RDI=0x0000000000000010 is an unknown value
R8 =0x00007f24ca63a1b0: SDL_GetMouseState+0x0000000000000000 in /tmp/lwjgl_oli/3.4.1+2/x64/libSDL3.so at 0x00007f24ca600000
R9 =0x00007f24f41d5570 points into unknown readable memory: 0x00007f24774011e0 | e0 11 40 77 24 7f 00 00
R10=0x00007f24e3943a91 is at code_begin+1009 in an Interpreter codelet
native method entry point (kind = native)  [0x00007f24e39436a0, 0x00007f24e3944210]  2928 bytes
R11=0x0000000090ce6010 is an oop: java.lang.Class 
{0x0000000090ce6010} - klass: 'java/lang/Class'
 - ---- fields (total size 14 words):
 - private volatile transient 'classRedefinedCount' 'I' @12  0 (0x00000000)
 - injected 'klass' 'J' @16  139794675979944 (0x00007f247c00d6a8)
 - injected 'array_klass' 'J' @24  0 (0x0000000000000000)
 - injected 'oop_size' 'I' @32  14 (0x0000000e)
 - injected 'static_oop_field_count' 'I' @36  0 (0x00000000)
 - private volatile transient 'cachedConstructor' 'Ljava/lang/reflect/Constructor;' @40  null (0x00000000)
 - private transient 'name' 'Ljava/lang/String;' @44  "org.lwjgl.system.JNI"{0x0000000090ce6090} (0x90ce6090)
 - private transient 'module' 'Ljava/lang/Module;' @48  a 'java/lang/Module'{0x00000000ffeecf10} (0xffeecf10)
 - private final 'classLoader' 'Ljava/lang/ClassLoader;' @52  a 'jdk/internal/loader/ClassLoaders$AppClassLoader'{0x00000000ffeecea8} (0xffeecea8)
 - private transient 'classData' 'Ljava/lang/Object;' @56  null (0x00000000)
 - private transient 'packageName' 'Ljava/lang/String;' @60  "org.lwjgl.system"{0x0000000090e7db00} (0x90e7db00)
 - private final 'componentType' 'Ljava/lang/Class;' @64  null (0x00000000)
 - private volatile transient 'reflectionData' 'Ljava/lang/ref/SoftReference;' @68  null (0x00000000)
 - private volatile transient 'genericInfo' 'Lsun/reflect/generics/repository/ClassRepository;' @72  null (0x00000000)
 - private volatile transient 'enumConstants' '[Ljava/lang/Object;' @76  null (0x00000000)
 - private volatile transient 'enumConstantDirectory' 'Ljava/util/Map;' @80  null (0x00000000)
 - private volatile transient 'annotationData' 'Ljava/lang/Class$AnnotationData;' @84  null (0x00000000)
 - private volatile transient 'annotationType' 'Lsun/reflect/annotation/AnnotationType;' @88  null (0x00000000)
 - transient 'classValueMap' 'Ljava/lang/ClassValue$ClassValueMap;' @92  null (0x00000000)
 - injected 'protection_domain' 'Ljava/lang/Object;' @96  a 'java/security/ProtectionDomain'{0x0000000090e81a10} (0x90e81a10)
 - injected 'signers_name' 'Ljava/lang/Object;' @100  null (0x00000000)
 - injected 'source_file' 'Ljava/lang/Object;' @104  null (0x00000000)
 - injected '<init_lock>' 'Ljava/lang/Object;' @108  null (0x00000000)
 - signature: Lorg/lwjgl/system/JNI;
 - ---- static fields (0):
R12=0x0 is null
R13={method} {0x00007f2477480140} 'invokePPI' '(JJJ)I' in 'org/lwjgl/system/JNI'
R14=0x00007f24f97fe7f0 is pointing into the stack for thread: 0x00007f24f4019ca0
R15=0x00007f24f4019ca0 is a thread

Top of Stack: (sp=0x00007f24f97fe728)
0x00007f24f97fe728:   00007f24e3943ac0 00007f2477480140   .:..$...@.Hw$...
0x00007f24f97fe738:   0000000000000000 00007f24f97fe7a8   ............$...
0x00007f24f97fe748:   00007f24e3943797 00007f24e393ea90   .7..$.......$...
0x00007f24f97fe758:   00007f24e394375f 00007f24f97fe760   _7..$...`...$...
0x00007f24f97fe768:   00007f2477480140 0000000000000009   @.Hw$...........
0x00007f24f97fe778:   00007f24774c3d30 0000000000000000   0=Lw$...........
0x00007f24f97fe788:   0000000090ce6010 00007f2477480140   .`......@.Hw$...
0x00007f24f97fe798:   0000000000000000 00007f24f97fe7c8   ............$...
0x00007f24f97fe7a8:   00007f24f97fe840 00007f24e393f2a8   @...$.......$...
0x00007f24f97fe7b8:   0000000090ce6010 00007f24e3940fd5   .`..........$...
0x00007f24f97fe7c8:   00007f24ca63a1b0 0000000000000000   ..c.$...........
0x00007f24f97fe7d8:   0000000000000010 0000000000000000   ................
0x00007f24f97fe7e8:   0000000000000010 0000000000000000   ................
0x00007f24f97fe7f8:   00007f24f97fe7f8 00007f24775c62e9   ....$....b\w$...
0x00007f24f97fe808:   0000000000000007 00007f24775c80d8   ..........\w$...
0x00007f24f97fe818:   0000000000000000 00000000909d3ab0   .........:......
0x00007f24f97fe828:   00007f24775c6320 00007f24f97fe7c8    c\w$.......$...
0x00007f24f97fe838:   00007f24f97fe860 00007f24f97fe8c8   `...$.......$...
0x00007f24f97fe848:   00007f24e393f2a8 00007f24ca63a1b0   ....$.....c.$...
0x00007f24f97fe858:   0000000000000000 0000000000000010   ................
0x00007f24f97fe868:   0000000000000000 0000000000000010   ................
0x00007f24f97fe878:   0000000000000000 00007f24f97fe880   ............$...
0x00007f24f97fe888:   00007f24775c63c8 0000000000000003   .c\w$...........
0x00007f24f97fe898:   00007f24775c80d8 0000000000000000   ..\w$...........
0x00007f24f97fe8a8:   00000000909d3ab0 00007f24775c6408   .:.......d\w$...
0x00007f24f97fe8b8:   00007f24f97fe860 00007f24f97fe8d8   `...$.......$...
0x00007f24f97fe8c8:   00007f24f97fe930 00007f24e393f2a8   0...$.......$...
0x00007f24f97fe8d8:   00000000909ca998 00000000909ca8d0   ................
0x00007f24f97fe8e8:   00007f24f97fe8e8 00007f247740132e   ....$.....@w$...
0x00007f24f97fe8f8:   0000000000000009 00007f2477402000   ......... @w$...
0x00007f24f97fe908:   00007f24775c0448 0000000090f18f18   H.\w$...........
0x00007f24f97fe918:   00007f2477401520 00007f24f97fe8d8    .@w$.......$...

Instructions: (pc=0x00007f24ca6496ed)
0x00007f24ca6495ed:   83 c4 18 c3 0f 1f 80 00 00 00 00 48 8b 3d 19 cb
0x00007f24ca6495fd:   38 00 48 85 ff 74 da 48 8b 07 48 85 c0 74 0c 48
0x00007f24ca64960d:   63 50 0c 48 8b 40 10 48 8b 3c d0 48 8b 05 f9 c9
0x00007f24ca64961d:   38 00 48 85 c0 74 c8 48 83 c4 18 ff e0 66 0f 1f
0x00007f24ca64962d:   44 00 00 80 3d 8a ca 38 00 00 48 8b 3d e2 ca 38
0x00007f24ca64963d:   00 74 bf 80 3d 7c ca 38 00 00 74 b6 31 ff eb 93
0x00007f24ca64964d:   0f 1f 00 c3 66 66 2e 0f 1f 84 00 00 00 00 00 0f
0x00007f24ca64965d:   1f 40 00 48 85 ff 74 3b b8 01 00 00 00 f6 47 49
0x00007f24ca64966d:   40 75 32 66 0f ef d2 31 c0 0f 2f d0 77 27 0f 2f
0x00007f24ca64967d:   d1 77 22 66 0f ef d2 f3 0f 2a 57 20 0f 2f c2 73
0x00007f24ca64968d:   14 66 0f ef c0 f3 0f 2a 47 24 0f 2f c8 0f 92 c0
0x00007f24ca64969d:   c3 66 90 31 c0 c3 66 66 2e 0f 1f 84 00 00 00 00
0x00007f24ca6496ad:   00 66 90 80 3d 0a ca 38 00 00 75 17 48 89 3d a8
0x00007f24ca6496bd:   c9 38 00 b8 01 00 00 00 48 89 35 a4 c9 38 00 c3
0x00007f24ca6496cd:   0f 1f 00 48 8d 3d f1 bc 2c 00 31 c0 e9 32 9a fb
0x00007f24ca6496dd:   ff 66 90 48 85 ff 74 0c f3 0f 10 05 a3 c9 38 00
0x00007f24ca6496ed:   f3 0f 11 07 48 85 f6 74 0c f3 0f 10 05 96 c9 38
0x00007f24ca6496fd:   00 f3 0f 11 06 48 63 15 f7 c9 38 00 85 d2 7e 44
0x00007f24ca64970d:   48 8b 3d f4 c9 38 00 48 8d 34 52 31 d2 48 8d 47
0x00007f24ca64971d:   04 48 8d 0c f0 83 e6 01 74 19 8b 10 48 8d 47 1c
0x00007f24ca64972d:   48 39 c1 74 1c 66 66 2e 0f 1f 84 00 00 00 00 00
0x00007f24ca64973d:   0f 1f 00 0b 10 48 83 c0 30 0b 50 e8 48 39 c1 75
0x00007f24ca64974d:   f2 89 d0 c3 31 d2 eb f9 66 66 2e 0f 1f 84 00 00
0x00007f24ca64975d:   00 00 00 48 85 ff 74 0c f3 0f 10 05 2b c9 38 00
0x00007f24ca64976d:   f3 0f 11 07 48 85 f6 74 0c f3 0f 10 05 1e c9 38
0x00007f24ca64977d:   00 f3 0f 11 06 48 63 15 77 c9 38 00 48 c7 05 04
0x00007f24ca64978d:   c9 38 00 00 00 00 00 85 d2 7e 39 48 8b 3d 69 c9
0x00007f24ca64979d:   38 00 48 8d 34 52 31 d2 48 8d 47 04 48 8d 0c f0
0x00007f24ca6497ad:   83 e6 01 74 0e 8b 10 48 8d 47 1c 48 39 c1 74 11
0x00007f24ca6497bd:   0f 1f 00 0b 10 48 83 c0 30 0b 50 e8 48 39 c1 75
0x00007f24ca6497cd:   f2 89 d0 c3 31 d2 eb f9 66 66 2e 0f 1f 84 00 00
0x00007f24ca6497dd:   00 00 00 48 83 3d 68 c8 38 00 00 74 36 48 83 ec


Stack slot to memory mapping:

stack at sp + 0 slots: 0x00007f24e3943ac0 is at code_begin+1056 in an Interpreter codelet
native method entry point (kind = native)  [0x00007f24e39436a0, 0x00007f24e3944210]  2928 bytes
stack at sp + 1 slots: {method} {0x00007f2477480140} 'invokePPI' '(JJJ)I' in 'org/lwjgl/system/JNI'
stack at sp + 2 slots: 0x0 is null
stack at sp + 3 slots: 0x00007f24f97fe7a8 is pointing into the stack for thread: 0x00007f24f4019ca0
stack at sp + 4 slots: 0x00007f24e3943797 is at code_begin+247 in an Interpreter codelet
native method entry point (kind = native)  [0x00007f24e39436a0, 0x00007f24e3944210]  2928 bytes
stack at sp + 5 slots: 0x00007f24e393ea90 is at code_begin+-112 in 
[CodeBlob (0x00007f24e393ea90)]
Framesize: 0
BufferBlob (0x00007f24e393ea90) used for Interpreter
stack at sp + 6 slots: 0x00007f24e394375f is at code_begin+191 in an Interpreter codelet
native method entry point (kind = native)  [0x00007f24e39436a0, 0x00007f24e3944210]  2928 bytes
stack at sp + 7 slots: 0x00007f24f97fe760 is pointing into the stack for thread: 0x00007f24f4019ca0


---------------  P R O C E S S  ---------------

Threads class SMR info:
_java_thread_list=0x00007f244c005770, length=10, elements={
0x00007f24f4019ca0, 0x00007f24f414c240, 0x00007f24f416d1d0, 0x00007f24f416e3a0,
0x00007f24f416f9f0, 0x00007f24f4170fa0, 0x00007f24f4172af0, 0x00007f24f417c1b0,
0x00007f24f41885c0, 0x00007f24f418b660
}

Java Threads: ( => current thread )
=>0x00007f24f4019ca0 JavaThread "main"                              [_thread_in_native, id=8962, stack(0x00007f24f9700000,0x00007f24f9800000) (1024K)]
  0x00007f24f414c240 JavaThread "Reference Handler"          daemon [_thread_blocked, id=8974, stack(0x00007f24cb500000,0x00007f24cb600000) (1024K)]
  0x00007f24f416d1d0 JavaThread "Finalizer"                  daemon [_thread_blocked, id=8975, stack(0x00007f24cb3ff000,0x00007f24cb4ff000) (1024K)]
  0x00007f24f416e3a0 JavaThread "Signal Dispatcher"          daemon [_thread_blocked, id=8976, stack(0x00007f24cb2fe000,0x00007f24cb3fe000) (1024K)]
  0x00007f24f416f9f0 JavaThread "Service Thread"             daemon [_thread_blocked, id=8977, stack(0x00007f24cb1fd000,0x00007f24cb2fd000) (1024K)]
  0x00007f24f4170fa0 JavaThread "Monitor Deflation Thread"   daemon [_thread_blocked, id=8978, stack(0x00007f24cb0fc000,0x00007f24cb1fc000) (1024K)]
  0x00007f24f4172af0 JavaThread "C2 CompilerThread0"         daemon [_thread_blocked, id=8979, stack(0x00007f24caffb000,0x00007f24cb0fb000) (1024K)]
  0x00007f24f417c1b0 JavaThread "C1 CompilerThread0"         daemon [_thread_blocked, id=8980, stack(0x00007f24caefa000,0x00007f24caffa000) (1024K)]
  0x00007f24f41885c0 JavaThread "Notification Thread"        daemon [_thread_blocked, id=8981, stack(0x00007f24cad28000,0x00007f24cae28000) (1024K)]
  0x00007f24f418b660 JavaThread "Common-Cleaner"             daemon [_thread_blocked, id=8982, stack(0x00007f24cac27000,0x00007f24cad27000) (1024K)]
Total: 10

Other Threads:
  0x00007f24f413d700 VMThread "VM Thread"                           [id=8973, stack(0x00007f24cb8fa000,0x00007f24cb9fa000) (1024K)]
  0x00007f24f412ba40 WatcherThread "VM Periodic Task Thread"        [id=8972, stack(0x00007f24cb9fb000,0x00007f24cbafb000) (1024K)]
  0x00007f24f406f1c0 WorkerThread "GC Thread#0"                     [id=8963, stack(0x00007f24f81ba000,0x00007f24f82ba000) (1024K)]
  0x00007f24f407f4f0 ConcurrentGCThread "G1 Main Marker"            [id=8964, stack(0x00007f24f80b9000,0x00007f24f81b9000) (1024K)]
  0x00007f24f40804a0 WorkerThread "G1 Conc#0"                       [id=8965, stack(0x00007f24f3f00000,0x00007f24f4000000) (1024K)]
  0x00007f24f410fe40 ConcurrentGCThread "G1 Refine#0"               [id=8966, stack(0x00007f24cbbfd000,0x00007f24cbcfd000) (1024K)]
  0x00007f24f4110e10 ConcurrentGCThread "G1 Service"                [id=8967, stack(0x00007f24cbafc000,0x00007f24cbbfc000) (1024K)]
Total: 7

Threads with active compile tasks:
Total: 0

VM state: not at safepoint (normal execution)

VM Mutex/Monitor currently owned by a thread: None

Heap address: 0x0000000089800000, size: 1896 MB, Compressed Oops mode: 32-bit

CDS archive(s) mapped at: [0x00007f247b000000-0x00007f247bc9b000-0x00007f247bc9b000), size 13217792, SharedBaseAddress: 0x00007f247b000000, ArchiveRelocationMode: 1.
Compressed class space mapped at: 0x00007f247c000000-0x00007f24bc000000, reserved size: 1073741824
Narrow klass base: 0x00007f247b000000, Narrow klass shift: 0, Narrow klass range: 0x100000000

GC Precious Log:
 CardTable entry size: 512
 Card Set container configuration: InlinePtr #cards 5 size 8 Array Of Cards #cards 12 size 40 Howl #buckets 4 coarsen threshold 1843 Howl Bitmap #cards 512 size 80 coarsen threshold 460 Card regions per heap region 1 cards per card region 2048
 CPUs: 8 total, 8 available
 Memory: 7577M
 Large Page Support: Disabled
 NUMA Support: Disabled
 Compressed Oops: Enabled (32-bit)
 Heap Region Size: 1M
 Heap Min Capacity: 8M
 Heap Initial Capacity: 120M
 Heap Max Capacity: 1896M
 Pre-touch: Disabled
 Parallel Workers: 8
 Concurrent Workers: 2
 Concurrent Refinement Workers: 8
 Periodic GC: Disabled

Heap:
 garbage-first heap   total 124928K, used 6193K [0x0000000089800000, 0x0000000100000000)
  region size 1024K, 7 young (7168K), 0 survivors (0K)
 Metaspace       used 3643K, committed 3840K, reserved 1114112K
  class space    used 228K, committed 320K, reserved 1048576K

Heap Regions: E=young(eden), S=young(survivor), O=old, HS=humongous(starts), HC=humongous(continues), CS=collection set, F=free, TAMS=top-at-mark-start, PB=parsable bottom
|   0|0x0000000089800000, 0x0000000089800000, 0x0000000089900000|  0%| F|  |TAMS 0x0000000089800000| PB 0x0000000089800000| Untracked 
|   1|0x0000000089900000, 0x0000000089900000, 0x0000000089a00000|  0%| F|  |TAMS 0x0000000089900000| PB 0x0000000089900000| Untracked 
|   2|0x0000000089a00000, 0x0000000089a00000, 0x0000000089b00000|  0%| F|  |TAMS 0x0000000089a00000| PB 0x0000000089a00000| Untracked 
|   3|0x0000000089b00000, 0x0000000089b00000, 0x0000000089c00000|  0%| F|  |TAMS 0x0000000089b00000| PB 0x0000000089b00000| Untracked 
|   4|0x0000000089c00000, 0x0000000089c00000, 0x0000000089d00000|  0%| F|  |TAMS 0x0000000089c00000| PB 0x0000000089c00000| Untracked 
|   5|0x0000000089d00000, 0x0000000089d00000, 0x0000000089e00000|  0%| F|  |TAMS 0x0000000089d00000| PB 0x0000000089d00000| Untracked 
|   6|0x0000000089e00000, 0x0000000089e00000, 0x0000000089f00000|  0%| F|  |TAMS 0x0000000089e00000| PB 0x0000000089e00000| Untracked 
|   7|0x0000000089f00000, 0x0000000089f00000, 0x000000008a000000|  0%| F|  |TAMS 0x0000000089f00000| PB 0x0000000089f00000| Untracked 
|   8|0x000000008a000000, 0x000000008a000000, 0x000000008a100000|  0%| F|  |TAMS 0x000000008a000000| PB 0x000000008a000000| Untracked 
|   9|0x000000008a100000, 0x000000008a100000, 0x000000008a200000|  0%| F|  |TAMS 0x000000008a100000| PB 0x000000008a100000| Untracked 
|  10|0x000000008a200000, 0x000000008a200000, 0x000000008a300000|  0%| F|  |TAMS 0x000000008a200000| PB 0x000000008a200000| Untracked 
|  11|0x000000008a300000, 0x000000008a300000, 0x000000008a400000|  0%| F|  |TAMS 0x000000008a300000| PB 0x000000008a300000| Untracked 
|  12|0x000000008a400000, 0x000000008a400000, 0x000000008a500000|  0%| F|  |TAMS 0x000000008a400000| PB 0x000000008a400000| Untracked 
|  13|0x000000008a500000, 0x000000008a500000, 0x000000008a600000|  0%| F|  |TAMS 0x000000008a500000| PB 0x000000008a500000| Untracked 
|  14|0x000000008a600000, 0x000000008a600000, 0x000000008a700000|  0%| F|  |TAMS 0x000000008a600000| PB 0x000000008a600000| Untracked 
|  15|0x000000008a700000, 0x000000008a700000, 0x000000008a800000|  0%| F|  |TAMS 0x000000008a700000| PB 0x000000008a700000| Untracked 
|  16|0x000000008a800000, 0x000000008a800000, 0x000000008a900000|  0%| F|  |TAMS 0x000000008a800000| PB 0x000000008a800000| Untracked 
|  17|0x000000008a900000, 0x000000008a900000, 0x000000008aa00000|  0%| F|  |TAMS 0x000000008a900000| PB 0x000000008a900000| Untracked 
|  18|0x000000008aa00000, 0x000000008aa00000, 0x000000008ab00000|  0%| F|  |TAMS 0x000000008aa00000| PB 0x000000008aa00000| Untracked 
|  19|0x000000008ab00000, 0x000000008ab00000, 0x000000008ac00000|  0%| F|  |TAMS 0x000000008ab00000| PB 0x000000008ab00000| Untracked 
|  20|0x000000008ac00000, 0x000000008ac00000, 0x000000008ad00000|  0%| F|  |TAMS 0x000000008ac00000| PB 0x000000008ac00000| Untracked 
|  21|0x000000008ad00000, 0x000000008ad00000, 0x000000008ae00000|  0%| F|  |TAMS 0x000000008ad00000| PB 0x000000008ad00000| Untracked 
|  22|0x000000008ae00000, 0x000000008ae00000, 0x000000008af00000|  0%| F|  |TAMS 0x000000008ae00000| PB 0x000000008ae00000| Untracked 
|  23|0x000000008af00000, 0x000000008af00000, 0x000000008b000000|  0%| F|  |TAMS 0x000000008af00000| PB 0x000000008af00000| Untracked 
|  24|0x000000008b000000, 0x000000008b000000, 0x000000008b100000|  0%| F|  |TAMS 0x000000008b000000| PB 0x000000008b000000| Untracked 
|  25|0x000000008b100000, 0x000000008b100000, 0x000000008b200000|  0%| F|  |TAMS 0x000000008b100000| PB 0x000000008b100000| Untracked 
|  26|0x000000008b200000, 0x000000008b200000, 0x000000008b300000|  0%| F|  |TAMS 0x000000008b200000| PB 0x000000008b200000| Untracked 
|  27|0x000000008b300000, 0x000000008b300000, 0x000000008b400000|  0%| F|  |TAMS 0x000000008b300000| PB 0x000000008b300000| Untracked 
|  28|0x000000008b400000, 0x000000008b400000, 0x000000008b500000|  0%| F|  |TAMS 0x000000008b400000| PB 0x000000008b400000| Untracked 
|  29|0x000000008b500000, 0x000000008b500000, 0x000000008b600000|  0%| F|  |TAMS 0x000000008b500000| PB 0x000000008b500000| Untracked 
|  30|0x000000008b600000, 0x000000008b600000, 0x000000008b700000|  0%| F|  |TAMS 0x000000008b600000| PB 0x000000008b600000| Untracked 
|  31|0x000000008b700000, 0x000000008b700000, 0x000000008b800000|  0%| F|  |TAMS 0x000000008b700000| PB 0x000000008b700000| Untracked 
|  32|0x000000008b800000, 0x000000008b800000, 0x000000008b900000|  0%| F|  |TAMS 0x000000008b800000| PB 0x000000008b800000| Untracked 
|  33|0x000000008b900000, 0x000000008b900000, 0x000000008ba00000|  0%| F|  |TAMS 0x000000008b900000| PB 0x000000008b900000| Untracked 
|  34|0x000000008ba00000, 0x000000008ba00000, 0x000000008bb00000|  0%| F|  |TAMS 0x000000008ba00000| PB 0x000000008ba00000| Untracked 
|  35|0x000000008bb00000, 0x000000008bb00000, 0x000000008bc00000|  0%| F|  |TAMS 0x000000008bb00000| PB 0x000000008bb00000| Untracked 
|  36|0x000000008bc00000, 0x000000008bc00000, 0x000000008bd00000|  0%| F|  |TAMS 0x000000008bc00000| PB 0x000000008bc00000| Untracked 
|  37|0x000000008bd00000, 0x000000008bd00000, 0x000000008be00000|  0%| F|  |TAMS 0x000000008bd00000| PB 0x000000008bd00000| Untracked 
|  38|0x000000008be00000, 0x000000008be00000, 0x000000008bf00000|  0%| F|  |TAMS 0x000000008be00000| PB 0x000000008be00000| Untracked 
|  39|0x000000008bf00000, 0x000000008bf00000, 0x000000008c000000|  0%| F|  |TAMS 0x000000008bf00000| PB 0x000000008bf00000| Untracked 
|  40|0x000000008c000000, 0x000000008c000000, 0x000000008c100000|  0%| F|  |TAMS 0x000000008c000000| PB 0x000000008c000000| Untracked 
|  41|0x000000008c100000, 0x000000008c100000, 0x000000008c200000|  0%| F|  |TAMS 0x000000008c100000| PB 0x000000008c100000| Untracked 
|  42|0x000000008c200000, 0x000000008c200000, 0x000000008c300000|  0%| F|  |TAMS 0x000000008c200000| PB 0x000000008c200000| Untracked 
|  43|0x000000008c300000, 0x000000008c300000, 0x000000008c400000|  0%| F|  |TAMS 0x000000008c300000| PB 0x000000008c300000| Untracked 
|  44|0x000000008c400000, 0x000000008c400000, 0x000000008c500000|  0%| F|  |TAMS 0x000000008c400000| PB 0x000000008c400000| Untracked 
|  45|0x000000008c500000, 0x000000008c500000, 0x000000008c600000|  0%| F|  |TAMS 0x000000008c500000| PB 0x000000008c500000| Untracked 
|  46|0x000000008c600000, 0x000000008c600000, 0x000000008c700000|  0%| F|  |TAMS 0x000000008c600000| PB 0x000000008c600000| Untracked 
|  47|0x000000008c700000, 0x000000008c700000, 0x000000008c800000|  0%| F|  |TAMS 0x000000008c700000| PB 0x000000008c700000| Untracked 
|  48|0x000000008c800000, 0x000000008c800000, 0x000000008c900000|  0%| F|  |TAMS 0x000000008c800000| PB 0x000000008c800000| Untracked 
|  49|0x000000008c900000, 0x000000008c900000, 0x000000008ca00000|  0%| F|  |TAMS 0x000000008c900000| PB 0x000000008c900000| Untracked 
|  50|0x000000008ca00000, 0x000000008ca00000, 0x000000008cb00000|  0%| F|  |TAMS 0x000000008ca00000| PB 0x000000008ca00000| Untracked 
|  51|0x000000008cb00000, 0x000000008cb00000, 0x000000008cc00000|  0%| F|  |TAMS 0x000000008cb00000| PB 0x000000008cb00000| Untracked 
|  52|0x000000008cc00000, 0x000000008cc00000, 0x000000008cd00000|  0%| F|  |TAMS 0x000000008cc00000| PB 0x000000008cc00000| Untracked 
|  53|0x000000008cd00000, 0x000000008cd00000, 0x000000008ce00000|  0%| F|  |TAMS 0x000000008cd00000| PB 0x000000008cd00000| Untracked 
|  54|0x000000008ce00000, 0x000000008ce00000, 0x000000008cf00000|  0%| F|  |TAMS 0x000000008ce00000| PB 0x000000008ce00000| Untracked 
|  55|0x000000008cf00000, 0x000000008cf00000, 0x000000008d000000|  0%| F|  |TAMS 0x000000008cf00000| PB 0x000000008cf00000| Untracked 
|  56|0x000000008d000000, 0x000000008d000000, 0x000000008d100000|  0%| F|  |TAMS 0x000000008d000000| PB 0x000000008d000000| Untracked 
|  57|0x000000008d100000, 0x000000008d100000, 0x000000008d200000|  0%| F|  |TAMS 0x000000008d100000| PB 0x000000008d100000| Untracked 
|  58|0x000000008d200000, 0x000000008d200000, 0x000000008d300000|  0%| F|  |TAMS 0x000000008d200000| PB 0x000000008d200000| Untracked 
|  59|0x000000008d300000, 0x000000008d300000, 0x000000008d400000|  0%| F|  |TAMS 0x000000008d300000| PB 0x000000008d300000| Untracked 
|  60|0x000000008d400000, 0x000000008d400000, 0x000000008d500000|  0%| F|  |TAMS 0x000000008d400000| PB 0x000000008d400000| Untracked 
|  61|0x000000008d500000, 0x000000008d500000, 0x000000008d600000|  0%| F|  |TAMS 0x000000008d500000| PB 0x000000008d500000| Untracked 
|  62|0x000000008d600000, 0x000000008d600000, 0x000000008d700000|  0%| F|  |TAMS 0x000000008d600000| PB 0x000000008d600000| Untracked 
|  63|0x000000008d700000, 0x000000008d700000, 0x000000008d800000|  0%| F|  |TAMS 0x000000008d700000| PB 0x000000008d700000| Untracked 
|  64|0x000000008d800000, 0x000000008d800000, 0x000000008d900000|  0%| F|  |TAMS 0x000000008d800000| PB 0x000000008d800000| Untracked 
|  65|0x000000008d900000, 0x000000008d900000, 0x000000008da00000|  0%| F|  |TAMS 0x000000008d900000| PB 0x000000008d900000| Untracked 
|  66|0x000000008da00000, 0x000000008da00000, 0x000000008db00000|  0%| F|  |TAMS 0x000000008da00000| PB 0x000000008da00000| Untracked 
|  67|0x000000008db00000, 0x000000008db00000, 0x000000008dc00000|  0%| F|  |TAMS 0x000000008db00000| PB 0x000000008db00000| Untracked 
|  68|0x000000008dc00000, 0x000000008dc00000, 0x000000008dd00000|  0%| F|  |TAMS 0x000000008dc00000| PB 0x000000008dc00000| Untracked 
|  69|0x000000008dd00000, 0x000000008dd00000, 0x000000008de00000|  0%| F|  |TAMS 0x000000008dd00000| PB 0x000000008dd00000| Untracked 
|  70|0x000000008de00000, 0x000000008de00000, 0x000000008df00000|  0%| F|  |TAMS 0x000000008de00000| PB 0x000000008de00000| Untracked 
|  71|0x000000008df00000, 0x000000008df00000, 0x000000008e000000|  0%| F|  |TAMS 0x000000008df00000| PB 0x000000008df00000| Untracked 
|  72|0x000000008e000000, 0x000000008e000000, 0x000000008e100000|  0%| F|  |TAMS 0x000000008e000000| PB 0x000000008e000000| Untracked 
|  73|0x000000008e100000, 0x000000008e100000, 0x000000008e200000|  0%| F|  |TAMS 0x000000008e100000| PB 0x000000008e100000| Untracked 
|  74|0x000000008e200000, 0x000000008e200000, 0x000000008e300000|  0%| F|  |TAMS 0x000000008e200000| PB 0x000000008e200000| Untracked 
|  75|0x000000008e300000, 0x000000008e300000, 0x000000008e400000|  0%| F|  |TAMS 0x000000008e300000| PB 0x000000008e300000| Untracked 
|  76|0x000000008e400000, 0x000000008e400000, 0x000000008e500000|  0%| F|  |TAMS 0x000000008e400000| PB 0x000000008e400000| Untracked 
|  77|0x000000008e500000, 0x000000008e500000, 0x000000008e600000|  0%| F|  |TAMS 0x000000008e500000| PB 0x000000008e500000| Untracked 
|  78|0x000000008e600000, 0x000000008e600000, 0x000000008e700000|  0%| F|  |TAMS 0x000000008e600000| PB 0x000000008e600000| Untracked 
|  79|0x000000008e700000, 0x000000008e700000, 0x000000008e800000|  0%| F|  |TAMS 0x000000008e700000| PB 0x000000008e700000| Untracked 
|  80|0x000000008e800000, 0x000000008e800000, 0x000000008e900000|  0%| F|  |TAMS 0x000000008e800000| PB 0x000000008e800000| Untracked 
|  81|0x000000008e900000, 0x000000008e900000, 0x000000008ea00000|  0%| F|  |TAMS 0x000000008e900000| PB 0x000000008e900000| Untracked 
|  82|0x000000008ea00000, 0x000000008ea00000, 0x000000008eb00000|  0%| F|  |TAMS 0x000000008ea00000| PB 0x000000008ea00000| Untracked 
|  83|0x000000008eb00000, 0x000000008eb00000, 0x000000008ec00000|  0%| F|  |TAMS 0x000000008eb00000| PB 0x000000008eb00000| Untracked 
|  84|0x000000008ec00000, 0x000000008ec00000, 0x000000008ed00000|  0%| F|  |TAMS 0x000000008ec00000| PB 0x000000008ec00000| Untracked 
|  85|0x000000008ed00000, 0x000000008ed00000, 0x000000008ee00000|  0%| F|  |TAMS 0x000000008ed00000| PB 0x000000008ed00000| Untracked 
|  86|0x000000008ee00000, 0x000000008ee00000, 0x000000008ef00000|  0%| F|  |TAMS 0x000000008ee00000| PB 0x000000008ee00000| Untracked 
|  87|0x000000008ef00000, 0x000000008ef00000, 0x000000008f000000|  0%| F|  |TAMS 0x000000008ef00000| PB 0x000000008ef00000| Untracked 
|  88|0x000000008f000000, 0x000000008f000000, 0x000000008f100000|  0%| F|  |TAMS 0x000000008f000000| PB 0x000000008f000000| Untracked 
|  89|0x000000008f100000, 0x000000008f100000, 0x000000008f200000|  0%| F|  |TAMS 0x000000008f100000| PB 0x000000008f100000| Untracked 
|  90|0x000000008f200000, 0x000000008f200000, 0x000000008f300000|  0%| F|  |TAMS 0x000000008f200000| PB 0x000000008f200000| Untracked 
|  91|0x000000008f300000, 0x000000008f300000, 0x000000008f400000|  0%| F|  |TAMS 0x000000008f300000| PB 0x000000008f300000| Untracked 
|  92|0x000000008f400000, 0x000000008f400000, 0x000000008f500000|  0%| F|  |TAMS 0x000000008f400000| PB 0x000000008f400000| Untracked 
|  93|0x000000008f500000, 0x000000008f500000, 0x000000008f600000|  0%| F|  |TAMS 0x000000008f500000| PB 0x000000008f500000| Untracked 
|  94|0x000000008f600000, 0x000000008f600000, 0x000000008f700000|  0%| F|  |TAMS 0x000000008f600000| PB 0x000000008f600000| Untracked 
|  95|0x000000008f700000, 0x000000008f700000, 0x000000008f800000|  0%| F|  |TAMS 0x000000008f700000| PB 0x000000008f700000| Untracked 
|  96|0x000000008f800000, 0x000000008f800000, 0x000000008f900000|  0%| F|  |TAMS 0x000000008f800000| PB 0x000000008f800000| Untracked 
|  97|0x000000008f900000, 0x000000008f900000, 0x000000008fa00000|  0%| F|  |TAMS 0x000000008f900000| PB 0x000000008f900000| Untracked 
|  98|0x000000008fa00000, 0x000000008fa00000, 0x000000008fb00000|  0%| F|  |TAMS 0x000000008fa00000| PB 0x000000008fa00000| Untracked 
|  99|0x000000008fb00000, 0x000000008fb00000, 0x000000008fc00000|  0%| F|  |TAMS 0x000000008fb00000| PB 0x000000008fb00000| Untracked 
| 100|0x000000008fc00000, 0x000000008fc00000, 0x000000008fd00000|  0%| F|  |TAMS 0x000000008fc00000| PB 0x000000008fc00000| Untracked 
| 101|0x000000008fd00000, 0x000000008fd00000, 0x000000008fe00000|  0%| F|  |TAMS 0x000000008fd00000| PB 0x000000008fd00000| Untracked 
| 102|0x000000008fe00000, 0x000000008fe00000, 0x000000008ff00000|  0%| F|  |TAMS 0x000000008fe00000| PB 0x000000008fe00000| Untracked 
| 103|0x000000008ff00000, 0x000000008ff00000, 0x0000000090000000|  0%| F|  |TAMS 0x000000008ff00000| PB 0x000000008ff00000| Untracked 
| 104|0x0000000090000000, 0x0000000090000000, 0x0000000090100000|  0%| F|  |TAMS 0x0000000090000000| PB 0x0000000090000000| Untracked 
| 105|0x0000000090100000, 0x0000000090100000, 0x0000000090200000|  0%| F|  |TAMS 0x0000000090100000| PB 0x0000000090100000| Untracked 
| 106|0x0000000090200000, 0x0000000090200000, 0x0000000090300000|  0%| F|  |TAMS 0x0000000090200000| PB 0x0000000090200000| Untracked 
| 107|0x0000000090300000, 0x0000000090300000, 0x0000000090400000|  0%| F|  |TAMS 0x0000000090300000| PB 0x0000000090300000| Untracked 
| 108|0x0000000090400000, 0x0000000090400000, 0x0000000090500000|  0%| F|  |TAMS 0x0000000090400000| PB 0x0000000090400000| Untracked 
| 109|0x0000000090500000, 0x0000000090500000, 0x0000000090600000|  0%| F|  |TAMS 0x0000000090500000| PB 0x0000000090500000| Untracked 
| 110|0x0000000090600000, 0x0000000090600000, 0x0000000090700000|  0%| F|  |TAMS 0x0000000090600000| PB 0x0000000090600000| Untracked 
| 111|0x0000000090700000, 0x0000000090700000, 0x0000000090800000|  0%| F|  |TAMS 0x0000000090700000| PB 0x0000000090700000| Untracked 
| 112|0x0000000090800000, 0x0000000090800000, 0x0000000090900000|  0%| F|  |TAMS 0x0000000090800000| PB 0x0000000090800000| Untracked 
| 113|0x0000000090900000, 0x0000000090a00000, 0x0000000090a00000|100%| E|  |TAMS 0x0000000090900000| PB 0x0000000090900000| Complete 
| 114|0x0000000090a00000, 0x0000000090b00000, 0x0000000090b00000|100%| E|CS|TAMS 0x0000000090a00000| PB 0x0000000090a00000| Complete 
| 115|0x0000000090b00000, 0x0000000090c00000, 0x0000000090c00000|100%| E|CS|TAMS 0x0000000090b00000| PB 0x0000000090b00000| Complete 
| 116|0x0000000090c00000, 0x0000000090d00000, 0x0000000090d00000|100%| E|  |TAMS 0x0000000090c00000| PB 0x0000000090c00000| Complete 
| 117|0x0000000090d00000, 0x0000000090e00000, 0x0000000090e00000|100%| E|CS|TAMS 0x0000000090d00000| PB 0x0000000090d00000| Complete 
| 118|0x0000000090e00000, 0x0000000090f00000, 0x0000000090f00000|100%| E|CS|TAMS 0x0000000090e00000| PB 0x0000000090e00000| Complete 
| 119|0x0000000090f00000, 0x0000000091000000, 0x0000000091000000|100%| E|CS|TAMS 0x0000000090f00000| PB 0x0000000090f00000| Complete 
|1894|0x00000000ffe00000, 0x00000000fff00000, 0x00000000fff00000|100%| O|  |TAMS 0x00000000ffe00000| PB 0x00000000ffe00000| Untracked 
|1895|0x00000000fff00000, 0x00000000fff0c558, 0x0000000100000000|  4%| O|  |TAMS 0x00000000fff00000| PB 0x00000000fff00000| Untracked 

Card table byte_map: [0x00007f24f82ba000,0x00007f24f866e000] _byte_map_base: 0x00007f24f7e6e000

Marking Bits: (CMBitMap*) 0x00007f24f406fd00
 Bits: [0x00007f24da660000, 0x00007f24dc400000)

Polling page: 0x00007f24fb02f000

Metaspace:

Usage:
  Non-class:      3.33 MB used.
      Class:    228.76 KB used.
       Both:      3.56 MB used.

Virtual space:
  Non-class space:       64.00 MB reserved,       3.44 MB (  5%) committed,  1 nodes.
      Class space:        1.00 GB reserved,     320.00 KB ( <1%) committed,  1 nodes.
             Both:        1.06 GB reserved,       3.75 MB ( <1%) committed. 

Chunk freelists:
   Non-Class:  10.20 MB
       Class:  15.62 MB
        Both:  25.83 MB

MaxMetaspaceSize: unlimited
CompressedClassSpaceSize: 1.00 GB
Initial GC threshold: 21.00 MB
Current GC threshold: 21.00 MB
CDS: on
 - commit_granule_bytes: 65536.
 - commit_granule_words: 8192.
 - virtual_space_node_default_size: 8388608.
 - enlarge_chunks_in_place: 1.
 - use_allocation_guard: 0.


Internal statistics:

num_allocs_failed_limit: 0.
num_arena_births: 78.
num_arena_deaths: 0.
num_vsnodes_births: 2.
num_vsnodes_deaths: 0.
num_space_committed: 60.
num_space_uncommitted: 0.
num_chunks_returned_to_freelist: 0.
num_chunks_taken_from_freelist: 163.
num_chunk_merges: 0.
num_chunk_splits: 115.
num_chunks_enlarged: 85.
num_inconsistent_stats: 0.

CodeHeap 'non-profiled nmethods': size=120028Kb used=222Kb max_used=222Kb free=119805Kb
 bounds [0x00007f24e3ec9000, 0x00007f24e4139000, 0x00007f24eb400000]
CodeHeap 'profiled nmethods': size=120028Kb used=1188Kb max_used=1188Kb free=118839Kb
 bounds [0x00007f24dc400000, 0x00007f24dc670000, 0x00007f24e3937000]
CodeHeap 'non-nmethods': size=5704Kb used=2388Kb max_used=2414Kb free=3315Kb
 bounds [0x00007f24e3937000, 0x00007f24e3ba7000, 0x00007f24e3ec9000]
CodeCache: size=245760Kb, used=3798Kb, max_used=3824Kb, free=241959Kb
 total_blobs=1868, nmethods=769, adapters=1005, full_count=0
Compilation: enabled, stopped_count=0, restarted_count=0

Compilation events (20 events):
Event: 0.354 Thread 0x00007f24f417c1b0 nmethod 757 0x00007f24dc526910 code [0x00007f24dc526ac0, 0x00007f24dc526d00]
Event: 0.354 Thread 0x00007f24f417c1b0  758       3       org.lwjgl.sdl.SDL_FRect::nw (11 bytes)
Event: 0.354 Thread 0x00007f24f417c1b0 nmethod 758 0x00007f24dc526e10 code [0x00007f24dc526fc0, 0x00007f24dc5270e0]
Event: 0.354 Thread 0x00007f24f417c1b0  759       3       org.lwjgl.sdl.SDL_FRect::h (10 bytes)
Event: 0.354 Thread 0x00007f24f417c1b0 nmethod 759 0x00007f24dc527190 code [0x00007f24dc527340, 0x00007f24dc527580]
Event: 0.354 Thread 0x00007f24f417c1b0  760       3       org.lwjgl.sdl.SDL_FRect::nh (11 bytes)
Event: 0.354 Thread 0x00007f24f417c1b0 nmethod 760 0x00007f24dc527690 code [0x00007f24dc527840, 0x00007f24dc527960]
Event: 0.357 Thread 0x00007f24500593b0  761       4       org.lwjgl.system.MemoryUtil::memAddressSafe (15 bytes)
Event: 0.357 Thread 0x00007f24500593b0 nmethod 761 0x00007f24e3effb90 code [0x00007f24e3effd20, 0x00007f24e3effdc8]
Event: 0.841 Thread 0x00007f24f4172af0  762       4       org.lwjgl.sdl.SDLEvents::nSDL_PollEvent (10 bytes)
Event: 0.842 Thread 0x00007f24f4172af0 nmethod 762 0x00007f24e3effe90 code [0x00007f24e3f00020, 0x00007f24e3f000c0]
Event: 0.842 Thread 0x00007f24f4172af0  763       4       org.lwjgl.sdl.SDL_FRect::w (10 bytes)
Event: 0.842 Thread 0x00007f24f4172af0 nmethod 763 0x00007f24e3f00190 code [0x00007f24e3f00300, 0x00007f24e3f00398]
Event: 0.937 Thread 0x00007f24f4172af0  764       4       org.lwjgl.sdl.SDL_FRect::h (10 bytes)
Event: 0.938 Thread 0x00007f24f4172af0 nmethod 764 0x00007f24e3f00490 code [0x00007f24e3f00600, 0x00007f24e3f00698]
Event: 1.196 Thread 0x00007f24f417c1b0  765       3       java.util.WeakHashMap::getTable (9 bytes)
Event: 1.196 Thread 0x00007f24f417c1b0 nmethod 765 0x00007f24dc527a10 code [0x00007f24dc527bc0, 0x00007f24dc527d10]
Event: 1.196 Thread 0x00007f24f417c1b0  769       3       java.nio.ByteOrder::nativeOrder (4 bytes)
Event: 1.196 Thread 0x00007f24f417c1b0 nmethod 769 0x00007f24dc527d90 code [0x00007f24dc527f20, 0x00007f24dc528010]
Event: 1.196 Thread 0x00007f24f417c1b0  766   !   3       java.util.WeakHashMap::expungeStaleEntries (139 bytes)

GC Heap History (0 events):
No events

Dll operation events (7 events):
Event: 0.001 Loaded shared library /usr/lib/jvm/java-21-openjdk/lib/libjava.so
Event: 0.019 Loaded shared library /usr/lib/jvm/java-21-openjdk/lib/libjsvml.so
Event: 0.024 Loaded shared library /usr/lib/jvm/java-21-openjdk/lib/libnio.so
Event: 0.027 Loaded shared library /usr/lib/jvm/java-21-openjdk/lib/libzip.so
Event: 0.059 Loaded shared library /usr/lib/jvm/java-21-openjdk/lib/libjimage.so
Event: 0.064 Loaded shared library /usr/lib/jvm/java-21-openjdk/lib/libnet.so
Event: 0.070 Loaded shared library /tmp/lwjgl_oli/3.4.1+2/x64/liblwjgl.so

Deoptimization events (12 events):
Event: 0.223 Thread 0x00007f24f4019ca0 DEOPT PACKING pc=0x00007f24dc4205f0 sp=0x00007f24f97fd1c0
Event: 0.223 Thread 0x00007f24f4019ca0 DEOPT UNPACKING pc=0x00007f24e398f14f sp=0x00007f24f97fc600 mode 0
Event: 0.232 Thread 0x00007f24f4019ca0 Uncommon trap: trap_request=0xffffff45 fr.pc=0x00007f24e3ed1fd8 relative=0x00000000000000b8
Event: 0.232 Thread 0x00007f24f4019ca0 Uncommon trap: reason=unstable_if action=reinterpret pc=0x00007f24e3ed1fd8 method=java.lang.String.isLatin1()Z @ 10 c2
Event: 0.232 Thread 0x00007f24f4019ca0 DEOPT PACKING pc=0x00007f24e3ed1fd8 sp=0x00007f24f97fdfd0
Event: 0.232 Thread 0x00007f24f4019ca0 DEOPT UNPACKING pc=0x00007f24e398e619 sp=0x00007f24f97fdf30 mode 2
Event: 0.349 Thread 0x00007f24f4019ca0 DEOPT PACKING pc=0x00007f24dc51f236 sp=0x00007f24f97fe7d0
Event: 0.349 Thread 0x00007f24f4019ca0 DEOPT UNPACKING pc=0x00007f24e398f14f sp=0x00007f24f97fddb8 mode 0
Event: 1.194 Thread 0x00007f24f4019ca0 Uncommon trap: trap_request=0xffffff45 fr.pc=0x00007f24e3efeefc relative=0x00000000000005bc
Event: 1.194 Thread 0x00007f24f4019ca0 Uncommon trap: reason=unstable_if action=reinterpret pc=0x00007f24e3efeefc method=com.minesweeper.Main.init()V @ 260 c2
Event: 1.194 Thread 0x00007f24f4019ca0 DEOPT PACKING pc=0x00007f24e3efeefc sp=0x00007f24f97fe920
Event: 1.194 Thread 0x00007f24f4019ca0 DEOPT UNPACKING pc=0x00007f24e398e619 sp=0x00007f24f97fe8d0 mode 2

Classes loaded (20 events):
Event: 0.142 Loading class java/util/function/LongPredicate
Event: 0.142 Loading class java/util/function/LongPredicate done
Event: 0.144 Loading class java/lang/foreign/MemorySegment
Event: 0.144 Loading class java/lang/foreign/MemorySegment done
Event: 0.169 Loading class java/nio/InvalidMarkException
Event: 0.169 Loading class java/nio/InvalidMarkException done
Event: 0.169 Loading class java/nio/BufferUnderflowException
Event: 0.169 Loading class java/nio/BufferUnderflowException done
Event: 0.198 Loading class java/lang/Math$RandomNumberGeneratorHolder
Event: 0.198 Loading class java/lang/Math$RandomNumberGeneratorHolder done
Event: 0.226 Loading class java/util/Formatter$FixedString
Event: 0.226 Loading class java/util/Formatter$FixedString done
Event: 0.228 Loading class jdk/internal/module/ModulePatcher$PatchedModuleReader
Event: 0.228 Loading class jdk/internal/module/ModulePatcher$PatchedModuleReader done
Event: 0.228 Loading class sun/net/www/protocol/jrt/Handler
Event: 0.228 Loading class sun/net/www/protocol/jrt/Handler done
Event: 0.231 Loading class sun/text/resources/cldr/FormatData_en
Event: 0.231 Loading class sun/text/resources/cldr/FormatData_en done
Event: 1.194 Loading class java/nio/HeapFloatBuffer
Event: 1.194 Loading class java/nio/HeapFloatBuffer done

Classes unloaded (0 events):
No events

Classes redefined (0 events):
No events

Internal exceptions (13 events):
Event: 0.048 Thread 0x00007f24f4019ca0 Exception <a 'java/lang/NoSuchMethodError'{0x0000000090ee9538}: 'void java.lang.invoke.DirectMethodHandle$Holder.invokeStatic(java.lang.Object, java.lang.Object)'> (0x0000000090ee9538) 
thrown [src/hotspot/share/interpreter/linkResolver.cpp, line 772]
Event: 0.049 Thread 0x00007f24f4019ca0 Exception <a 'java/lang/NoSuchMethodError'{0x0000000090d015f8}: 'void java.lang.System.load(java.lang.String, java.lang.Class)'> (0x0000000090d015f8) 
thrown [src/hotspot/share/interpreter/linkResolver.cpp, line 772]
Event: 0.049 Thread 0x00007f24f4019ca0 Exception <a 'java/lang/NoSuchMethodError'{0x0000000090d022c8}: 'void java.lang.invoke.DirectMethodHandle$Holder.invokeSpecial(java.lang.Object, java.lang.Object, java.lang.Object)'> (0x0000000090d022c8) 
thrown [src/hotspot/share/interpreter/linkResolver.cpp, line 772]
Event: 0.052 Thread 0x00007f24f4019ca0 Exception <a 'java/lang/NoSuchMethodError'{0x0000000090d142e8}: 'java.lang.Object java.lang.invoke.DirectMethodHandle$Holder.invokeStatic(java.lang.Object, java.lang.Object, int)'> (0x0000000090d142e8) 
thrown [src/hotspot/share/interpreter/linkResolver.cpp, line 772]
Event: 0.053 Thread 0x00007f24f4019ca0 Exception <a 'java/lang/NoSuchMethodError'{0x0000000090d1fb40}: 'void java.lang.invoke.DelegatingMethodHandle$Holder.delegate(java.lang.Object, java.lang.Object, int, java.lang.Object)'> (0x0000000090d1fb40) 
thrown [src/hotspot/share/interpreter/linkResolver.cpp, line 772]
Event: 0.054 Thread 0x00007f24f4019ca0 Exception <a 'java/lang/NoSuchMethodError'{0x0000000090d23b38}: 'int java.lang.invoke.DirectMethodHandle$Holder.invokeSpecial(java.lang.Object, java.lang.Object, java.lang.Object)'> (0x0000000090d23b38) 
thrown [src/hotspot/share/interpreter/linkResolver.cpp, line 772]
Event: 0.057 Thread 0x00007f24f4019ca0 Exception <a 'java/lang/NoSuchMethodError'{0x0000000090d3e260}: 'void java.lang.System.loadLibrary(java.lang.String, java.lang.Class)'> (0x0000000090d3e260) 
thrown [src/hotspot/share/interpreter/linkResolver.cpp, line 772]
Event: 0.143 Thread 0x00007f24f4019ca0 Exception <a 'java/lang/NoSuchMethodError'{0x0000000090c8dd68}: 'int java.lang.invoke.DirectMethodHandle$Holder.invokeStaticInit(java.lang.Object, java.lang.Object, int, long)'> (0x0000000090c8dd68) 
thrown [src/hotspot/share/interpreter/linkResolver.cpp, line 772]
Event: 0.143 Thread 0x00007f24f4019ca0 Exception <a 'java/lang/NoSuchMethodError'{0x0000000090c93140}: 'java.lang.Object java.lang.invoke.DirectMethodHandle$Holder.newInvokeSpecial(java.lang.Object, java.lang.Object, int)'> (0x0000000090c93140) 
thrown [src/hotspot/share/interpreter/linkResolver.cpp, line 772]
Event: 0.145 Thread 0x00007f24f4019ca0 Exception <a 'java/lang/NoSuchMethodError'{0x0000000090ca16d8}: 'int java.lang.invoke.DirectMethodHandle$Holder.invokeStaticInit(java.lang.Object, java.lang.Object, long, long)'> (0x0000000090ca16d8) 
thrown [src/hotspot/share/interpreter/linkResolver.cpp, line 772]
Event: 0.145 Thread 0x00007f24f4019ca0 Exception <a 'java/lang/NoSuchMethodError'{0x0000000090ca7430}: 'java.lang.Object java.lang.invoke.DirectMethodHandle$Holder.newInvokeSpecial(java.lang.Object, java.lang.Object, long)'> (0x0000000090ca7430) 
thrown [src/hotspot/share/interpreter/linkResolver.cpp, line 772]
Event: 0.145 Thread 0x00007f24f4019ca0 Exception <a 'java/lang/NoSuchMethodError'{0x0000000090cab558}: 'java.lang.Object java.lang.invoke.Invokers$Holder.linkToTargetMethod(java.lang.Object, long, java.lang.Object)'> (0x0000000090cab558) 
thrown [src/hotspot/share/interpreter/linkResolver.cpp, line 772]
Event: 0.146 Thread 0x00007f24f4019ca0 Exception <a 'java/lang/NoSuchMethodError'{0x0000000090cb2a50}: 'int java.lang.invoke.DirectMethodHandle$Holder.invokeStaticInit(java.lang.Object, java.lang.Object, java.lang.Object, long)'> (0x0000000090cb2a50) 
thrown [src/hotspot/share/interpreter/linkResolver.cpp, line 772]

ZGC Phase Switch (0 events):
No events

VM Operations (6 events):
Event: 0.140 Executing non-safepoint VM operation: HandshakeAllThreads (Deoptimize)
Event: 0.140 Executing non-safepoint VM operation: HandshakeAllThreads (Deoptimize) done
Event: 1.140 Executing safepoint VM operation: Cleanup
Event: 1.140 Executing safepoint VM operation: Cleanup done
Event: 1.195 Executing non-safepoint VM operation: HandshakeAllThreads (Deoptimize)
Event: 1.195 Executing non-safepoint VM operation: HandshakeAllThreads (Deoptimize) done

Memory protections (11 events):
Event: 0.001 Protecting memory [0x00007f24f9700000,0x00007f24f9704000] with protection modes 0
Event: 0.017 Protecting memory [0x00007f24cb500000,0x00007f24cb504000] with protection modes 0
Event: 0.017 Protecting memory [0x00007f24cb3ff000,0x00007f24cb403000] with protection modes 0
Event: 0.018 Protecting memory [0x00007f24cb2fe000,0x00007f24cb302000] with protection modes 0
Event: 0.018 Protecting memory [0x00007f24cb1fd000,0x00007f24cb201000] with protection modes 0
Event: 0.018 Protecting memory [0x00007f24cb0fc000,0x00007f24cb100000] with protection modes 0
Event: 0.018 Protecting memory [0x00007f24caffb000,0x00007f24cafff000] with protection modes 0
Event: 0.018 Protecting memory [0x00007f24caefa000,0x00007f24caefe000] with protection modes 0
Event: 0.021 Protecting memory [0x00007f24cad28000,0x00007f24cad2c000] with protection modes 0
Event: 0.022 Protecting memory [0x00007f24cac27000,0x00007f24cac2b000] with protection modes 0
Event: 0.111 Protecting memory [0x00007f24caaa7000,0x00007f24caaab000] with protection modes 0

Nmethod flushes (0 events):
No events

Events (12 events):
Event: 0.010 Thread 0x00007f24f4019ca0 Thread added: 0x00007f24f4019ca0
Event: 0.017 Thread 0x00007f24f4019ca0 Thread added: 0x00007f24f414c240
Event: 0.017 Thread 0x00007f24f4019ca0 Thread added: 0x00007f24f416d1d0
Event: 0.018 Thread 0x00007f24f4019ca0 Thread added: 0x00007f24f416e3a0
Event: 0.018 Thread 0x00007f24f4019ca0 Thread added: 0x00007f24f416f9f0
Event: 0.018 Thread 0x00007f24f4019ca0 Thread added: 0x00007f24f4170fa0
Event: 0.018 Thread 0x00007f24f4019ca0 Thread added: 0x00007f24f4172af0
Event: 0.018 Thread 0x00007f24f4019ca0 Thread added: 0x00007f24f417c1b0
Event: 0.021 Thread 0x00007f24f4019ca0 Thread added: 0x00007f24f41885c0
Event: 0.022 Thread 0x00007f24f4019ca0 Thread added: 0x00007f24f418b660
Event: 0.111 Thread 0x00007f24f417c1b0 Thread added: 0x00007f24500593b0
Event: 0.841 Thread 0x00007f24500593b0 Thread exited: 0x00007f24500593b0


Dynamic libraries:
89800000-91000000 rw-p 00000000 00:00 0 
91000000-ffe00000 ---p 00000000 00:00 0 
ffe00000-fff0d000 rw-p 00cda000 103:03 6422945                           /usr/lib/jvm/java-21-openjdk/lib/server/classes.jsa
fff0d000-100000000 rw-p 00000000 00:00 0 
55925d2d6000-55925d2d7000 r--p 00000000 103:03 6422671                   /usr/lib/jvm/java-21-openjdk/bin/java
55925d2d7000-55925d2d8000 r-xp 00001000 103:03 6422671                   /usr/lib/jvm/java-21-openjdk/bin/java
55925d2d8000-55925d2d9000 r--p 00002000 103:03 6422671                   /usr/lib/jvm/java-21-openjdk/bin/java
55925d2d9000-55925d2da000 r--p 00002000 103:03 6422671                   /usr/lib/jvm/java-21-openjdk/bin/java
55925d2da000-55925d2db000 rw-p 00003000 103:03 6422671                   /usr/lib/jvm/java-21-openjdk/bin/java
55926aaa6000-55926aaee000 rw-p 00000000 00:00 0                          [heap]
7f2420000000-7f2420021000 rw-p 00000000 00:00 0 
7f2420021000-7f2424000000 ---p 00000000 00:00 0 
7f2428000000-7f2428021000 rw-p 00000000 00:00 0 
7f2428021000-7f242c000000 ---p 00000000 00:00 0 
7f242c000000-7f242c021000 rw-p 00000000 00:00 0 
7f242c021000-7f2430000000 ---p 00000000 00:00 0 
7f2430000000-7f2430021000 rw-p 00000000 00:00 0 
7f2430021000-7f2434000000 ---p 00000000 00:00 0 
7f24351ff000-7f2435a00000 rw-p 00000000 00:00 0 
7f2435a00000-7f2435f5b000 r--p 00000000 103:03 5806847                   /usr/lib/libLLVM.so.22.1
7f2435f5b000-7f243bc2e000 r-xp 0055b000 103:03 5806847                   /usr/lib/libLLVM.so.22.1
7f243bc2e000-7f243fcc0000 r--p 0622e000 103:03 5806847                   /usr/lib/libLLVM.so.22.1
7f243fcc0000-7f243fedc000 r--p 0a2c0000 103:03 5806847                   /usr/lib/libLLVM.so.22.1
7f243fedc000-7f243fee6000 rw-p 0a4dc000 103:03 5806847                   /usr/lib/libLLVM.so.22.1
7f243fee6000-7f243ffb6000 rw-p 00000000 00:00 0 
7f2440000000-7f2440021000 rw-p 00000000 00:00 0 
7f2440021000-7f2444000000 ---p 00000000 00:00 0 
7f24441ff000-7f2444a00000 rw-p 00000000 00:00 0 
7f2444a00000-7f2444a1a000 r--p 00000000 103:03 5806938                   /usr/lib/libgallium-26.1.2-arch1.1.so
7f2444a1a000-7f24469c6000 r-xp 0001a000 103:03 5806938                   /usr/lib/libgallium-26.1.2-arch1.1.so
7f24469c6000-7f2447c07000 r--p 01fc6000 103:03 5806938                   /usr/lib/libgallium-26.1.2-arch1.1.so
7f2447c07000-7f2447d78000 r--p 03207000 103:03 5806938                   /usr/lib/libgallium-26.1.2-arch1.1.so
7f2447d78000-7f2447dae000 rw-p 03378000 103:03 5806938                   /usr/lib/libgallium-26.1.2-arch1.1.so
7f2447dae000-7f2447f7b000 rw-p 00000000 00:00 0 
7f2448000000-7f2448021000 rw-p 00000000 00:00 0 
7f2448021000-7f244c000000 ---p 00000000 00:00 0 
7f244c000000-7f244c085000 rw-p 00000000 00:00 0 
7f244c085000-7f2450000000 ---p 00000000 00:00 0 
7f2450000000-7f24501fb000 rw-p 00000000 00:00 0 
7f24501fb000-7f2454000000 ---p 00000000 00:00 0 
7f2454000000-7f2454021000 rw-p 00000000 00:00 0 
7f2454021000-7f2458000000 ---p 00000000 00:00 0 
7f2458000000-7f2458021000 rw-p 00000000 00:00 0 
7f2458021000-7f245c000000 ---p 00000000 00:00 0 
7f245c000000-7f245c1c7000 rw-p 00000000 00:00 0 
7f245c1c7000-7f2460000000 ---p 00000000 00:00 0 
7f2460000000-7f2460021000 rw-p 00000000 00:00 0 
7f2460021000-7f2464000000 ---p 00000000 00:00 0 
7f2464000000-7f2464021000 rw-p 00000000 00:00 0 
7f2464021000-7f2468000000 ---p 00000000 00:00 0 
7f2468000000-7f2468021000 rw-p 00000000 00:00 0 
7f2468021000-7f246c000000 ---p 00000000 00:00 0 
7f246c000000-7f246c021000 rw-p 00000000 00:00 0 
7f246c021000-7f2470000000 ---p 00000000 00:00 0 
7f2470000000-7f2470021000 rw-p 00000000 00:00 0 
7f2470021000-7f2474000000 ---p 00000000 00:00 0 
7f247437f000-7f247457f000 rw-s 1084d2000 00:11 1094                      anon_inode:i915.gem
7f247457f000-7f24745ff000 rw-s 107ab2000 00:11 1094                      anon_inode:i915.gem
7f24745ff000-7f24747ff000 rw-s 108252000 00:11 1094                      anon_inode:i915.gem
7f24747ff000-7f2475000000 rw-p 00000000 00:00 0 
7f2475000000-7f2476f94000 r--p 00000000 103:03 5788072                   /usr/lib/libicudata.so.78.3
7f2476f94000-7f2476f95000 r--p 01f93000 103:03 5788072                   /usr/lib/libicudata.so.78.3
7f2477000000-7f24771a0000 rw-p 00000000 00:00 0 
7f24771a0000-7f2477400000 ---p 00000000 00:00 0 
7f2477400000-7f24775d0000 rw-p 00000000 00:00 0 
7f24775d0000-7f247b000000 ---p 00000000 00:00 0 
7f247b000000-7f247bc9b000 rw-p 00001000 103:03 6422945                   /usr/lib/jvm/java-21-openjdk/lib/server/classes.jsa
7f247bc9b000-7f247c000000 ---p 00000000 00:00 0 
7f247c000000-7f247c030000 rw-p 00000000 00:00 0 
7f247c030000-7f247c040000 ---p 00000000 00:00 0 
7f247c040000-7f247c060000 rw-p 00000000 00:00 0 
7f247c060000-7f24bc000000 ---p 00000000 00:00 0 
7f24bc000000-7f24bc021000 rw-p 00000000 00:00 0 
7f24bc021000-7f24c0000000 ---p 00000000 00:00 0 
7f24c0000000-7f24c0021000 rw-p 00000000 00:00 0 
7f24c0021000-7f24c4000000 ---p 00000000 00:00 0 
7f24c4000000-7f24c4021000 rw-p 00000000 00:00 0 
7f24c4021000-7f24c8000000 ---p 00000000 00:00 0 
7f24c806f000-7f24c807f000 rw-s 107aa2000 00:11 1094                      anon_inode:i915.gem
7f24c807f000-7f24c808f000 rw-s 107a92000 00:11 1094                      anon_inode:i915.gem
7f24c808f000-7f24c809f000 rw-s 107a82000 00:11 1094                      anon_inode:i915.gem
7f24c809f000-7f24c80af000 rw-s 107a72000 00:11 1094                      anon_inode:i915.gem
7f24c80af000-7f24c80cf000 rw-s 1079d2000 00:11 1094                      anon_inode:i915.gem
7f24c80cf000-7f24c80ef000 rw-s 1079b2000 00:11 1094                      anon_inode:i915.gem
7f24c80ef000-7f24c810f000 rw-s 107992000 00:11 1094                      anon_inode:i915.gem
7f24c810f000-7f24c811f000 rw-s 104858000 00:11 1094                      anon_inode:i915.gem
7f24c811f000-7f24c812f000 rw-s 104848000 00:11 1094                      anon_inode:i915.gem
7f24c812f000-7f24c832f000 rw-s 107792000 00:11 1094                      anon_inode:i915.gem
7f24c832f000-7f24c852f000 rw-s 107592000 00:11 1094                      anon_inode:i915.gem
7f24c852f000-7f24c853f000 rw-s 104838000 00:11 1094                      anon_inode:i915.gem
7f24c853f000-7f24c854f000 rw-s 104beb000 00:11 1094                      anon_inode:i915.gem
7f24c854f000-7f24c855f000 rw-s 104bdb000 00:11 1094                      anon_inode:i915.gem
7f24c855f000-7f24c856f000 rw-s 104bcb000 00:11 1094                      anon_inode:i915.gem
7f24c856f000-7f24c857f000 rw-s 10106d000 00:11 1094                      anon_inode:i915.gem
7f24c857f000-7f24c85ff000 rw-s 1047b8000 00:11 1094                      anon_inode:i915.gem
7f24c85ff000-7f24c8e00000 rw-p 00000000 00:00 0 
7f24c8e00000-7f24c9001000 rw-s 00000000 103:04 6029652                   /home/oli/.cache/mesa_shader_cache/index
7f24c9002000-7f24c9012000 rw-s 10105d000 00:11 1094                      anon_inode:i915.gem
7f24c9012000-7f24c9022000 rw-s 1045ba000 00:11 1094                      anon_inode:i915.gem
7f24c9022000-7f24c9032000 rw-s 1057f4000 00:11 1094                      anon_inode:i915.gem
7f24c9032000-7f24c9042000 rw-s 1057b8000 00:11 1094                      anon_inode:i915.gem
7f24c9042000-7f24c9052000 rw-s 104b18000 00:11 1094                      anon_inode:i915.gem
7f24c9052000-7f24c9062000 rw-s 106572000 00:11 1094                      anon_inode:i915.gem
7f24c9062000-7f24c9072000 rw-s 103ec5000 00:11 1094                      anon_inode:i915.gem
7f24c9072000-7f24c9140000 rw-p 00000000 00:00 0 
7f24c9140000-7f24c9160000 rw-s 10103d000 00:11 1094                      anon_inode:i915.gem
7f24c9160000-7f24c9180000 rw-s 10432e000 00:11 1094                      anon_inode:i915.gem
7f24c9180000-7f24c9200000 rw-s 107dd2000 00:11 1094                      anon_inode:i915.gem
7f24c9200000-7f24c9400000 rw-s 107392000 00:11 1094                      anon_inode:i915.gem
7f24c9400000-7f24c9448000 r--p 00000000 103:03 5788087                   /usr/lib/libicuuc.so.78.3
7f24c9448000-7f24c9561000 r-xp 00048000 103:03 5788087                   /usr/lib/libicuuc.so.78.3
7f24c9561000-7f24c95fa000 r--p 00161000 103:03 5788087                   /usr/lib/libicuuc.so.78.3
7f24c95fa000-7f24c960d000 r--p 001fa000 103:03 5788087                   /usr/lib/libicuuc.so.78.3
7f24c960d000-7f24c960e000 rw-p 0020d000 103:03 5788087                   /usr/lib/libicuuc.so.78.3
7f24c960e000-7f24c9610000 rw-p 00000000 00:00 0 
7f24c9611000-7f24c9631000 rw-s 101207000 00:11 1094                      anon_inode:i915.gem
7f24c9631000-7f24c9671000 rw-s 105458000 00:11 1094                      anon_inode:i915.gem
7f24c9671000-7f24c967e000 r--p 00000000 103:03 5771154                   /usr/lib/libncursesw.so.6.6
7f24c967e000-7f24c96c4000 r-xp 0000d000 103:03 5771154                   /usr/lib/libncursesw.so.6.6
7f24c96c4000-7f24c96db000 r--p 00053000 103:03 5771154                   /usr/lib/libncursesw.so.6.6
7f24c96db000-7f24c96e0000 r--p 00069000 103:03 5771154                   /usr/lib/libncursesw.so.6.6
7f24c96e0000-7f24c96e1000 rw-p 0006e000 103:03 5771154                   /usr/lib/libncursesw.so.6.6
7f24c96e1000-7f24c96e3000 r--p 00000000 103:03 5806727                   /usr/lib/libpciaccess.so.0.11.1
7f24c96e3000-7f24c96e8000 r-xp 00002000 103:03 5806727                   /usr/lib/libpciaccess.so.0.11.1
7f24c96e8000-7f24c96ea000 r--p 00007000 103:03 5806727                   /usr/lib/libpciaccess.so.0.11.1
7f24c96ea000-7f24c96eb000 r--p 00008000 103:03 5806727                   /usr/lib/libpciaccess.so.0.11.1
7f24c96eb000-7f24c96ec000 rw-p 00009000 103:03 5806727                   /usr/lib/libpciaccess.so.0.11.1
7f24c96ec000-7f24c9706000 r--p 00000000 103:03 5788170                   /usr/lib/libxml2.so.16.1.3
7f24c9706000-7f24c97d7000 r-xp 0001a000 103:03 5788170                   /usr/lib/libxml2.so.16.1.3
7f24c97d7000-7f24c981c000 r--p 000eb000 103:03 5788170                   /usr/lib/libxml2.so.16.1.3
7f24c981c000-7f24c9825000 r--p 00130000 103:03 5788170                   /usr/lib/libxml2.so.16.1.3
7f24c9825000-7f24c9826000 rw-p 00139000 103:03 5788170                   /usr/lib/libxml2.so.16.1.3
7f24c9826000-7f24c9827000 rw-p 00000000 00:00 0 
7f24c9827000-7f24c982d000 r--p 00000000 103:03 5806798                   /usr/lib/libedit.so.0.0.78
7f24c982d000-7f24c984f000 r-xp 00006000 103:03 5806798                   /usr/lib/libedit.so.0.0.78
7f24c984f000-7f24c985d000 r--p 00028000 103:03 5806798                   /usr/lib/libedit.so.0.0.78
7f24c985d000-7f24c9860000 r--p 00035000 103:03 5806798                   /usr/lib/libedit.so.0.0.78
7f24c9860000-7f24c9861000 rw-p 00038000 103:03 5806798                   /usr/lib/libedit.so.0.0.78
7f24c9861000-7f24c9864000 rw-p 00000000 00:00 0 
7f24c9864000-7f24c9867000 r--p 00000000 103:03 5806749                   /usr/lib/libdrm_intel.so.1.134.0
7f24c9867000-7f24c987e000 r-xp 00003000 103:03 5806749                   /usr/lib/libdrm_intel.so.1.134.0
7f24c987e000-7f24c9888000 r--p 0001a000 103:03 5806749                   /usr/lib/libdrm_intel.so.1.134.0
7f24c9888000-7f24c9889000 r--p 00024000 103:03 5806749                   /usr/lib/libdrm_intel.so.1.134.0
7f24c9889000-7f24c988a000 rw-p 00025000 103:03 5806749                   /usr/lib/libdrm_intel.so.1.134.0
7f24c988a000-7f24c988d000 r--p 00000000 103:03 5806745                   /usr/lib/libdrm_amdgpu.so.1.134.0
7f24c988d000-7f24c9893000 r-xp 00003000 103:03 5806745                   /usr/lib/libdrm_amdgpu.so.1.134.0
7f24c9893000-7f24c9895000 r--p 00009000 103:03 5806745                   /usr/lib/libdrm_amdgpu.so.1.134.0
7f24c9895000-7f24c9896000 r--p 0000a000 103:03 5806745                   /usr/lib/libdrm_amdgpu.so.1.134.0
7f24c9896000-7f24c9897000 rw-p 0000b000 103:03 5806745                   /usr/lib/libdrm_amdgpu.so.1.134.0
7f24c9897000-7f24c989a000 r--p 00000000 103:03 5791963                   /usr/lib/libelf-0.195.so
7f24c989a000-7f24c98ad000 r-xp 00003000 103:03 5791963                   /usr/lib/libelf-0.195.so
7f24c98ad000-7f24c98b1000 r--p 00016000 103:03 5791963                   /usr/lib/libelf-0.195.so
7f24c98b1000-7f24c98b2000 r--p 0001a000 103:03 5791963                   /usr/lib/libelf-0.195.so
7f24c98b2000-7f24c98b3000 rw-p 0001b000 103:03 5791963                   /usr/lib/libelf-0.195.so
7f24c98b3000-7f24c98b4000 r--p 00000000 103:03 5806766                   /usr/lib/libxshmfence.so.1.0.0
7f24c98b4000-7f24c98b5000 r-xp 00001000 103:03 5806766                   /usr/lib/libxshmfence.so.1.0.0
7f24c98b5000-7f24c98b6000 r--p 00002000 103:03 5806766                   /usr/lib/libxshmfence.so.1.0.0
7f24c98b6000-7f24c98b7000 r--p 00002000 103:03 5806766                   /usr/lib/libxshmfence.so.1.0.0
7f24c98b7000-7f24c98b8000 rw-p 00003000 103:03 5806766                   /usr/lib/libxshmfence.so.1.0.0
7f24c98b8000-7f24c98bb000 r--p 00000000 103:03 5803478                   /usr/lib/libxcb-sync.so.1.0.0
7f24c98bb000-7f24c98be000 r-xp 00003000 103:03 5803478                   /usr/lib/libxcb-sync.so.1.0.0
7f24c98be000-7f24c98bf000 r--p 00006000 103:03 5803478                   /usr/lib/libxcb-sync.so.1.0.0
7f24c98bf000-7f24c98c0000 r--p 00007000 103:03 5803478                   /usr/lib/libxcb-sync.so.1.0.0
7f24c98c0000-7f24c98c1000 rw-p 00008000 103:03 5803478                   /usr/lib/libxcb-sync.so.1.0.0
7f24c98c1000-7f24c98d8000 r--p 00000000 103:03 5806894                   /usr/lib/libSPIRV-Tools.so
7f24c98d8000-7f24c9a03000 r-xp 00017000 103:03 5806894                   /usr/lib/libSPIRV-Tools.so
7f24c9a03000-7f24c9a88000 r--p 00142000 103:03 5806894                   /usr/lib/libSPIRV-Tools.so
7f24c9a88000-7f24c9a8b000 r--p 001c6000 103:03 5806894                   /usr/lib/libSPIRV-Tools.so
7f24c9a8b000-7f24c9a8c000 rw-p 001c9000 103:03 5806894                   /usr/lib/libSPIRV-Tools.so
7f24c9a8c000-7f24c9a98000 r--p 00000000 103:03 5775762                   /usr/lib/libzstd.so.1.5.7
7f24c9a98000-7f24c9b59000 r-xp 0000c000 103:03 5775762                   /usr/lib/libzstd.so.1.5.7
7f24c9b59000-7f24c9b6e000 r--p 000cd000 103:03 5775762                   /usr/lib/libzstd.so.1.5.7
7f24c9b6e000-7f24c9b6f000 r--p 000e2000 103:03 5775762                   /usr/lib/libzstd.so.1.5.7
7f24c9b6f000-7f24c9b70000 rw-p 000e3000 103:03 5775762                   /usr/lib/libzstd.so.1.5.7
7f24c9b70000-7f24c9b75000 r--p 00000000 103:03 5806741                   /usr/lib/libdrm.so.2.134.0
7f24c9b75000-7f24c9b81000 r-xp 00005000 103:03 5806741                   /usr/lib/libdrm.so.2.134.0
7f24c9b81000-7f24c9b85000 r--p 00011000 103:03 5806741                   /usr/lib/libdrm.so.2.134.0
7f24c9b85000-7f24c9b86000 r--p 00015000 103:03 5806741                   /usr/lib/libdrm.so.2.134.0
7f24c9b86000-7f24c9b87000 rw-p 00016000 103:03 5806741                   /usr/lib/libdrm.so.2.134.0
7f24c9b87000-7f24c9b89000 r--p 00000000 103:03 5792773                   /usr/lib/libexpat.so.1.12.1
7f24c9b89000-7f24c9baa000 r-xp 00002000 103:03 5792773                   /usr/lib/libexpat.so.1.12.1
7f24c9baa000-7f24c9bb3000 r--p 00023000 103:03 5792773                   /usr/lib/libexpat.so.1.12.1
7f24c9bb3000-7f24c9bb5000 r--p 0002b000 103:03 5792773                   /usr/lib/libexpat.so.1.12.1
7f24c9bb5000-7f24c9bb6000 rw-p 0002d000 103:03 5792773                   /usr/lib/libexpat.so.1.12.1
7f24c9bb6000-7f24c9bbc000 r--p 00000000 103:03 5806933                   /usr/lib/libEGL_mesa.so.0.0.0
7f24c9bbc000-7f24c9bf6000 r-xp 00006000 103:03 5806933                   /usr/lib/libEGL_mesa.so.0.0.0
7f24c9bf6000-7f24c9c09000 r--p 00040000 103:03 5806933                   /usr/lib/libEGL_mesa.so.0.0.0
7f24c9c09000-7f24c9c16000 r--p 00052000 103:03 5806933                   /usr/lib/libEGL_mesa.so.0.0.0
7f24c9c16000-7f24c9c17000 rw-p 0005f000 103:03 5806933                   /usr/lib/libEGL_mesa.so.0.0.0
7f24c9c17000-7f24c9c18000 rw-p 00000000 00:00 0 
7f24c9c18000-7f24c9c24000 r--p 00000000 103:03 5803505                   /usr/lib/libxcb.so.1.1.0
7f24c9c24000-7f24c9c38000 r-xp 0000c000 103:03 5803505                   /usr/lib/libxcb.so.1.1.0
7f24c9c38000-7f24c9c41000 r--p 00020000 103:03 5803505                   /usr/lib/libxcb.so.1.1.0
7f24c9c41000-7f24c9c42000 r--p 00028000 103:03 5803505                   /usr/lib/libxcb.so.1.1.0
7f24c9c42000-7f24c9c43000 rw-p 00029000 103:03 5803505                   /usr/lib/libxcb.so.1.1.0
7f24c9c43000-7f24c9c5a000 r--p 00000000 103:03 5805847                   /usr/lib/libX11.so.6.4.0
7f24c9c5a000-7f24c9ceb000 r-xp 00017000 103:03 5805847                   /usr/lib/libX11.so.6.4.0
7f24c9ceb000-7f24c9d7f000 r--p 000a8000 103:03 5805847                   /usr/lib/libX11.so.6.4.0
7f24c9d7f000-7f24c9d82000 r--p 0013c000 103:03 5805847                   /usr/lib/libX11.so.6.4.0
7f24c9d82000-7f24c9d86000 rw-p 0013f000 103:03 5805847                   /usr/lib/libX11.so.6.4.0
7f24c9d86000-7f24c9d88000 r--p 00000000 103:03 5806958                   /usr/lib/libGLdispatch.so.0.0.0
7f24c9d88000-7f24c9dc7000 r-xp 00002000 103:03 5806958                   /usr/lib/libGLdispatch.so.0.0.0
7f24c9dc7000-7f24c9dda000 r--p 00041000 103:03 5806958                   /usr/lib/libGLdispatch.so.0.0.0
7f24c9dda000-7f24c9df6000 r--p 00054000 103:03 5806958                   /usr/lib/libGLdispatch.so.0.0.0
7f24c9df6000-7f24c9df7000 rw-p 00070000 103:03 5806958                   /usr/lib/libGLdispatch.so.0.0.0
7f24c9df7000-7f24c9dff000 rw-p 00000000 00:00 0 
7f24c9dff000-7f24ca600000 rw-p 00000000 00:00 0 
7f24ca600000-7f24ca8c4000 r-xp 00000000 103:03 524373                    /tmp/lwjgl_oli/3.4.1+2/x64/libSDL3.so
7f24ca8c4000-7f24ca9ba000 r--p 002c4000 103:03 524373                    /tmp/lwjgl_oli/3.4.1+2/x64/libSDL3.so
7f24ca9ba000-7f24ca9c8000 r--p 003ba000 103:03 524373                    /tmp/lwjgl_oli/3.4.1+2/x64/libSDL3.so
7f24ca9c8000-7f24ca9d5000 rw-p 003c8000 103:03 524373                    /tmp/lwjgl_oli/3.4.1+2/x64/libSDL3.so
7f24ca9d5000-7f24ca9dc000 rw-p 00000000 00:00 0 
7f24ca9dc000-7f24ca9de000 r--p 00000000 103:03 5806863                   /usr/lib/libsensors.so.5.0.0
7f24ca9de000-7f24ca9e5000 r-xp 00002000 103:03 5806863                   /usr/lib/libsensors.so.5.0.0
7f24ca9e5000-7f24ca9e9000 r--p 00009000 103:03 5806863                   /usr/lib/libsensors.so.5.0.0
7f24ca9e9000-7f24ca9ea000 r--p 0000d000 103:03 5806863                   /usr/lib/libsensors.so.5.0.0
7f24ca9ea000-7f24ca9eb000 rw-p 0000e000 103:03 5806863                   /usr/lib/libsensors.so.5.0.0
7f24ca9eb000-7f24ca9ec000 r--p 00000000 103:03 5803454                   /usr/lib/libxcb-present.so.0.0.0
7f24ca9ec000-7f24ca9ed000 r-xp 00001000 103:03 5803454                   /usr/lib/libxcb-present.so.0.0.0
7f24ca9ed000-7f24ca9ee000 r--p 00002000 103:03 5803454                   /usr/lib/libxcb-present.so.0.0.0
7f24ca9ee000-7f24ca9ef000 r--p 00002000 103:03 5803454                   /usr/lib/libxcb-present.so.0.0.0
7f24ca9ef000-7f24ca9f0000 rw-p 00003000 103:03 5803454                   /usr/lib/libxcb-present.so.0.0.0
7f24ca9f0000-7f24ca9f7000 r--p 00000000 103:03 5803457                   /usr/lib/libxcb-randr.so.0.1.0
7f24ca9f7000-7f24ca9fd000 r-xp 00007000 103:03 5803457                   /usr/lib/libxcb-randr.so.0.1.0
7f24ca9fd000-7f24caa00000 r--p 0000d000 103:03 5803457                   /usr/lib/libxcb-randr.so.0.1.0
7f24caa00000-7f24caa01000 r--p 00010000 103:03 5803457                   /usr/lib/libxcb-randr.so.0.1.0
7f24caa01000-7f24caa02000 rw-p 00011000 103:03 5803457                   /usr/lib/libxcb-randr.so.0.1.0
7f24caa02000-7f24caa04000 r--p 00000000 103:03 5806955                   /usr/lib/libGLX.so.0.0.0
7f24caa04000-7f24caa1e000 r-xp 00002000 103:03 5806955                   /usr/lib/libGLX.so.0.0.0
7f24caa1e000-7f24caa21000 r--p 0001c000 103:03 5806955                   /usr/lib/libGLX.so.0.0.0
7f24caa21000-7f24caa22000 r--p 0001f000 103:03 5806955                   /usr/lib/libGLX.so.0.0.0
7f24caa22000-7f24caa23000 rw-p 00020000 103:03 5806955                   /usr/lib/libGLX.so.0.0.0
7f24caa23000-7f24caa33000 rw-p 00000000 00:00 0 
7f24caa33000-7f24caa62000 r--p 00000000 103:03 5806949                   /usr/lib/libGL.so.1.7.0
7f24caa62000-7f24caa81000 r-xp 0002f000 103:03 5806949                   /usr/lib/libGL.so.1.7.0
7f24caa81000-7f24caa96000 r--p 0004e000 103:03 5806949                   /usr/lib/libGL.so.1.7.0
7f24caa96000-7f24caaa4000 r--p 00062000 103:03 5806949                   /usr/lib/libGL.so.1.7.0
7f24caaa4000-7f24caaa5000 rw-p 00070000 103:03 5806949                   /usr/lib/libGL.so.1.7.0
7f24caaa5000-7f24caaa6000 rw-p 00000000 00:00 0 
7f24caaa6000-7f24caaa7000 rw-p 00000000 00:00 0 
7f24caaa7000-7f24caaab000 ---p 00000000 00:00 0 
7f24caaab000-7f24caba7000 rw-p 00000000 00:00 0 
7f24caba7000-7f24cabdc000 r-xp 00000000 103:03 524310                    /tmp/lwjgl_oli/3.4.1+2/x64/liblwjgl.so
7f24cabdc000-7f24cac24000 r--p 00035000 103:03 524310                    /tmp/lwjgl_oli/3.4.1+2/x64/liblwjgl.so
7f24cac24000-7f24cac25000 r--p 0007c000 103:03 524310                    /tmp/lwjgl_oli/3.4.1+2/x64/liblwjgl.so
7f24cac25000-7f24cac26000 rw-p 0007d000 103:03 524310                    /tmp/lwjgl_oli/3.4.1+2/x64/liblwjgl.so
7f24cac26000-7f24cac27000 rw-p 00000000 00:00 0 
7f24cac27000-7f24cac2b000 ---p 00000000 00:00 0 
7f24cac2b000-7f24cad28000 rw-p 00000000 00:00 0 
7f24cad28000-7f24cad2c000 ---p 00000000 00:00 0 
7f24cad2c000-7f24cae28000 rw-p 00000000 00:00 0 
7f24cae28000-7f24cae2d000 r--p 00000000 103:03 6422919                   /usr/lib/jvm/java-21-openjdk/lib/libjsvml.so
7f24cae2d000-7f24cae6e000 r-xp 00005000 103:03 6422919                   /usr/lib/jvm/java-21-openjdk/lib/libjsvml.so
7f24cae6e000-7f24caef7000 r--p 00046000 103:03 6422919                   /usr/lib/jvm/java-21-openjdk/lib/libjsvml.so
7f24caef7000-7f24caef8000 r--p 000ce000 103:03 6422919                   /usr/lib/jvm/java-21-openjdk/lib/libjsvml.so
7f24caef8000-7f24caef9000 rw-p 000cf000 103:03 6422919                   /usr/lib/jvm/java-21-openjdk/lib/libjsvml.so
7f24caef9000-7f24caefa000 rw-p 00000000 00:00 0 
7f24caefa000-7f24caefe000 ---p 00000000 00:00 0 
7f24caefe000-7f24caffb000 rw-p 00000000 00:00 0 
7f24caffb000-7f24cafff000 ---p 00000000 00:00 0 
7f24cafff000-7f24cb0fc000 rw-p 00000000 00:00 0 
7f24cb0fc000-7f24cb100000 ---p 00000000 00:00 0 
7f24cb100000-7f24cb1fd000 rw-p 00000000 00:00 0 
7f24cb1fd000-7f24cb201000 ---p 00000000 00:00 0 
7f24cb201000-7f24cb2fe000 rw-p 00000000 00:00 0 
7f24cb2fe000-7f24cb302000 ---p 00000000 00:00 0 
7f24cb302000-7f24cb3ff000 rw-p 00000000 00:00 0 
7f24cb3ff000-7f24cb403000 ---p 00000000 00:00 0 
7f24cb403000-7f24cb500000 rw-p 00000000 00:00 0 
7f24cb500000-7f24cb504000 ---p 00000000 00:00 0 
7f24cb504000-7f24cb600000 rw-p 00000000 00:00 0 
7f24cb600000-7f24cb8ed000 r--p 00000000 103:03 5802412                   /usr/lib/locale/locale-archive
7f24cb8ed000-7f24cb8ef000 r--p 00000000 103:03 5803448                   /usr/lib/libxcb-dri3.so.0.1.0
7f24cb8ef000-7f24cb8f1000 r-xp 00002000 103:03 5803448                   /usr/lib/libxcb-dri3.so.0.1.0
7f24cb8f1000-7f24cb8f2000 r--p 00004000 103:03 5803448                   /usr/lib/libxcb-dri3.so.0.1.0
7f24cb8f2000-7f24cb8f3000 r--p 00004000 103:03 5803448                   /usr/lib/libxcb-dri3.so.0.1.0
7f24cb8f3000-7f24cb8f4000 rw-p 00005000 103:03 5803448                   /usr/lib/libxcb-dri3.so.0.1.0
7f24cb8f4000-7f24cb8f5000 r--p 00000000 103:03 5803475                   /usr/lib/libxcb-shm.so.0.0.0
7f24cb8f5000-7f24cb8f6000 r-xp 00001000 103:03 5803475                   /usr/lib/libxcb-shm.so.0.0.0
7f24cb8f6000-7f24cb8f7000 r--p 00002000 103:03 5803475                   /usr/lib/libxcb-shm.so.0.0.0
7f24cb8f7000-7f24cb8f8000 r--p 00002000 103:03 5803475                   /usr/lib/libxcb-shm.so.0.0.0
7f24cb8f8000-7f24cb8f9000 rw-p 00003000 103:03 5803475                   /usr/lib/libxcb-shm.so.0.0.0
7f24cb8f9000-7f24cbcfd000 rw-p 00000000 00:00 0 
7f24cbcfd000-7f24cc021000 rw-p 00000000 00:00 0 
7f24cc021000-7f24d0000000 ---p 00000000 00:00 0 
7f24d0000000-7f24d0021000 rw-p 00000000 00:00 0 
7f24d0021000-7f24d4000000 ---p 00000000 00:00 0 
7f24d4000000-7f24d4021000 rw-p 00000000 00:00 0 
7f24d4021000-7f24d8000000 ---p 00000000 00:00 0 
7f24d8000000-7f24d8003000 r--p 00000000 103:03 5803484                   /usr/lib/libxcb-xfixes.so.0.0.0
7f24d8003000-7f24d8006000 r-xp 00003000 103:03 5803484                   /usr/lib/libxcb-xfixes.so.0.0.0
7f24d8006000-7f24d8007000 r--p 00006000 103:03 5803484                   /usr/lib/libxcb-xfixes.so.0.0.0
7f24d8007000-7f24d8008000 r--p 00007000 103:03 5803484                   /usr/lib/libxcb-xfixes.so.0.0.0
7f24d8008000-7f24d8009000 rw-p 00008000 103:03 5803484                   /usr/lib/libxcb-xfixes.so.0.0.0
7f24d8009000-7f24d800b000 r--p 00000000 103:03 5806946                   /usr/lib/libEGL.so.1.1.0
7f24d800b000-7f24d8014000 r-xp 00002000 103:03 5806946                   /usr/lib/libEGL.so.1.1.0
7f24d8014000-7f24d8018000 r--p 0000b000 103:03 5806946                   /usr/lib/libEGL.so.1.1.0
7f24d8018000-7f24d8019000 r--p 0000e000 103:03 5806946                   /usr/lib/libEGL.so.1.1.0
7f24d8019000-7f24d801a000 rw-p 0000f000 103:03 5806946                   /usr/lib/libEGL.so.1.1.0
7f24d801a000-7f24d801e000 r--p 00000000 103:03 5808451                   /usr/lib/libxkbcommon.so.0.13.2
7f24d801e000-7f24d804d000 r-xp 00004000 103:03 5808451                   /usr/lib/libxkbcommon.so.0.13.2
7f24d804d000-7f24d8077000 r--p 00033000 103:03 5808451                   /usr/lib/libxkbcommon.so.0.13.2
7f24d8077000-7f24d8079000 r--p 0005d000 103:03 5808451                   /usr/lib/libxkbcommon.so.0.13.2
7f24d8079000-7f24d807a000 rw-p 0005f000 103:03 5808451                   /usr/lib/libxkbcommon.so.0.13.2
7f24d807a000-7f24da600000 rw-p 00000000 00:00 0 
7f24da603000-7f24da604000 r--p 00000000 103:03 5805844                   /usr/lib/libX11-xcb.so.1.0.0
7f24da604000-7f24da605000 r-xp 00001000 103:03 5805844                   /usr/lib/libX11-xcb.so.1.0.0
7f24da605000-7f24da606000 r--p 00002000 103:03 5805844                   /usr/lib/libX11-xcb.so.1.0.0
7f24da606000-7f24da607000 r--p 00002000 103:03 5805844                   /usr/lib/libX11-xcb.so.1.0.0
7f24da607000-7f24da608000 rw-p 00003000 103:03 5805844                   /usr/lib/libX11-xcb.so.1.0.0
7f24da608000-7f24da60a000 r--p 00000000 103:03 5806941                   /usr/lib/libgbm.so.1.0.0
7f24da60a000-7f24da60b000 r-xp 00002000 103:03 5806941                   /usr/lib/libgbm.so.1.0.0
7f24da60b000-7f24da60c000 r--p 00003000 103:03 5806941                   /usr/lib/libgbm.so.1.0.0
7f24da60c000-7f24da60d000 r--p 00003000 103:03 5806941                   /usr/lib/libgbm.so.1.0.0
7f24da60d000-7f24da60e000 rw-p 00004000 103:03 5806941                   /usr/lib/libgbm.so.1.0.0
7f24da60e000-7f24da61c000 r--p 00000000 103:03 5792820                   /usr/lib/libdbus-1.so.3.38.3
7f24da61c000-7f24da64b000 r-xp 0000e000 103:03 5792820                   /usr/lib/libdbus-1.so.3.38.3
7f24da64b000-7f24da65d000 r--p 0003d000 103:03 5792820                   /usr/lib/libdbus-1.so.3.38.3
7f24da65d000-7f24da65f000 r--p 0004f000 103:03 5792820                   /usr/lib/libdbus-1.so.3.38.3
7f24da65f000-7f24da660000 rw-p 00051000 103:03 5792820                   /usr/lib/libdbus-1.so.3.38.3
7f24da660000-7f24da840000 rw-p 00000000 00:00 0 
7f24da840000-7f24dc3f8000 ---p 00000000 00:00 0 
7f24dc3f8000-7f24dc400000 rw-p 00000000 00:00 0 
7f24dc400000-7f24dc670000 rwxp 00000000 00:00 0 
7f24dc670000-7f24e3937000 ---p 00000000 00:00 0 
7f24e3937000-7f24e3ba7000 rwxp 00000000 00:00 0 
7f24e3ba7000-7f24e3ec9000 ---p 00000000 00:00 0 
7f24e3ec9000-7f24e4139000 rwxp 00000000 00:00 0 
7f24e4139000-7f24eb400000 ---p 00000000 00:00 0 
7f24eb400000-7f24f3ecf000 r--s 00000000 103:03 6422936                   /usr/lib/jvm/java-21-openjdk/lib/modules
7f24f3ecf000-7f24f3ed1000 r--p 00000000 103:03 5803416                   /usr/lib/libXdmcp.so.6.0.0
7f24f3ed1000-7f24f3ed3000 r-xp 00002000 103:03 5803416                   /usr/lib/libXdmcp.so.6.0.0
7f24f3ed3000-7f24f3ed5000 r--p 00004000 103:03 5803416                   /usr/lib/libXdmcp.so.6.0.0
7f24f3ed5000-7f24f3ed6000 r--p 00005000 103:03 5803416                   /usr/lib/libXdmcp.so.6.0.0
7f24f3ed6000-7f24f3ed7000 rw-p 00006000 103:03 5803416                   /usr/lib/libXdmcp.so.6.0.0
7f24f3ed7000-7f24f3ed8000 r--p 00000000 103:03 5803420                   /usr/lib/libXau.so.6.0.0
7f24f3ed8000-7f24f3ed9000 r-xp 00001000 103:03 5803420                   /usr/lib/libXau.so.6.0.0
7f24f3ed9000-7f24f3eda000 r--p 00002000 103:03 5803420                   /usr/lib/libXau.so.6.0.0
7f24f3eda000-7f24f3edb000 r--p 00002000 103:03 5803420                   /usr/lib/libXau.so.6.0.0
7f24f3edb000-7f24f3edc000 rw-p 00003000 103:03 5803420                   /usr/lib/libXau.so.6.0.0
7f24f3edc000-7f24f3edf000 r--p 00000000 103:03 5808431                   /usr/lib/libdecor-0.so.0.200.5
7f24f3edf000-7f24f3ee2000 r-xp 00003000 103:03 5808431                   /usr/lib/libdecor-0.so.0.200.5
7f24f3ee2000-7f24f3ee4000 r--p 00006000 103:03 5808431                   /usr/lib/libdecor-0.so.0.200.5
7f24f3ee4000-7f24f3ee5000 r--p 00007000 103:03 5808431                   /usr/lib/libdecor-0.so.0.200.5
7f24f3ee5000-7f24f3ee6000 rw-p 00008000 103:03 5808431                   /usr/lib/libdecor-0.so.0.200.5
7f24f3ee6000-7f24f3ee7000 r--p 00000000 103:03 5806915                   /usr/lib/libwayland-cursor.so.0.25.0
7f24f3ee7000-7f24f3ee9000 r-xp 00001000 103:03 5806915                   /usr/lib/libwayland-cursor.so.0.25.0
7f24f3ee9000-7f24f3eea000 r--p 00003000 103:03 5806915                   /usr/lib/libwayland-cursor.so.0.25.0
7f24f3eea000-7f24f3eeb000 r--p 00003000 103:03 5806915                   /usr/lib/libwayland-cursor.so.0.25.0
7f24f3eeb000-7f24f3eef000 rw-p 00004000 103:03 5806915                   /usr/lib/libwayland-cursor.so.0.25.0
7f24f3eef000-7f24f3ef2000 r--p 00000000 103:03 5806912                   /usr/lib/libwayland-client.so.0.25.0
7f24f3ef2000-7f24f3ef9000 r-xp 00003000 103:03 5806912                   /usr/lib/libwayland-client.so.0.25.0
7f24f3ef9000-7f24f3efc000 r--p 0000a000 103:03 5806912                   /usr/lib/libwayland-client.so.0.25.0
7f24f3efc000-7f24f3efe000 r--p 0000c000 103:03 5806912                   /usr/lib/libwayland-client.so.0.25.0
7f24f3efe000-7f24f3eff000 rw-p 0000e000 103:03 5806912                   /usr/lib/libwayland-client.so.0.25.0
7f24f3eff000-7f24f4000000 rw-p 00000000 00:00 0 
7f24f4000000-7f24f5020000 rw-p 00000000 00:00 0 
7f24f5020000-7f24f8000000 ---p 00000000 00:00 0 
7f24f8002000-7f24f805d000 r--p 00000000 103:03 5770283                   /usr/lib/locale/C.utf8/LC_CTYPE
7f24f805d000-7f24f80b8000 rw-p 00000000 00:00 0 
7f24f80b8000-7f24f82ba000 rw-p 00000000 00:00 0 
7f24f82ba000-7f24f82f6000 rw-p 00000000 00:00 0 
7f24f82f6000-7f24f866d000 ---p 00000000 00:00 0 
7f24f866d000-7f24f86aa000 rw-p 00000000 00:00 0 
7f24f86aa000-7f24f8a21000 ---p 00000000 00:00 0 
7f24f8a21000-7f24f922f000 rw-p 00000000 00:00 0 
7f24f922f000-7f24f9315000 ---p 00000000 00:00 0 
7f24f9315000-7f24f931a000 rw-p 00000000 00:00 0 
7f24f931a000-7f24f9400000 ---p 00000000 00:00 0 
7f24f9400000-7f24f949a000 r--p 00000000 103:03 5771053                   /usr/lib/libstdc++.so.6.0.35
7f24f949a000-7f24f961e000 r-xp 0009a000 103:03 5771053                   /usr/lib/libstdc++.so.6.0.35
7f24f961e000-7f24f96bf000 r--p 0021e000 103:03 5771053                   /usr/lib/libstdc++.so.6.0.35
7f24f96bf000-7f24f96d0000 r--p 002be000 103:03 5771053                   /usr/lib/libstdc++.so.6.0.35
7f24f96d0000-7f24f96d1000 rw-p 002cf000 103:03 5771053                   /usr/lib/libstdc++.so.6.0.35
7f24f96d1000-7f24f96d5000 rw-p 00000000 00:00 0 
7f24f96d7000-7f24f96d8000 r--p 00000000 103:03 5806918                   /usr/lib/libwayland-egl.so.1.25.0
7f24f96d8000-7f24f96d9000 r-xp 00001000 103:03 5806918                   /usr/lib/libwayland-egl.so.1.25.0
7f24f96d9000-7f24f96da000 r--p 00002000 103:03 5806918                   /usr/lib/libwayland-egl.so.1.25.0
7f24f96da000-7f24f96db000 r--p 00002000 103:03 5806918                   /usr/lib/libwayland-egl.so.1.25.0
7f24f96db000-7f24f96dc000 rw-p 00003000 103:03 5806918                   /usr/lib/libwayland-egl.so.1.25.0
7f24f96dd000-7f24f96ed000 rw-s 1057d8000 00:11 1094                      anon_inode:i915.gem
7f24f96ed000-7f24f96ee000 r--p 00000000 00:01 4096                       /memfd:kwin-dmabuf-feedback-table (deleted)
7f24f96ee000-7f24f96ef000 rw-s 101abb000 00:11 1094                      anon_inode:i915.gem
7f24f96ef000-7f24f96f0000 rw-s 103f91000 00:11 1094                      anon_inode:i915.gem
7f24f96f0000-7f24f9700000 rw-s 103fe6000 00:11 1094                      anon_inode:i915.gem
7f24f9700000-7f24f9704000 ---p 00000000 00:00 0 
7f24f9704000-7f24f9800000 rw-p 00000000 00:00 0 
7f24f9800000-7f24f9810000 r--p 00000000 103:03 6422948                   /usr/lib/jvm/java-21-openjdk/lib/server/libjvm.so
7f24f9810000-7f24fa717000 r-xp 00010000 103:03 6422948                   /usr/lib/jvm/java-21-openjdk/lib/server/libjvm.so
7f24fa717000-7f24fa9ea000 r--p 00f17000 103:03 6422948                   /usr/lib/jvm/java-21-openjdk/lib/server/libjvm.so
7f24fa9ea000-7f24faac0000 r--p 011ea000 103:03 6422948                   /usr/lib/jvm/java-21-openjdk/lib/server/libjvm.so
7f24faac0000-7f24faaf0000 rw-p 012c0000 103:03 6422948                   /usr/lib/jvm/java-21-openjdk/lib/server/libjvm.so
7f24faaf0000-7f24fab56000 rw-p 00000000 00:00 0 
7f24fab56000-7f24fab57000 rw-s 1019b9000 00:11 1094                      anon_inode:i915.gem
7f24fab57000-7f24fab59000 r--p 00000000 103:03 5785193                   /usr/lib/libffi.so.8.2.0
7f24fab59000-7f24fab5f000 r-xp 00002000 103:03 5785193                   /usr/lib/libffi.so.8.2.0
7f24fab5f000-7f24fab60000 r--p 00008000 103:03 5785193                   /usr/lib/libffi.so.8.2.0
7f24fab60000-7f24fab61000 r--p 00009000 103:03 5785193                   /usr/lib/libffi.so.8.2.0
7f24fab61000-7f24fab62000 rw-p 0000a000 103:03 5785193                   /usr/lib/libffi.so.8.2.0
7f24fab62000-7f24fab63000 r--p 00000000 103:03 5770269                   /usr/lib/libpthread.so.0
7f24fab63000-7f24fab64000 r-xp 00001000 103:03 5770269                   /usr/lib/libpthread.so.0
7f24fab64000-7f24fab65000 r--p 00002000 103:03 5770269                   /usr/lib/libpthread.so.0
7f24fab65000-7f24fab66000 r--p 00002000 103:03 5770269                   /usr/lib/libpthread.so.0
7f24fab66000-7f24fab67000 rw-p 00003000 103:03 5770269                   /usr/lib/libpthread.so.0
7f24fab67000-7f24fab68000 r--p 00000000 103:03 5770247                   /usr/lib/libdl.so.2
7f24fab68000-7f24fab69000 r-xp 00001000 103:03 5770247                   /usr/lib/libdl.so.2
7f24fab69000-7f24fab6a000 r--p 00002000 103:03 5770247                   /usr/lib/libdl.so.2
7f24fab6a000-7f24fab6b000 r--p 00002000 103:03 5770247                   /usr/lib/libdl.so.2
7f24fab6b000-7f24fab6c000 rw-p 00003000 103:03 5770247                   /usr/lib/libdl.so.2
7f24fab6c000-7f24fab6e000 r--p 00000000 103:03 6422935                   /usr/lib/jvm/java-21-openjdk/lib/libzip.so
7f24fab6e000-7f24fab72000 r-xp 00002000 103:03 6422935                   /usr/lib/jvm/java-21-openjdk/lib/libzip.so
7f24fab72000-7f24fab74000 r--p 00006000 103:03 6422935                   /usr/lib/jvm/java-21-openjdk/lib/libzip.so
7f24fab74000-7f24fab75000 r--p 00007000 103:03 6422935                   /usr/lib/jvm/java-21-openjdk/lib/libzip.so
7f24fab75000-7f24fab76000 rw-p 00008000 103:03 6422935                   /usr/lib/jvm/java-21-openjdk/lib/libzip.so
7f24fab76000-7f24fab79000 r--p 00000000 103:03 6422926                   /usr/lib/jvm/java-21-openjdk/lib/libnet.so
7f24fab79000-7f24fab81000 r-xp 00003000 103:03 6422926                   /usr/lib/jvm/java-21-openjdk/lib/libnet.so
7f24fab81000-7f24fab83000 r--p 0000b000 103:03 6422926                   /usr/lib/jvm/java-21-openjdk/lib/libnet.so
7f24fab83000-7f24fab84000 r--p 0000c000 103:03 6422926                   /usr/lib/jvm/java-21-openjdk/lib/libnet.so
7f24fab84000-7f24fab85000 rw-p 0000d000 103:03 6422926                   /usr/lib/jvm/java-21-openjdk/lib/libnet.so
7f24fab85000-7f24fac00000 rw-p 00000000 00:00 0 
7f24fac00000-7f24fac24000 r--p 00000000 103:03 5770242                   /usr/lib/libc.so.6
7f24fac24000-7f24fad8e000 r-xp 00024000 103:03 5770242                   /usr/lib/libc.so.6
7f24fad8e000-7f24fae0d000 r--p 0018e000 103:03 5770242                   /usr/lib/libc.so.6
7f24fae0d000-7f24fae11000 r--p 0020c000 103:03 5770242                   /usr/lib/libc.so.6
7f24fae11000-7f24fae13000 rw-p 00210000 103:03 5770242                   /usr/lib/libc.so.6
7f24fae13000-7f24fae1b000 rw-p 00000000 00:00 0 
7f24fae1b000-7f24fae1c000 rw-s 1042b8000 00:11 1094                      anon_inode:i915.gem
7f24fae1c000-7f24fae1d000 rw-p 00000000 00:00 0 
7f24fae1d000-7f24fae1e000 rw-p 00000000 00:00 0 
7f24fae1e000-7f24fae25000 r--p 00000000 103:03 6422927                   /usr/lib/jvm/java-21-openjdk/lib/libnio.so
7f24fae25000-7f24fae2e000 r-xp 00007000 103:03 6422927                   /usr/lib/jvm/java-21-openjdk/lib/libnio.so
7f24fae2e000-7f24fae32000 r--p 00010000 103:03 6422927                   /usr/lib/jvm/java-21-openjdk/lib/libnio.so
7f24fae32000-7f24fae33000 r--p 00014000 103:03 6422927                   /usr/lib/jvm/java-21-openjdk/lib/libnio.so
7f24fae33000-7f24fae34000 rw-p 00015000 103:03 6422927                   /usr/lib/jvm/java-21-openjdk/lib/libnio.so
7f24fae34000-7f24fae35000 r--p 00000000 103:03 5770290                   /usr/lib/locale/C.utf8/LC_NUMERIC
7f24fae35000-7f24fae36000 r--p 00000000 103:03 5770293                   /usr/lib/locale/C.utf8/LC_TIME
7f24fae36000-7f24fae37000 r--p 00000000 103:03 5770282                   /usr/lib/locale/C.utf8/LC_COLLATE
7f24fae37000-7f24fae38000 r--p 00000000 103:03 5770288                   /usr/lib/locale/C.utf8/LC_MONETARY
7f24fae38000-7f24fae79000 rw-p 00000000 00:00 0 
7f24fae79000-7f24fae83000 r--p 00000000 103:03 6422911                   /usr/lib/jvm/java-21-openjdk/lib/libjava.so
7f24fae83000-7f24fae91000 r-xp 0000a000 103:03 6422911                   /usr/lib/jvm/java-21-openjdk/lib/libjava.so
7f24fae91000-7f24fae96000 r--p 00018000 103:03 6422911                   /usr/lib/jvm/java-21-openjdk/lib/libjava.so
7f24fae96000-7f24fae97000 r--p 0001d000 103:03 6422911                   /usr/lib/jvm/java-21-openjdk/lib/libjava.so
7f24fae97000-7f24fae98000 rw-p 0001e000 103:03 6422911                   /usr/lib/jvm/java-21-openjdk/lib/libjava.so
7f24fae98000-7f24fae99000 rw-p 00000000 00:00 0 
7f24fae99000-7f24fae9d000 r--p 00000000 103:03 5771047                   /usr/lib/libgcc_s.so.1
7f24fae9d000-7f24faec1000 r-xp 00004000 103:03 5771047                   /usr/lib/libgcc_s.so.1
7f24faec1000-7f24faec5000 r--p 00028000 103:03 5771047                   /usr/lib/libgcc_s.so.1
7f24faec5000-7f24faec6000 r--p 0002c000 103:03 5771047                   /usr/lib/libgcc_s.so.1
7f24faec6000-7f24faec7000 rw-p 0002d000 103:03 5771047                   /usr/lib/libgcc_s.so.1
7f24faec7000-7f24faed7000 r--p 00000000 103:03 5770252                   /usr/lib/libm.so.6
7f24faed7000-7f24faf70000 r-xp 00010000 103:03 5770252                   /usr/lib/libm.so.6
7f24faf70000-7f24faff6000 r--p 000a9000 103:03 5770252                   /usr/lib/libm.so.6
7f24faff6000-7f24faff7000 r--p 0012f000 103:03 5770252                   /usr/lib/libm.so.6
7f24faff7000-7f24faff8000 rw-p 00130000 103:03 5770252                   /usr/lib/libm.so.6
7f24faff8000-7f24faffa000 rw-p 00000000 00:00 0 
7f24faffa000-7f24faffd000 r--p 00000000 103:03 5774960                   /usr/lib/libz.so.1.3.2
7f24faffd000-7f24fb00c000 r-xp 00003000 103:03 5774960                   /usr/lib/libz.so.1.3.2
7f24fb00c000-7f24fb012000 r--p 00012000 103:03 5774960                   /usr/lib/libz.so.1.3.2
7f24fb012000-7f24fb013000 r--p 00018000 103:03 5774960                   /usr/lib/libz.so.1.3.2
7f24fb013000-7f24fb014000 rw-p 00019000 103:03 5774960                   /usr/lib/libz.so.1.3.2
7f24fb014000-7f24fb015000 r--p 00000000 103:03 5770287                   /usr/lib/locale/C.utf8/LC_MESSAGES/SYS_LC_MESSAGES
7f24fb015000-7f24fb016000 r--p 00000000 103:03 5770291                   /usr/lib/locale/C.utf8/LC_PAPER
7f24fb016000-7f24fb017000 r--p 00000000 103:03 5770289                   /usr/lib/locale/C.utf8/LC_NAME
7f24fb017000-7f24fb018000 r--p 00000000 103:03 5770281                   /usr/lib/locale/C.utf8/LC_ADDRESS
7f24fb018000-7f24fb019000 r--p 00000000 103:03 5770292                   /usr/lib/locale/C.utf8/LC_TELEPHONE
7f24fb019000-7f24fb01a000 r--p 00000000 103:03 5770285                   /usr/lib/locale/C.utf8/LC_MEASUREMENT
7f24fb01a000-7f24fb01b000 r--p 00000000 103:03 5770284                   /usr/lib/locale/C.utf8/LC_IDENTIFICATION
7f24fb01b000-7f24fb020000 rw-p 00000000 00:00 0 
7f24fb020000-7f24fb027000 ---p 00000000 00:00 0 
7f24fb027000-7f24fb02f000 rw-s 00000000 103:03 524409                    /tmp/hsperfdata_oli/8961
7f24fb02f000-7f24fb030000 ---p 00000000 00:00 0 
7f24fb030000-7f24fb031000 r--p 00000000 00:00 0 
7f24fb031000-7f24fb032000 ---p 00000000 00:00 0 
7f24fb032000-7f24fb033000 r--p 00000000 103:03 6422915                   /usr/lib/jvm/java-21-openjdk/lib/libjimage.so
7f24fb033000-7f24fb035000 r-xp 00001000 103:03 6422915                   /usr/lib/jvm/java-21-openjdk/lib/libjimage.so
7f24fb035000-7f24fb036000 r--p 00003000 103:03 6422915                   /usr/lib/jvm/java-21-openjdk/lib/libjimage.so
7f24fb036000-7f24fb037000 r--p 00004000 103:03 6422915                   /usr/lib/jvm/java-21-openjdk/lib/libjimage.so
7f24fb037000-7f24fb038000 rw-p 00005000 103:03 6422915                   /usr/lib/jvm/java-21-openjdk/lib/libjimage.so
7f24fb038000-7f24fb03a000 r--p 00000000 103:03 6422916                   /usr/lib/jvm/java-21-openjdk/lib/libjli.so
7f24fb03a000-7f24fb044000 r-xp 00002000 103:03 6422916                   /usr/lib/jvm/java-21-openjdk/lib/libjli.so
7f24fb044000-7f24fb047000 r--p 0000c000 103:03 6422916                   /usr/lib/jvm/java-21-openjdk/lib/libjli.so
7f24fb047000-7f24fb048000 r--p 0000f000 103:03 6422916                   /usr/lib/jvm/java-21-openjdk/lib/libjli.so
7f24fb048000-7f24fb049000 rw-p 00010000 103:03 6422916                   /usr/lib/jvm/java-21-openjdk/lib/libjli.so
7f24fb049000-7f24fb04b000 rw-p 00000000 00:00 0 
7f24fb04b000-7f24fb04f000 r--p 00000000 00:00 0                          [vvar]
7f24fb04f000-7f24fb051000 r--p 00000000 00:00 0                          [vvar_vclock]
7f24fb051000-7f24fb053000 r-xp 00000000 00:00 0                          [vdso]
7f24fb053000-7f24fb054000 r--p 00000000 103:03 5770233                   /usr/lib/ld-linux-x86-64.so.2
7f24fb054000-7f24fb07d000 r-xp 00001000 103:03 5770233                   /usr/lib/ld-linux-x86-64.so.2
7f24fb07d000-7f24fb08d000 r--p 0002a000 103:03 5770233                   /usr/lib/ld-linux-x86-64.so.2
7f24fb08d000-7f24fb08f000 r--p 0003a000 103:03 5770233                   /usr/lib/ld-linux-x86-64.so.2
7f24fb08f000-7f24fb090000 rw-p 0003c000 103:03 5770233                   /usr/lib/ld-linux-x86-64.so.2
7f24fb090000-7f24fb091000 rw-p 00000000 00:00 0 
7ffcfc1ee000-7ffcfc210000 rw-p 00000000 00:00 0                          [stack]
ffffffffff600000-ffffffffff601000 --xp 00000000 00:00 0                  [vsyscall]
Total number of mappings: 496

JVMTI agents: none


VM Arguments:
jvm_args: -Dfile.encoding=UTF-8 
java_command: com.minesweeper.Main
java_class_path (initial): /home/oli/Programming/MineSweeper/target/classes:/home/oli/.m2/repository/org/lwjgl/lwjgl/3.4.1/lwjgl-3.4.1.jar:/home/oli/.m2/repository/org/lwjgl/lwjgl-freetype/3.4.1/lwjgl-freetype-3.4.1.jar:/home/oli/.m2/repository/org/lwjgl/lwjgl-glfw/3.4.1/lwjgl-glfw-3.4.1.jar:/home/oli/.m2/repository/org/lwjgl/lwjgl-nuklear/3.4.1/lwjgl-nuklear-3.4.1.jar:/home/oli/.m2/repository/org/lwjgl/lwjgl-opengl/3.4.1/lwjgl-opengl-3.4.1.jar:/home/oli/.m2/repository/org/lwjgl/lwjgl-sdl/3.4.1/lwjgl-sdl-3.4.1.jar:/home/oli/.m2/repository/org/lwjgl/lwjgl-stb/3.4.1/lwjgl-stb-3.4.1.jar:/home/oli/.m2/repository/org/lwjgl/lwjgl/3.4.1/lwjgl-3.4.1-natives-linux.jar:/home/oli/.m2/repository/org/lwjgl/lwjgl-freetype/3.4.1/lwjgl-freetype-3.4.1-natives-linux.jar:/home/oli/.m2/repository/org/lwjgl/lwjgl-glfw/3.4.1/lwjgl-glfw-3.4.1-natives-linux.jar:/home/oli/.m2/repository/org/lwjgl/lwjgl-nuklear/3.4.1/lwjgl-nuklear-3.4.1-natives-linux.jar:/home/oli/.m2/repository/org/lwjgl/lwjgl-opengl/3.4.1/lwjgl-opengl-3.4.1-natives-linux.jar:/home/oli/.m2/repository/org/lwjgl/lwjgl-sdl/3.4.1/lwjgl-sdl-3.4.1-natives-linux.jar:/home/oli/.m2/repository/org/lwjgl/lwjgl-stb/3.4.1/lwjgl-stb-3.4.1-natives-linux.jar:/home/oli/.m2/repository/org/joml/joml/1.10.8/joml-1.10.8.jar
Launcher Type: SUN_STANDARD

[Global flags]
     intx CICompilerCount                          = 4                                         {product} {ergonomic}
     uint ConcGCThreads                            = 2                                         {product} {ergonomic}
     uint G1ConcRefinementThreads                  = 8                                         {product} {ergonomic}
   size_t G1HeapRegionSize                         = 1048576                                   {product} {ergonomic}
    uintx GCDrainStackTargetSize                   = 64                                        {product} {ergonomic}
   size_t InitialHeapSize                          = 125829120                                 {product} {ergonomic}
   size_t MarkStackSize                            = 4194304                                   {product} {ergonomic}
   size_t MaxHeapSize                              = 1988100096                                {product} {ergonomic}
   size_t MaxNewSize                               = 1192230912                                {product} {ergonomic}
   size_t MinHeapDeltaBytes                        = 1048576                                   {product} {ergonomic}
   size_t MinHeapSize                              = 8388608                                   {product} {ergonomic}
    uintx NonNMethodCodeHeapSize                   = 5839372                                {pd product} {ergonomic}
    uintx NonProfiledCodeHeapSize                  = 122909434                              {pd product} {ergonomic}
    uintx ProfiledCodeHeapSize                     = 122909434                              {pd product} {ergonomic}
    uintx ReservedCodeCacheSize                    = 251658240                              {pd product} {ergonomic}
     bool SegmentedCodeCache                       = true                                      {product} {ergonomic}
   size_t SoftMaxHeapSize                          = 1988100096                             {manageable} {ergonomic}
     bool UseCompressedOops                        = true                           {product lp64_product} {ergonomic}
     bool UseG1GC                                  = true                                      {product} {ergonomic}

Logging:
Log output configuration:
 #0: stdout all=warning uptime,level,tags foldmultilines=false
 #1: stderr all=off uptime,level,tags foldmultilines=false

Release file:
IMPLEMENTOR="Artix Linux"
JAVA_RUNTIME_VERSION="21.0.11+10"
JAVA_VERSION="21.0.11"
JAVA_VERSION_DATE="2026-04-21"
LIBC="gnu"
MODULES="java.base java.compiler java.datatransfer java.xml java.prefs java.desktop java.instrument java.logging java.management java.security.sasl java.naming java.rmi java.management.rmi java.net.http java.scripting java.security.jgss java.transaction.xa java.sql java.sql.rowset java.xml.crypto java.se java.smartcardio jdk.accessibility jdk.internal.jvmstat jdk.attach jdk.charsets jdk.internal.opt jdk.zipfs jdk.compiler jdk.crypto.ec jdk.crypto.cryptoki jdk.dynalink jdk.internal.ed jdk.editpad jdk.hotspot.agent jdk.httpserver jdk.incubator.vector jdk.internal.le jdk.internal.vm.ci jdk.internal.vm.compiler jdk.internal.vm.compiler.management jdk.jartool jdk.javadoc jdk.jcmd jdk.management jdk.management.agent jdk.jconsole jdk.jdeps jdk.jdwp.agent jdk.jdi jdk.jfr jdk.jlink jdk.jpackage jdk.jshell jdk.jsobject jdk.jstatd jdk.localedata jdk.management.jfr jdk.naming.dns jdk.naming.rmi jdk.net jdk.nio.mapmode jdk.random jdk.sctp jdk.security.auth jdk.security.jgss jdk.unsupported jdk.unsupported.desktop jdk.xml.dom"
OS_ARCH="x86_64"
OS_NAME="Linux"
SOURCE=""

Environment Variables:
JAVA_HOME=/usr/lib/jvm/default
PATH=/usr/local/sbin:/usr/local/bin:/usr/bin:/usr/lib/jvm/default/bin:/usr/bin/site_perl:/usr/bin/vendor_perl:/usr/bin/core_perl
SHELL=/usr/bin/fish
DISPLAY=:1
WAYLAND_DISPLAY=wayland-0
LANG=C.UTF-8

Active Locale:
LC_ALL=C.UTF-8
LC_COLLATE=C.UTF-8
LC_CTYPE=C.UTF-8
LC_MESSAGES=C.UTF-8
LC_MONETARY=C.UTF-8
LC_NUMERIC=C.UTF-8
LC_TIME=C.UTF-8

Signal Handlers:
   SIGSEGV: 0x00007f24fa60e240 in libjvm.so+14737984, mask=11100100010111111101111111111110, flags=SA_RESTART|SA_SIGINFO, unblocked
    SIGBUS: 0x00007f24fa60e240 in libjvm.so+14737984, mask=11100100010111111101111111111110, flags=SA_RESTART|SA_SIGINFO, unblocked
    SIGFPE: 0x00007f24fa60e240 in libjvm.so+14737984, mask=11100100010111111101111111111110, flags=SA_RESTART|SA_SIGINFO, unblocked
   SIGPIPE: 0x00007f24fa467700 in libjvm.so+13006592, mask=11100100010111111101111111111110, flags=SA_RESTART|SA_SIGINFO, blocked
   SIGXFSZ: 0x00007f24fa467700 in libjvm.so+13006592, mask=11100100010111111101111111111110, flags=SA_RESTART|SA_SIGINFO, blocked
    SIGILL: 0x00007f24fa60e240 in libjvm.so+14737984, mask=11100100010111111101111111111110, flags=SA_RESTART|SA_SIGINFO, unblocked
   SIGUSR2: 0x00007f24fa469020 in libjvm.so+13013024, mask=00000000000000000000000000000000, flags=SA_RESTART|SA_SIGINFO, blocked
    SIGHUP: 0x00007f24fa466a60 in libjvm.so+13003360, mask=11100100010111111101111111111110, flags=SA_RESTART|SA_SIGINFO, blocked
    SIGINT: SIG_IGN, mask=00000000000000000000000000000000, flags=none, blocked
   SIGTERM: 0x00007f24fa466a60 in libjvm.so+13003360, mask=11100100010111111101111111111110, flags=SA_RESTART|SA_SIGINFO, blocked
   SIGQUIT: 0x00007f24fa466a60 in libjvm.so+13003360, mask=11100100010111111101111111111110, flags=SA_RESTART|SA_SIGINFO, blocked
   SIGTRAP: 0x00007f24fa60e240 in libjvm.so+14737984, mask=11100100010111111101111111111110, flags=SA_RESTART|SA_SIGINFO, unblocked


Periodic native trim disabled

---------------  S Y S T E M  ---------------

OS:
NAME="Artix Linux"
PRETTY_NAME="Artix Linux"
ID=artix
BUILD_ID=rolling
ANSI_COLOR="38;2;23;147;209"
HOME_URL="https://artixlinux.org/"
DOCUMENTATION_URL="https://wiki.artixlinux.org/"
SUPPORT_URL="https://forum.artixlinux.org/"
BUG_REPORT_URL="https://bugs.artixlinux.org/"
PRIVACY_POLICY_URL="https://terms.artixlinux.org/docs/privacy-policy/"
LOGO=artixlinux-logo
uname: Linux 7.0.10-artix1-1 #1 SMP PREEMPT_DYNAMIC Sat, 23 May 2026 18:01:41 +0000 x86_64
OS uptime: 0 days 4:02 hours
libc: glibc 2.43 NPTL 2.43 
rlimit (soft/hard): STACK 8192k/infinity , CORE 0k/infinity , NPROC 30192/30192 , NOFILE 4096/4096 , AS infinity/infinity , CPU infinity/infinity , DATA infinity/infinity , FSIZE infinity/infinity , MEMLOCK 8192k/8192k
load average: 1.00 0.78 0.76

/proc/meminfo:
MemTotal:        7759256 kB
MemFree:         1878708 kB
MemAvailable:    2614560 kB
Buffers:           45252 kB
Cached:          1313804 kB
SwapCached:      2041600 kB
Active:          3317540 kB
Inactive:         848072 kB
Active(anon):    3204620 kB
Inactive(anon):    28768 kB
Active(file):     112920 kB
Inactive(file):   819304 kB
Unevictable:      502492 kB
Mlocked:               0 kB
SwapTotal:      16777212 kB
SwapFree:       12542884 kB
Zswap:            749508 kB
Zswapped:        2061684 kB
Dirty:              6764 kB
Writeback:             0 kB
AnonPages:       3152048 kB
Mapped:           567268 kB
Shmem:            574304 kB
KReclaimable:      57480 kB
Slab:             255332 kB
SReclaimable:      57480 kB
SUnreclaim:       197852 kB
KernelStack:       22432 kB
PageTables:        51528 kB
SecPageTables:      2056 kB
NFS_Unstable:          0 kB
Bounce:                0 kB
WritebackTmp:          0 kB
CommitLimit:    20656840 kB
Committed_AS:   15505264 kB
VmallocTotal:   34359738367 kB
VmallocUsed:       72164 kB
VmallocChunk:          0 kB
Percpu:             3072 kB
HardwareCorrupted:     0 kB
AnonHugePages:      8192 kB
ShmemHugePages:   331776 kB
ShmemPmdMapped:     6144 kB
FileHugePages:     63488 kB
FilePmdMapped:     63488 kB
CmaTotal:              0 kB
CmaFree:               0 kB
Unaccepted:            0 kB
Balloon:               0 kB
HugePages_Total:       0
HugePages_Free:        0
HugePages_Rsvd:        0
HugePages_Surp:        0
Hugepagesize:       2048 kB
Hugetlb:               0 kB
DirectMap4k:      158624 kB
DirectMap2M:     3670016 kB
DirectMap1G:     4194304 kB

/sys/kernel/mm/transparent_hugepage/enabled: [always] madvise never
/sys/kernel/mm/transparent_hugepage/hpage_pmd_size: 2097152
/sys/kernel/mm/transparent_hugepage/defrag (defrag/compaction efforts parameter): always defer defer+madvise [madvise] never

Process Memory:
Virtual Size: 5439296K (peak: 5493188K)
Resident Set Size: 146224K (peak: 146224K) (anon: 51228K, file: 94992K, shmem: 4K)
Swapped out: 0K
C-Heap outstanding allocations: 38052K, retained: 3507K
glibc malloc tunables: (default)

/proc/sys/kernel/threads-max (system-wide limit on the number of threads): 60384
/proc/sys/vm/max_map_count (maximum number of memory map areas a process may have): 1048576
/proc/sys/vm/swappiness (control to define how aggressively the kernel swaps out anonymous memory): 60
/proc/sys/kernel/pid_max (system-wide limit on number of process identifiers): 32768

container information not found.
Steal ticks since vm start: 0
Steal ticks percentage since vm start:  0.000

CPU: total 8 (initial active 8) (4 cores per cpu, 2 threads per core) family 6 model 140 stepping 1 microcode 0xa6, cx8, cmov, fxsr, ht, mmx, 3dnowpref, sse, sse2, sse3, ssse3, sse4.1, sse4.2, popcnt, lzcnt, tsc, tscinvbit, avx, avx2, aes, erms, clmul, bmi1, bmi2, adx, avx512f, avx512dq, avx512cd, avx512bw, avx512vl, sha, fma, vzeroupper, avx512_vpopcntdq, avx512_vpclmulqdq, avx512_vaes, avx512_vnni, clflush, clflushopt, clwb, avx512_vbmi2, avx512_vbmi, rdtscp, rdpid, fsrm, gfni, avx512_bitalg, f16c, pku, ospke, cet_ibt, cet_ss, avx512_ifma
CPU Model and flags from /proc/cpuinfo:
model name	: 11th Gen Intel(R) Core(TM) i7-1165G7 @ 2.80GHz
flags		: fpu vme de pse tsc msr pae mce cx8 apic sep mtrr pge mca cmov pat pse36 clflush dts acpi mmx fxsr sse sse2 ss ht tm pbe syscall nx pdpe1gb rdtscp lm constant_tsc art arch_perfmon pebs bts rep_good nopl xtopology nonstop_tsc cpuid aperfmperf tsc_known_freq pni pclmulqdq dtes64 monitor ds_cpl vmx est tm2 ssse3 sdbg fma cx16 xtpr pdcm pcid sse4_1 sse4_2 x2apic movbe popcnt tsc_deadline_timer aes xsave avx f16c rdrand lahf_lm abm 3dnowprefetch cpuid_fault epb cat_l2 cdp_l2 ssbd ibrs ibpb stibp ibrs_enhanced tpr_shadow flexpriority ept vpid ept_ad fsgsbase tsc_adjust bmi1 avx2 smep bmi2 erms invpcid rdt_a avx512f avx512dq rdseed adx smap avx512ifma clflushopt clwb intel_pt avx512cd sha_ni avx512bw avx512vl xsaveopt xsavec xgetbv1 xsaves split_lock_detect user_shstk dtherm ida arat pln pts hwp hwp_notify hwp_act_window hwp_epp hwp_pkg_req vnmi avx512vbmi umip pku ospke avx512_vbmi2 gfni vaes vpclmulqdq avx512_vnni avx512_bitalg avx512_vpopcntdq rdpid movdiri movdir64b fsrm avx512_vp2intersect md_clear ibt flush_l1d arch_capabilities

Online cpus: 0-7
Offline cpus: 
BIOS frequency limitation: <Not Available>
Frequency switch latency (ns): 0
Available cpu frequencies: <Not Available>
Current governor: powersave
Core performance/turbo boost: <Not Available>

Memory: 4k page, physical 7759256k(2614560k free), swap 16777212k(12542884k free)
Page Sizes: 4k

vm_info: OpenJDK 64-Bit Server VM (21.0.11+10) for linux-amd64 JRE (21.0.11+10), built on 2026-04-24T10:43:20Z by "builduser" with gcc 15.2.1 20260209

END.
