#
# A fatal error has been detected by the Java Runtime Environment:
#
#  SIGSEGV (0xb) at pc=0x00007fd96cc496ed, pid=8068, tid=8069
#
# JRE version: OpenJDK Runtime Environment (21.0.11+10) (build 21.0.11+10)
# Java VM: OpenJDK 64-Bit Server VM (21.0.11+10, mixed mode, sharing, tiered, compressed oops, compressed class ptrs, g1 gc, linux-amd64)
# Problematic frame:
# C  [libSDL3.so+0x496ed]
#
# No core dump will be written. Core dumps have been disabled. To enable core dumping, try "ulimit -c unlimited" before starting Java again
#
# If you would like to submit a bug report, please visit:
#   https://bugreport.java.com/bugreport/crash.jsp
# The crash happened outside the Java Virtual Machine in native code.
# See problematic frame for where to report the bug.
#

---------------  S U M M A R Y ------------

Command Line: -Dfile.encoding=UTF-8 com.minesweeper.Main

Host: 11th Gen Intel(R) Core(TM) i7-1165G7 @ 2.80GHz, 8 cores, 7G, Artix Linux
Time: Tue Jun 16 13:11:05 2026 NZST elapsed time: 0.987556 seconds (0d 0h 0m 0s)

---------------  T H R E A D  ---------------

Current thread (0x00007fd994019ca0):  JavaThread "main"             [_thread_in_native, id=8069, stack(0x00007fd99bd00000,0x00007fd99be00000) (1024K)]

Stack: [0x00007fd99bd00000,0x00007fd99be00000],  sp=0x00007fd99bdfe728,  free space=1017k
Native frames: (J=compiled Java code, j=interpreted, Vv=VM code, C=native code)
C  [libSDL3.so+0x496ed]
j  org.lwjgl.sdl.SDLMouse.nSDL_GetMouseState(JJ)I+9
j  org.lwjgl.sdl.SDLMouse.SDL_GetMouseState(Ljava/nio/FloatBuffer;Ljava/nio/FloatBuffer;)I+24
j  com.minesweeper.Main.init()V+188
j  com.minesweeper.Main.main([Ljava/lang/String;)V+8
v  ~StubRoutines::call_stub 0x00007fd983937cc6
V  [libjvm.so+0x6c776a]
V  [libjvm.so+0x777356]
V  [libjvm.so+0x779ca5]
C  [libjli.so+0x4db5]
C  [libjli.so+0x7e6e]
Java frames: (J=compiled Java code, j=interpreted, Vv=VM code)
j  org.lwjgl.system.JNI.invokePPI(JJJ)I+0
j  org.lwjgl.sdl.SDLMouse.nSDL_GetMouseState(JJ)I+9
j  org.lwjgl.sdl.SDLMouse.SDL_GetMouseState(Ljava/nio/FloatBuffer;Ljava/nio/FloatBuffer;)I+24
j  com.minesweeper.Main.init()V+188
j  com.minesweeper.Main.main([Ljava/lang/String;)V+8
v  ~StubRoutines::call_stub 0x00007fd983937cc6

siginfo: si_signo: 11 (SIGSEGV), si_code: 1 (SEGV_MAPERR), si_addr: 0x0000000000000010

Registers:
RAX=0x00007fd96df27be0, RBX=0x00007fd91b480140, RCX=0x0000000000000010, RDX=0x0000000000000010
RSP=0x00007fd99bdfe728, RBP=0x00007fd99bdfe7a8, RSI=0x0000000000000010, RDI=0x0000000000000010
R8 =0x00007fd96cc3a1b0, R9 =0x00007fd9941d5770, R10=0x00007fd983943a91, R11=0x0000000090ce6010
R12=0x0000000000000000, R13=0x00007fd91b480140, R14=0x00007fd99bdfe7f0, R15=0x00007fd994019ca0
RIP=0x00007fd96cc496ed, EFLAGS=0x0000000000210202, CSGSFS=0x002b000000000033, ERR=0x0000000000000006
  TRAPNO=0x000000000000000e

XMM[0]=0x0000000000000000 0x0000000043359600
XMM[1]=0xc300007fd983940f 0xd5b848d8468b4de8
XMM[2]=0x00007fd99401a400 0x00007fd99401a3f0
XMM[3]=0x0000000001726f73 0x727543004a4a4a5f
XMM[4]=0x0000000000001411 0x6f72747365440d00
XMM[5]=0x0000000000000000 0x00007fd99401b6a4
XMM[6]=0x0000000000000000 0x00007fd92001e098
XMM[7]=0x0000000000000000 0x00007fd92001e098
XMM[8]=0xee98c36ba32da04b 0x01b3f322a8150760
XMM[9]=0x438dbbfb438dbbfb 0x438dbbfb409d82e7
XMM[10]=0x0000000000000000 0x00000000fd0fc6ec
XMM[11]=0x6e4f296f6e4f296f 0x6e4f296faeecac56
XMM[12]=0x0000000000000000 0x00000000409d82e7
XMM[13]=0x0000000000000000 0x00c0000000c00000
XMM[14]=0x0000000000000000 0x0000000300000003
XMM[15]=0x0000000000000000 0x000000c0000000c0
  MXCSR=0x00001fa2


Register to memory mapping:

RAX=0x00007fd96df27be0: Java_org_lwjgl_system_JNI_invokePPI__JJJ+0x0000000000000000 in /tmp/lwjgl_oli/3.4.1+2/x64/liblwjgl.so at 0x00007fd96df26000
RBX={method} {0x00007fd91b480140} 'invokePPI' '(JJJ)I' in 'org/lwjgl/system/JNI'
RCX=0x0000000000000010 is an unknown value
RDX=0x0000000000000010 is an unknown value
RSP=0x00007fd99bdfe728 is pointing into the stack for thread: 0x00007fd994019ca0
RBP=0x00007fd99bdfe7a8 is pointing into the stack for thread: 0x00007fd994019ca0
RSI=0x0000000000000010 is an unknown value
RDI=0x0000000000000010 is an unknown value
R8 =0x00007fd96cc3a1b0: SDL_GetMouseState+0x0000000000000000 in /tmp/lwjgl_oli/3.4.1+2/x64/libSDL3.so at 0x00007fd96cc00000
R9 =0x00007fd9941d5770 points into unknown readable memory: 0x00007fd91b4011c8 | c8 11 40 1b d9 7f 00 00
R10=0x00007fd983943a91 is at code_begin+1009 in an Interpreter codelet
native method entry point (kind = native)  [0x00007fd9839436a0, 0x00007fd983944210]  2928 bytes
R11=0x0000000090ce6010 is an oop: java.lang.Class 
{0x0000000090ce6010} - klass: 'java/lang/Class'
 - ---- fields (total size 14 words):
 - private volatile transient 'classRedefinedCount' 'I' @12  0 (0x00000000)
 - injected 'klass' 'J' @16  140570521556648 (0x00007fd92000d6a8)
 - injected 'array_klass' 'J' @24  0 (0x0000000000000000)
 - injected 'oop_size' 'I' @32  14 (0x0000000e)
 - injected 'static_oop_field_count' 'I' @36  0 (0x00000000)
 - private volatile transient 'cachedConstructor' 'Ljava/lang/reflect/Constructor;' @40  null (0x00000000)
 - private transient 'name' 'Ljava/lang/String;' @44  "org.lwjgl.system.JNI"{0x0000000090ce6090} (0x90ce6090)
 - private transient 'module' 'Ljava/lang/Module;' @48  a 'java/lang/Module'{0x00000000ffeecf10} (0xffeecf10)
 - private final 'classLoader' 'Ljava/lang/ClassLoader;' @52  a 'jdk/internal/loader/ClassLoaders$AppClassLoader'{0x00000000ffeecea8} (0xffeecea8)
 - private transient 'classData' 'Ljava/lang/Object;' @56  null (0x00000000)
 - private transient 'packageName' 'Ljava/lang/String;' @60  "org.lwjgl.system"{0x0000000090e7db00} (0x90e7db00)
 - private final 'componentType' 'Ljava/lang/Class;' @64  null (0x00000000)
 - private volatile transient 'reflectionData' 'Ljava/lang/ref/SoftReference;' @68  null (0x00000000)
 - private volatile transient 'genericInfo' 'Lsun/reflect/generics/repository/ClassRepository;' @72  null (0x00000000)
 - private volatile transient 'enumConstants' '[Ljava/lang/Object;' @76  null (0x00000000)
 - private volatile transient 'enumConstantDirectory' 'Ljava/util/Map;' @80  null (0x00000000)
 - private volatile transient 'annotationData' 'Ljava/lang/Class$AnnotationData;' @84  null (0x00000000)
 - private volatile transient 'annotationType' 'Lsun/reflect/annotation/AnnotationType;' @88  null (0x00000000)
 - transient 'classValueMap' 'Ljava/lang/ClassValue$ClassValueMap;' @92  null (0x00000000)
 - injected 'protection_domain' 'Ljava/lang/Object;' @96  a 'java/security/ProtectionDomain'{0x0000000090e81a10} (0x90e81a10)
 - injected 'signers_name' 'Ljava/lang/Object;' @100  null (0x00000000)
 - injected 'source_file' 'Ljava/lang/Object;' @104  null (0x00000000)
 - injected '<init_lock>' 'Ljava/lang/Object;' @108  null (0x00000000)
 - signature: Lorg/lwjgl/system/JNI;
 - ---- static fields (0):
R12=0x0 is null
R13={method} {0x00007fd91b480140} 'invokePPI' '(JJJ)I' in 'org/lwjgl/system/JNI'
R14=0x00007fd99bdfe7f0 is pointing into the stack for thread: 0x00007fd994019ca0
R15=0x00007fd994019ca0 is a thread

Top of Stack: (sp=0x00007fd99bdfe728)
0x00007fd99bdfe728:   00007fd983943ac0 00007fd91b480140   .:......@.H.....
0x00007fd99bdfe738:   0000000000000000 00007fd99bdfe7a8   ................
0x00007fd99bdfe748:   00007fd983943797 00007fd98393ea90   .7..............
0x00007fd99bdfe758:   00007fd98394375f 00007fd99bdfe760   _7......`.......
0x00007fd99bdfe768:   00007fd91b480140 0000000000000009   @.H.............
0x00007fd99bdfe778:   00007fd91b4c3d30 0000000000000000   0=L.............
0x00007fd99bdfe788:   0000000090ce6010 00007fd91b480140   .`......@.H.....
0x00007fd99bdfe798:   0000000000000000 00007fd99bdfe7c8   ................
0x00007fd99bdfe7a8:   00007fd99bdfe840 00007fd98393f2a8   @...............
0x00007fd99bdfe7b8:   0000000090ce6010 00007fd983940fd5   .`..............
0x00007fd99bdfe7c8:   00007fd96cc3a1b0 0000000000000000   ...l............
0x00007fd99bdfe7d8:   0000000000000010 0000000000000000   ................
0x00007fd99bdfe7e8:   0000000000000010 0000000000000000   ................
0x00007fd99bdfe7f8:   00007fd99bdfe7f8 00007fd91b5c63b9   .........c\.....
0x00007fd99bdfe808:   0000000000000007 00007fd91b5c8100   ..........\.....
0x00007fd99bdfe818:   0000000000000000 00000000909d39d0   .........9......
0x00007fd99bdfe828:   00007fd91b5c63f0 00007fd99bdfe7c8   .c\.............
0x00007fd99bdfe838:   00007fd99bdfe860 00007fd99bdfe8c8   `...............
0x00007fd99bdfe848:   00007fd98393f2a8 00007fd96cc3a1b0   ...........l....
0x00007fd99bdfe858:   0000000000000000 0000000000000010   ................
0x00007fd99bdfe868:   0000000000000000 0000000000000010   ................
0x00007fd99bdfe878:   0000000000000000 00007fd99bdfe880   ................
0x00007fd99bdfe888:   00007fd91b5c6498 0000000000000003   .d\.............
0x00007fd99bdfe898:   00007fd91b5c8100 0000000000000000   ..\.............
0x00007fd99bdfe8a8:   00000000909d39d0 00007fd91b5c64d8   .9.......d\.....
0x00007fd99bdfe8b8:   00007fd99bdfe860 00007fd99bdfe8d8   `...............
0x00007fd99bdfe8c8:   00007fd99bdfe930 00007fd98393f2a8   0...............
0x00007fd99bdfe8d8:   00000000909ca928 00000000909ca8d0   (...............
0x00007fd99bdfe8e8:   00007fd99bdfe8e8 00007fd91b401314   ..........@.....
0x00007fd99bdfe8f8:   0000000000000009 00007fd91b402000   ......... @.....
0x00007fd99bdfe908:   00007fd91b5c0448 0000000090f18f00   H.\.............
0x00007fd99bdfe918:   00007fd91b401500 00007fd99bdfe8d8   ..@.............

Instructions: (pc=0x00007fd96cc496ed)
0x00007fd96cc495ed:   83 c4 18 c3 0f 1f 80 00 00 00 00 48 8b 3d 19 cb
0x00007fd96cc495fd:   38 00 48 85 ff 74 da 48 8b 07 48 85 c0 74 0c 48
0x00007fd96cc4960d:   63 50 0c 48 8b 40 10 48 8b 3c d0 48 8b 05 f9 c9
0x00007fd96cc4961d:   38 00 48 85 c0 74 c8 48 83 c4 18 ff e0 66 0f 1f
0x00007fd96cc4962d:   44 00 00 80 3d 8a ca 38 00 00 48 8b 3d e2 ca 38
0x00007fd96cc4963d:   00 74 bf 80 3d 7c ca 38 00 00 74 b6 31 ff eb 93
0x00007fd96cc4964d:   0f 1f 00 c3 66 66 2e 0f 1f 84 00 00 00 00 00 0f
0x00007fd96cc4965d:   1f 40 00 48 85 ff 74 3b b8 01 00 00 00 f6 47 49
0x00007fd96cc4966d:   40 75 32 66 0f ef d2 31 c0 0f 2f d0 77 27 0f 2f
0x00007fd96cc4967d:   d1 77 22 66 0f ef d2 f3 0f 2a 57 20 0f 2f c2 73
0x00007fd96cc4968d:   14 66 0f ef c0 f3 0f 2a 47 24 0f 2f c8 0f 92 c0
0x00007fd96cc4969d:   c3 66 90 31 c0 c3 66 66 2e 0f 1f 84 00 00 00 00
0x00007fd96cc496ad:   00 66 90 80 3d 0a ca 38 00 00 75 17 48 89 3d a8
0x00007fd96cc496bd:   c9 38 00 b8 01 00 00 00 48 89 35 a4 c9 38 00 c3
0x00007fd96cc496cd:   0f 1f 00 48 8d 3d f1 bc 2c 00 31 c0 e9 32 9a fb
0x00007fd96cc496dd:   ff 66 90 48 85 ff 74 0c f3 0f 10 05 a3 c9 38 00
0x00007fd96cc496ed:   f3 0f 11 07 48 85 f6 74 0c f3 0f 10 05 96 c9 38
0x00007fd96cc496fd:   00 f3 0f 11 06 48 63 15 f7 c9 38 00 85 d2 7e 44
0x00007fd96cc4970d:   48 8b 3d f4 c9 38 00 48 8d 34 52 31 d2 48 8d 47
0x00007fd96cc4971d:   04 48 8d 0c f0 83 e6 01 74 19 8b 10 48 8d 47 1c
0x00007fd96cc4972d:   48 39 c1 74 1c 66 66 2e 0f 1f 84 00 00 00 00 00
0x00007fd96cc4973d:   0f 1f 00 0b 10 48 83 c0 30 0b 50 e8 48 39 c1 75
0x00007fd96cc4974d:   f2 89 d0 c3 31 d2 eb f9 66 66 2e 0f 1f 84 00 00
0x00007fd96cc4975d:   00 00 00 48 85 ff 74 0c f3 0f 10 05 2b c9 38 00
0x00007fd96cc4976d:   f3 0f 11 07 48 85 f6 74 0c f3 0f 10 05 1e c9 38
0x00007fd96cc4977d:   00 f3 0f 11 06 48 63 15 77 c9 38 00 48 c7 05 04
0x00007fd96cc4978d:   c9 38 00 00 00 00 00 85 d2 7e 39 48 8b 3d 69 c9
0x00007fd96cc4979d:   38 00 48 8d 34 52 31 d2 48 8d 47 04 48 8d 0c f0
0x00007fd96cc497ad:   83 e6 01 74 0e 8b 10 48 8d 47 1c 48 39 c1 74 11
0x00007fd96cc497bd:   0f 1f 00 0b 10 48 83 c0 30 0b 50 e8 48 39 c1 75
0x00007fd96cc497cd:   f2 89 d0 c3 31 d2 eb f9 66 66 2e 0f 1f 84 00 00
0x00007fd96cc497dd:   00 00 00 48 83 3d 68 c8 38 00 00 74 36 48 83 ec


Stack slot to memory mapping:

stack at sp + 0 slots: 0x00007fd983943ac0 is at code_begin+1056 in an Interpreter codelet
native method entry point (kind = native)  [0x00007fd9839436a0, 0x00007fd983944210]  2928 bytes
stack at sp + 1 slots: {method} {0x00007fd91b480140} 'invokePPI' '(JJJ)I' in 'org/lwjgl/system/JNI'
stack at sp + 2 slots: 0x0 is null
stack at sp + 3 slots: 0x00007fd99bdfe7a8 is pointing into the stack for thread: 0x00007fd994019ca0
stack at sp + 4 slots: 0x00007fd983943797 is at code_begin+247 in an Interpreter codelet
native method entry point (kind = native)  [0x00007fd9839436a0, 0x00007fd983944210]  2928 bytes
stack at sp + 5 slots: 0x00007fd98393ea90 is at code_begin+-112 in 
[CodeBlob (0x00007fd98393ea90)]
Framesize: 0
BufferBlob (0x00007fd98393ea90) used for Interpreter
stack at sp + 6 slots: 0x00007fd98394375f is at code_begin+191 in an Interpreter codelet
native method entry point (kind = native)  [0x00007fd9839436a0, 0x00007fd983944210]  2928 bytes
stack at sp + 7 slots: 0x00007fd99bdfe760 is pointing into the stack for thread: 0x00007fd994019ca0


---------------  P R O C E S S  ---------------

Threads class SMR info:
_java_thread_list=0x00007fd8f00158d0, length=10, elements={
0x00007fd994019ca0, 0x00007fd99414c1e0, 0x00007fd99416d170, 0x00007fd99416e220,
0x00007fd99416f870, 0x00007fd994170e20, 0x00007fd994172970, 0x00007fd99417c030,
0x00007fd994188580, 0x00007fd99418b620
}

Java Threads: ( => current thread )
=>0x00007fd994019ca0 JavaThread "main"                              [_thread_in_native, id=8069, stack(0x00007fd99bd00000,0x00007fd99be00000) (1024K)]
  0x00007fd99414c1e0 JavaThread "Reference Handler"          daemon [_thread_blocked, id=8081, stack(0x00007fd96db00000,0x00007fd96dc00000) (1024K)]
  0x00007fd99416d170 JavaThread "Finalizer"                  daemon [_thread_blocked, id=8082, stack(0x00007fd96d9ff000,0x00007fd96daff000) (1024K)]
  0x00007fd99416e220 JavaThread "Signal Dispatcher"          daemon [_thread_blocked, id=8083, stack(0x00007fd96d8fe000,0x00007fd96d9fe000) (1024K)]
  0x00007fd99416f870 JavaThread "Service Thread"             daemon [_thread_blocked, id=8084, stack(0x00007fd96d7fd000,0x00007fd96d8fd000) (1024K)]
  0x00007fd994170e20 JavaThread "Monitor Deflation Thread"   daemon [_thread_blocked, id=8085, stack(0x00007fd96d6fc000,0x00007fd96d7fc000) (1024K)]
  0x00007fd994172970 JavaThread "C2 CompilerThread0"         daemon [_thread_blocked, id=8086, stack(0x00007fd96d5fb000,0x00007fd96d6fb000) (1024K)]
  0x00007fd99417c030 JavaThread "C1 CompilerThread0"         daemon [_thread_blocked, id=8087, stack(0x00007fd96d4fa000,0x00007fd96d5fa000) (1024K)]
  0x00007fd994188580 JavaThread "Notification Thread"        daemon [_thread_blocked, id=8088, stack(0x00007fd96d328000,0x00007fd96d428000) (1024K)]
  0x00007fd99418b620 JavaThread "Common-Cleaner"             daemon [_thread_blocked, id=8089, stack(0x00007fd96d227000,0x00007fd96d327000) (1024K)]
Total: 10

Other Threads:
  0x00007fd99413d6a0 VMThread "VM Thread"                           [id=8080, stack(0x00007fd97c022000,0x00007fd97c122000) (1024K)]
  0x00007fd99412b9e0 WatcherThread "VM Periodic Task Thread"        [id=8079, stack(0x00007fd97c123000,0x00007fd97c223000) (1024K)]
  0x00007fd99406f1c0 WorkerThread "GC Thread#0"                     [id=8070, stack(0x00007fd998a1a000,0x00007fd998b1a000) (1024K)]
  0x00007fd99407f4f0 ConcurrentGCThread "G1 Main Marker"            [id=8071, stack(0x00007fd998919000,0x00007fd998a19000) (1024K)]
  0x00007fd9940804a0 WorkerThread "G1 Conc#0"                       [id=8072, stack(0x00007fd998818000,0x00007fd998918000) (1024K)]
  0x00007fd99410fe40 ConcurrentGCThread "G1 Refine#0"               [id=8073, stack(0x00007fd993f00000,0x00007fd994000000) (1024K)]
  0x00007fd994110e10 ConcurrentGCThread "G1 Service"                [id=8074, stack(0x00007fd97c300000,0x00007fd97c400000) (1024K)]
Total: 7

Threads with active compile tasks:
Total: 0

VM state: not at safepoint (normal execution)

VM Mutex/Monitor currently owned by a thread: None

Heap address: 0x0000000089800000, size: 1896 MB, Compressed Oops mode: 32-bit

CDS archive(s) mapped at: [0x00007fd91f000000-0x00007fd91fc9b000-0x00007fd91fc9b000), size 13217792, SharedBaseAddress: 0x00007fd91f000000, ArchiveRelocationMode: 1.
Compressed class space mapped at: 0x00007fd920000000-0x00007fd960000000, reserved size: 1073741824
Narrow klass base: 0x00007fd91f000000, Narrow klass shift: 0, Narrow klass range: 0x100000000

GC Precious Log:
 CardTable entry size: 512
 Card Set container configuration: InlinePtr #cards 5 size 8 Array Of Cards #cards 12 size 40 Howl #buckets 4 coarsen threshold 1843 Howl Bitmap #cards 512 size 80 coarsen threshold 460 Card regions per heap region 1 cards per card region 2048
 CPUs: 8 total, 8 available
 Memory: 7577M
 Large Page Support: Disabled
 NUMA Support: Disabled
 Compressed Oops: Enabled (32-bit)
 Heap Region Size: 1M
 Heap Min Capacity: 8M
 Heap Initial Capacity: 120M
 Heap Max Capacity: 1896M
 Pre-touch: Disabled
 Parallel Workers: 8
 Concurrent Workers: 2
 Concurrent Refinement Workers: 8
 Periodic GC: Disabled

Heap:
 garbage-first heap   total 124928K, used 6193K [0x0000000089800000, 0x0000000100000000)
  region size 1024K, 7 young (7168K), 0 survivors (0K)
 Metaspace       used 3631K, committed 3840K, reserved 1114112K
  class space    used 228K, committed 320K, reserved 1048576K

Heap Regions: E=young(eden), S=young(survivor), O=old, HS=humongous(starts), HC=humongous(continues), CS=collection set, F=free, TAMS=top-at-mark-start, PB=parsable bottom
|   0|0x0000000089800000, 0x0000000089800000, 0x0000000089900000|  0%| F|  |TAMS 0x0000000089800000| PB 0x0000000089800000| Untracked 
|   1|0x0000000089900000, 0x0000000089900000, 0x0000000089a00000|  0%| F|  |TAMS 0x0000000089900000| PB 0x0000000089900000| Untracked 
|   2|0x0000000089a00000, 0x0000000089a00000, 0x0000000089b00000|  0%| F|  |TAMS 0x0000000089a00000| PB 0x0000000089a00000| Untracked 
|   3|0x0000000089b00000, 0x0000000089b00000, 0x0000000089c00000|  0%| F|  |TAMS 0x0000000089b00000| PB 0x0000000089b00000| Untracked 
|   4|0x0000000089c00000, 0x0000000089c00000, 0x0000000089d00000|  0%| F|  |TAMS 0x0000000089c00000| PB 0x0000000089c00000| Untracked 
|   5|0x0000000089d00000, 0x0000000089d00000, 0x0000000089e00000|  0%| F|  |TAMS 0x0000000089d00000| PB 0x0000000089d00000| Untracked 
|   6|0x0000000089e00000, 0x0000000089e00000, 0x0000000089f00000|  0%| F|  |TAMS 0x0000000089e00000| PB 0x0000000089e00000| Untracked 
|   7|0x0000000089f00000, 0x0000000089f00000, 0x000000008a000000|  0%| F|  |TAMS 0x0000000089f00000| PB 0x0000000089f00000| Untracked 
|   8|0x000000008a000000, 0x000000008a000000, 0x000000008a100000|  0%| F|  |TAMS 0x000000008a000000| PB 0x000000008a000000| Untracked 
|   9|0x000000008a100000, 0x000000008a100000, 0x000000008a200000|  0%| F|  |TAMS 0x000000008a100000| PB 0x000000008a100000| Untracked 
|  10|0x000000008a200000, 0x000000008a200000, 0x000000008a300000|  0%| F|  |TAMS 0x000000008a200000| PB 0x000000008a200000| Untracked 
|  11|0x000000008a300000, 0x000000008a300000, 0x000000008a400000|  0%| F|  |TAMS 0x000000008a300000| PB 0x000000008a300000| Untracked 
|  12|0x000000008a400000, 0x000000008a400000, 0x000000008a500000|  0%| F|  |TAMS 0x000000008a400000| PB 0x000000008a400000| Untracked 
|  13|0x000000008a500000, 0x000000008a500000, 0x000000008a600000|  0%| F|  |TAMS 0x000000008a500000| PB 0x000000008a500000| Untracked 
|  14|0x000000008a600000, 0x000000008a600000, 0x000000008a700000|  0%| F|  |TAMS 0x000000008a600000| PB 0x000000008a600000| Untracked 
|  15|0x000000008a700000, 0x000000008a700000, 0x000000008a800000|  0%| F|  |TAMS 0x000000008a700000| PB 0x000000008a700000| Untracked 
|  16|0x000000008a800000, 0x000000008a800000, 0x000000008a900000|  0%| F|  |TAMS 0x000000008a800000| PB 0x000000008a800000| Untracked 
|  17|0x000000008a900000, 0x000000008a900000, 0x000000008aa00000|  0%| F|  |TAMS 0x000000008a900000| PB 0x000000008a900000| Untracked 
|  18|0x000000008aa00000, 0x000000008aa00000, 0x000000008ab00000|  0%| F|  |TAMS 0x000000008aa00000| PB 0x000000008aa00000| Untracked 
|  19|0x000000008ab00000, 0x000000008ab00000, 0x000000008ac00000|  0%| F|  |TAMS 0x000000008ab00000| PB 0x000000008ab00000| Untracked 
|  20|0x000000008ac00000, 0x000000008ac00000, 0x000000008ad00000|  0%| F|  |TAMS 0x000000008ac00000| PB 0x000000008ac00000| Untracked 
|  21|0x000000008ad00000, 0x000000008ad00000, 0x000000008ae00000|  0%| F|  |TAMS 0x000000008ad00000| PB 0x000000008ad00000| Untracked 
|  22|0x000000008ae00000, 0x000000008ae00000, 0x000000008af00000|  0%| F|  |TAMS 0x000000008ae00000| PB 0x000000008ae00000| Untracked 
|  23|0x000000008af00000, 0x000000008af00000, 0x000000008b000000|  0%| F|  |TAMS 0x000000008af00000| PB 0x000000008af00000| Untracked 
|  24|0x000000008b000000, 0x000000008b000000, 0x000000008b100000|  0%| F|  |TAMS 0x000000008b000000| PB 0x000000008b000000| Untracked 
|  25|0x000000008b100000, 0x000000008b100000, 0x000000008b200000|  0%| F|  |TAMS 0x000000008b100000| PB 0x000000008b100000| Untracked 
|  26|0x000000008b200000, 0x000000008b200000, 0x000000008b300000|  0%| F|  |TAMS 0x000000008b200000| PB 0x000000008b200000| Untracked 
|  27|0x000000008b300000, 0x000000008b300000, 0x000000008b400000|  0%| F|  |TAMS 0x000000008b300000| PB 0x000000008b300000| Untracked 
|  28|0x000000008b400000, 0x000000008b400000, 0x000000008b500000|  0%| F|  |TAMS 0x000000008b400000| PB 0x000000008b400000| Untracked 
|  29|0x000000008b500000, 0x000000008b500000, 0x000000008b600000|  0%| F|  |TAMS 0x000000008b500000| PB 0x000000008b500000| Untracked 
|  30|0x000000008b600000, 0x000000008b600000, 0x000000008b700000|  0%| F|  |TAMS 0x000000008b600000| PB 0x000000008b600000| Untracked 
|  31|0x000000008b700000, 0x000000008b700000, 0x000000008b800000|  0%| F|  |TAMS 0x000000008b700000| PB 0x000000008b700000| Untracked 
|  32|0x000000008b800000, 0x000000008b800000, 0x000000008b900000|  0%| F|  |TAMS 0x000000008b800000| PB 0x000000008b800000| Untracked 
|  33|0x000000008b900000, 0x000000008b900000, 0x000000008ba00000|  0%| F|  |TAMS 0x000000008b900000| PB 0x000000008b900000| Untracked 
|  34|0x000000008ba00000, 0x000000008ba00000, 0x000000008bb00000|  0%| F|  |TAMS 0x000000008ba00000| PB 0x000000008ba00000| Untracked 
|  35|0x000000008bb00000, 0x000000008bb00000, 0x000000008bc00000|  0%| F|  |TAMS 0x000000008bb00000| PB 0x000000008bb00000| Untracked 
|  36|0x000000008bc00000, 0x000000008bc00000, 0x000000008bd00000|  0%| F|  |TAMS 0x000000008bc00000| PB 0x000000008bc00000| Untracked 
|  37|0x000000008bd00000, 0x000000008bd00000, 0x000000008be00000|  0%| F|  |TAMS 0x000000008bd00000| PB 0x000000008bd00000| Untracked 
|  38|0x000000008be00000, 0x000000008be00000, 0x000000008bf00000|  0%| F|  |TAMS 0x000000008be00000| PB 0x000000008be00000| Untracked 
|  39|0x000000008bf00000, 0x000000008bf00000, 0x000000008c000000|  0%| F|  |TAMS 0x000000008bf00000| PB 0x000000008bf00000| Untracked 
|  40|0x000000008c000000, 0x000000008c000000, 0x000000008c100000|  0%| F|  |TAMS 0x000000008c000000| PB 0x000000008c000000| Untracked 
|  41|0x000000008c100000, 0x000000008c100000, 0x000000008c200000|  0%| F|  |TAMS 0x000000008c100000| PB 0x000000008c100000| Untracked 
|  42|0x000000008c200000, 0x000000008c200000, 0x000000008c300000|  0%| F|  |TAMS 0x000000008c200000| PB 0x000000008c200000| Untracked 
|  43|0x000000008c300000, 0x000000008c300000, 0x000000008c400000|  0%| F|  |TAMS 0x000000008c300000| PB 0x000000008c300000| Untracked 
|  44|0x000000008c400000, 0x000000008c400000, 0x000000008c500000|  0%| F|  |TAMS 0x000000008c400000| PB 0x000000008c400000| Untracked 
|  45|0x000000008c500000, 0x000000008c500000, 0x000000008c600000|  0%| F|  |TAMS 0x000000008c500000| PB 0x000000008c500000| Untracked 
|  46|0x000000008c600000, 0x000000008c600000, 0x000000008c700000|  0%| F|  |TAMS 0x000000008c600000| PB 0x000000008c600000| Untracked 
|  47|0x000000008c700000, 0x000000008c700000, 0x000000008c800000|  0%| F|  |TAMS 0x000000008c700000| PB 0x000000008c700000| Untracked 
|  48|0x000000008c800000, 0x000000008c800000, 0x000000008c900000|  0%| F|  |TAMS 0x000000008c800000| PB 0x000000008c800000| Untracked 
|  49|0x000000008c900000, 0x000000008c900000, 0x000000008ca00000|  0%| F|  |TAMS 0x000000008c900000| PB 0x000000008c900000| Untracked 
|  50|0x000000008ca00000, 0x000000008ca00000, 0x000000008cb00000|  0%| F|  |TAMS 0x000000008ca00000| PB 0x000000008ca00000| Untracked 
|  51|0x000000008cb00000, 0x000000008cb00000, 0x000000008cc00000|  0%| F|  |TAMS 0x000000008cb00000| PB 0x000000008cb00000| Untracked 
|  52|0x000000008cc00000, 0x000000008cc00000, 0x000000008cd00000|  0%| F|  |TAMS 0x000000008cc00000| PB 0x000000008cc00000| Untracked 
|  53|0x000000008cd00000, 0x000000008cd00000, 0x000000008ce00000|  0%| F|  |TAMS 0x000000008cd00000| PB 0x000000008cd00000| Untracked 
|  54|0x000000008ce00000, 0x000000008ce00000, 0x000000008cf00000|  0%| F|  |TAMS 0x000000008ce00000| PB 0x000000008ce00000| Untracked 
|  55|0x000000008cf00000, 0x000000008cf00000, 0x000000008d000000|  0%| F|  |TAMS 0x000000008cf00000| PB 0x000000008cf00000| Untracked 
|  56|0x000000008d000000, 0x000000008d000000, 0x000000008d100000|  0%| F|  |TAMS 0x000000008d000000| PB 0x000000008d000000| Untracked 
|  57|0x000000008d100000, 0x000000008d100000, 0x000000008d200000|  0%| F|  |TAMS 0x000000008d100000| PB 0x000000008d100000| Untracked 
|  58|0x000000008d200000, 0x000000008d200000, 0x000000008d300000|  0%| F|  |TAMS 0x000000008d200000| PB 0x000000008d200000| Untracked 
|  59|0x000000008d300000, 0x000000008d300000, 0x000000008d400000|  0%| F|  |TAMS 0x000000008d300000| PB 0x000000008d300000| Untracked 
|  60|0x000000008d400000, 0x000000008d400000, 0x000000008d500000|  0%| F|  |TAMS 0x000000008d400000| PB 0x000000008d400000| Untracked 
|  61|0x000000008d500000, 0x000000008d500000, 0x000000008d600000|  0%| F|  |TAMS 0x000000008d500000| PB 0x000000008d500000| Untracked 
|  62|0x000000008d600000, 0x000000008d600000, 0x000000008d700000|  0%| F|  |TAMS 0x000000008d600000| PB 0x000000008d600000| Untracked 
|  63|0x000000008d700000, 0x000000008d700000, 0x000000008d800000|  0%| F|  |TAMS 0x000000008d700000| PB 0x000000008d700000| Untracked 
|  64|0x000000008d800000, 0x000000008d800000, 0x000000008d900000|  0%| F|  |TAMS 0x000000008d800000| PB 0x000000008d800000| Untracked 
|  65|0x000000008d900000, 0x000000008d900000, 0x000000008da00000|  0%| F|  |TAMS 0x000000008d900000| PB 0x000000008d900000| Untracked 
|  66|0x000000008da00000, 0x000000008da00000, 0x000000008db00000|  0%| F|  |TAMS 0x000000008da00000| PB 0x000000008da00000| Untracked 
|  67|0x000000008db00000, 0x000000008db00000, 0x000000008dc00000|  0%| F|  |TAMS 0x000000008db00000| PB 0x000000008db00000| Untracked 
|  68|0x000000008dc00000, 0x000000008dc00000, 0x000000008dd00000|  0%| F|  |TAMS 0x000000008dc00000| PB 0x000000008dc00000| Untracked 
|  69|0x000000008dd00000, 0x000000008dd00000, 0x000000008de00000|  0%| F|  |TAMS 0x000000008dd00000| PB 0x000000008dd00000| Untracked 
|  70|0x000000008de00000, 0x000000008de00000, 0x000000008df00000|  0%| F|  |TAMS 0x000000008de00000| PB 0x000000008de00000| Untracked 
|  71|0x000000008df00000, 0x000000008df00000, 0x000000008e000000|  0%| F|  |TAMS 0x000000008df00000| PB 0x000000008df00000| Untracked 
|  72|0x000000008e000000, 0x000000008e000000, 0x000000008e100000|  0%| F|  |TAMS 0x000000008e000000| PB 0x000000008e000000| Untracked 
|  73|0x000000008e100000, 0x000000008e100000, 0x000000008e200000|  0%| F|  |TAMS 0x000000008e100000| PB 0x000000008e100000| Untracked 
|  74|0x000000008e200000, 0x000000008e200000, 0x000000008e300000|  0%| F|  |TAMS 0x000000008e200000| PB 0x000000008e200000| Untracked 
|  75|0x000000008e300000, 0x000000008e300000, 0x000000008e400000|  0%| F|  |TAMS 0x000000008e300000| PB 0x000000008e300000| Untracked 
|  76|0x000000008e400000, 0x000000008e400000, 0x000000008e500000|  0%| F|  |TAMS 0x000000008e400000| PB 0x000000008e400000| Untracked 
|  77|0x000000008e500000, 0x000000008e500000, 0x000000008e600000|  0%| F|  |TAMS 0x000000008e500000| PB 0x000000008e500000| Untracked 
|  78|0x000000008e600000, 0x000000008e600000, 0x000000008e700000|  0%| F|  |TAMS 0x000000008e600000| PB 0x000000008e600000| Untracked 
|  79|0x000000008e700000, 0x000000008e700000, 0x000000008e800000|  0%| F|  |TAMS 0x000000008e700000| PB 0x000000008e700000| Untracked 
|  80|0x000000008e800000, 0x000000008e800000, 0x000000008e900000|  0%| F|  |TAMS 0x000000008e800000| PB 0x000000008e800000| Untracked 
|  81|0x000000008e900000, 0x000000008e900000, 0x000000008ea00000|  0%| F|  |TAMS 0x000000008e900000| PB 0x000000008e900000| Untracked 
|  82|0x000000008ea00000, 0x000000008ea00000, 0x000000008eb00000|  0%| F|  |TAMS 0x000000008ea00000| PB 0x000000008ea00000| Untracked 
|  83|0x000000008eb00000, 0x000000008eb00000, 0x000000008ec00000|  0%| F|  |TAMS 0x000000008eb00000| PB 0x000000008eb00000| Untracked 
|  84|0x000000008ec00000, 0x000000008ec00000, 0x000000008ed00000|  0%| F|  |TAMS 0x000000008ec00000| PB 0x000000008ec00000| Untracked 
|  85|0x000000008ed00000, 0x000000008ed00000, 0x000000008ee00000|  0%| F|  |TAMS 0x000000008ed00000| PB 0x000000008ed00000| Untracked 
|  86|0x000000008ee00000, 0x000000008ee00000, 0x000000008ef00000|  0%| F|  |TAMS 0x000000008ee00000| PB 0x000000008ee00000| Untracked 
|  87|0x000000008ef00000, 0x000000008ef00000, 0x000000008f000000|  0%| F|  |TAMS 0x000000008ef00000| PB 0x000000008ef00000| Untracked 
|  88|0x000000008f000000, 0x000000008f000000, 0x000000008f100000|  0%| F|  |TAMS 0x000000008f000000| PB 0x000000008f000000| Untracked 
|  89|0x000000008f100000, 0x000000008f100000, 0x000000008f200000|  0%| F|  |TAMS 0x000000008f100000| PB 0x000000008f100000| Untracked 
|  90|0x000000008f200000, 0x000000008f200000, 0x000000008f300000|  0%| F|  |TAMS 0x000000008f200000| PB 0x000000008f200000| Untracked 
|  91|0x000000008f300000, 0x000000008f300000, 0x000000008f400000|  0%| F|  |TAMS 0x000000008f300000| PB 0x000000008f300000| Untracked 
|  92|0x000000008f400000, 0x000000008f400000, 0x000000008f500000|  0%| F|  |TAMS 0x000000008f400000| PB 0x000000008f400000| Untracked 
|  93|0x000000008f500000, 0x000000008f500000, 0x000000008f600000|  0%| F|  |TAMS 0x000000008f500000| PB 0x000000008f500000| Untracked 
|  94|0x000000008f600000, 0x000000008f600000, 0x000000008f700000|  0%| F|  |TAMS 0x000000008f600000| PB 0x000000008f600000| Untracked 
|  95|0x000000008f700000, 0x000000008f700000, 0x000000008f800000|  0%| F|  |TAMS 0x000000008f700000| PB 0x000000008f700000| Untracked 
|  96|0x000000008f800000, 0x000000008f800000, 0x000000008f900000|  0%| F|  |TAMS 0x000000008f800000| PB 0x000000008f800000| Untracked 
|  97|0x000000008f900000, 0x000000008f900000, 0x000000008fa00000|  0%| F|  |TAMS 0x000000008f900000| PB 0x000000008f900000| Untracked 
|  98|0x000000008fa00000, 0x000000008fa00000, 0x000000008fb00000|  0%| F|  |TAMS 0x000000008fa00000| PB 0x000000008fa00000| Untracked 
|  99|0x000000008fb00000, 0x000000008fb00000, 0x000000008fc00000|  0%| F|  |TAMS 0x000000008fb00000| PB 0x000000008fb00000| Untracked 
| 100|0x000000008fc00000, 0x000000008fc00000, 0x000000008fd00000|  0%| F|  |TAMS 0x000000008fc00000| PB 0x000000008fc00000| Untracked 
| 101|0x000000008fd00000, 0x000000008fd00000, 0x000000008fe00000|  0%| F|  |TAMS 0x000000008fd00000| PB 0x000000008fd00000| Untracked 
| 102|0x000000008fe00000, 0x000000008fe00000, 0x000000008ff00000|  0%| F|  |TAMS 0x000000008fe00000| PB 0x000000008fe00000| Untracked 
| 103|0x000000008ff00000, 0x000000008ff00000, 0x0000000090000000|  0%| F|  |TAMS 0x000000008ff00000| PB 0x000000008ff00000| Untracked 
| 104|0x0000000090000000, 0x0000000090000000, 0x0000000090100000|  0%| F|  |TAMS 0x0000000090000000| PB 0x0000000090000000| Untracked 
| 105|0x0000000090100000, 0x0000000090100000, 0x0000000090200000|  0%| F|  |TAMS 0x0000000090100000| PB 0x0000000090100000| Untracked 
| 106|0x0000000090200000, 0x0000000090200000, 0x0000000090300000|  0%| F|  |TAMS 0x0000000090200000| PB 0x0000000090200000| Untracked 
| 107|0x0000000090300000, 0x0000000090300000, 0x0000000090400000|  0%| F|  |TAMS 0x0000000090300000| PB 0x0000000090300000| Untracked 
| 108|0x0000000090400000, 0x0000000090400000, 0x0000000090500000|  0%| F|  |TAMS 0x0000000090400000| PB 0x0000000090400000| Untracked 
| 109|0x0000000090500000, 0x0000000090500000, 0x0000000090600000|  0%| F|  |TAMS 0x0000000090500000| PB 0x0000000090500000| Untracked 
| 110|0x0000000090600000, 0x0000000090600000, 0x0000000090700000|  0%| F|  |TAMS 0x0000000090600000| PB 0x0000000090600000| Untracked 
| 111|0x0000000090700000, 0x0000000090700000, 0x0000000090800000|  0%| F|  |TAMS 0x0000000090700000| PB 0x0000000090700000| Untracked 
| 112|0x0000000090800000, 0x0000000090800000, 0x0000000090900000|  0%| F|  |TAMS 0x0000000090800000| PB 0x0000000090800000| Untracked 
| 113|0x0000000090900000, 0x0000000090a00000, 0x0000000090a00000|100%| E|  |TAMS 0x0000000090900000| PB 0x0000000090900000| Complete 
| 114|0x0000000090a00000, 0x0000000090b00000, 0x0000000090b00000|100%| E|CS|TAMS 0x0000000090a00000| PB 0x0000000090a00000| Complete 
| 115|0x0000000090b00000, 0x0000000090c00000, 0x0000000090c00000|100%| E|CS|TAMS 0x0000000090b00000| PB 0x0000000090b00000| Complete 
| 116|0x0000000090c00000, 0x0000000090d00000, 0x0000000090d00000|100%| E|  |TAMS 0x0000000090c00000| PB 0x0000000090c00000| Complete 
| 117|0x0000000090d00000, 0x0000000090e00000, 0x0000000090e00000|100%| E|CS|TAMS 0x0000000090d00000| PB 0x0000000090d00000| Complete 
| 118|0x0000000090e00000, 0x0000000090f00000, 0x0000000090f00000|100%| E|CS|TAMS 0x0000000090e00000| PB 0x0000000090e00000| Complete 
| 119|0x0000000090f00000, 0x0000000091000000, 0x0000000091000000|100%| E|CS|TAMS 0x0000000090f00000| PB 0x0000000090f00000| Complete 
|1894|0x00000000ffe00000, 0x00000000fff00000, 0x00000000fff00000|100%| O|  |TAMS 0x00000000ffe00000| PB 0x00000000ffe00000| Untracked 
|1895|0x00000000fff00000, 0x00000000fff0c558, 0x0000000100000000|  4%| O|  |TAMS 0x00000000fff00000| PB 0x00000000fff00000| Untracked 

Card table byte_map: [0x00007fd99a8ba000,0x00007fd99ac6e000] _byte_map_base: 0x00007fd99a46e000

Marking Bits: (CMBitMap*) 0x00007fd99406fd00
 Bits: [0x00007fd998b1a000, 0x00007fd99a8ba000)

Polling page: 0x00007fd99d616000

Metaspace:

Usage:
  Non-class:      3.32 MB used.
      Class:    228.76 KB used.
       Both:      3.55 MB used.

Virtual space:
  Non-class space:       64.00 MB reserved,       3.44 MB (  5%) committed,  1 nodes.
      Class space:        1.00 GB reserved,     320.00 KB ( <1%) committed,  1 nodes.
             Both:        1.06 GB reserved,       3.75 MB ( <1%) committed. 

Chunk freelists:
   Non-Class:  10.20 MB
       Class:  15.62 MB
        Both:  25.83 MB

MaxMetaspaceSize: unlimited
CompressedClassSpaceSize: 1.00 GB
Initial GC threshold: 21.00 MB
Current GC threshold: 21.00 MB
CDS: on
 - commit_granule_bytes: 65536.
 - commit_granule_words: 8192.
 - virtual_space_node_default_size: 8388608.
 - enlarge_chunks_in_place: 1.
 - use_allocation_guard: 0.


Internal statistics:

num_allocs_failed_limit: 0.
num_arena_births: 78.
num_arena_deaths: 0.
num_vsnodes_births: 2.
num_vsnodes_deaths: 0.
num_space_committed: 60.
num_space_uncommitted: 0.
num_chunks_returned_to_freelist: 0.
num_chunks_taken_from_freelist: 163.
num_chunk_merges: 0.
num_chunk_splits: 115.
num_chunks_enlarged: 85.
num_inconsistent_stats: 0.

CodeHeap 'non-profiled nmethods': size=120028Kb used=230Kb max_used=230Kb free=119798Kb
 bounds [0x00007fd983ec9000, 0x00007fd984139000, 0x00007fd98b400000]
CodeHeap 'profiled nmethods': size=120028Kb used=1233Kb max_used=1233Kb free=118794Kb
 bounds [0x00007fd97c400000, 0x00007fd97c670000, 0x00007fd983937000]
CodeHeap 'non-nmethods': size=5704Kb used=2388Kb max_used=2401Kb free=3315Kb
 bounds [0x00007fd983937000, 0x00007fd983ba7000, 0x00007fd983ec9000]
CodeCache: size=245760Kb, used=3851Kb, max_used=3864Kb, free=241907Kb
 total_blobs=1880, nmethods=781, adapters=1005, full_count=0
Compilation: enabled, stopped_count=0, restarted_count=0

Compilation events (20 events):
Event: 0.332 Thread 0x00007fd99417c030 nmethod 768 0x00007fd97c528f10 code [0x00007fd97c5290c0, 0x00007fd97c5291e0]
Event: 0.335 Thread 0x00007fd8f41b9440  769       4       org.lwjgl.system.MemoryUtil::memAddressSafe (15 bytes)
Event: 0.336 Thread 0x00007fd8f41b9440 nmethod 769 0x00007fd983f00210 code [0x00007fd983f003a0, 0x00007fd983f00448]
Event: 0.802 Thread 0x00007fd99417c030  770 %     3       com.minesweeper.Main::init @ 289 (457 bytes)
Event: 0.805 Thread 0x00007fd99417c030 nmethod 770% 0x00007fd97c529290 code [0x00007fd97c5299a0, 0x00007fd97c52cc70]
Event: 0.805 Thread 0x00007fd99417c030  771 %     3       com.minesweeper.Main::init @ 283 (457 bytes)
Event: 0.807 Thread 0x00007fd994172970  772       4       org.lwjgl.sdl.SDL_FRect::y (8 bytes)
Event: 0.807 Thread 0x00007fd994172970 nmethod 772 0x00007fd983f00510 code [0x00007fd983f00680, 0x00007fd983f00710]
Event: 0.809 Thread 0x00007fd99417c030 nmethod 771% 0x00007fd97c52df90 code [0x00007fd97c52e6a0, 0x00007fd97c531938]
Event: 0.825 Thread 0x00007fd994172970  773 %     4       com.minesweeper.Main::init @ 289 (457 bytes)
Event: 0.835 Thread 0x00007fd994172970 nmethod 773% 0x00007fd983f00810 code [0x00007fd983f00ae0, 0x00007fd983f012e0]
Event: 0.858 Thread 0x00007fd994172970  774       4       org.lwjgl.sdl.SDLEvents::nSDL_PollEvent (10 bytes)
Event: 0.859 Thread 0x00007fd994172970 nmethod 774 0x00007fd983f01c10 code [0x00007fd983f01da0, 0x00007fd983f01e40]
Event: 0.859 Thread 0x00007fd994172970  775       4       org.lwjgl.sdl.SDL_FRect::w (10 bytes)
Event: 0.860 Thread 0x00007fd994172970 nmethod 775 0x00007fd983f01f10 code [0x00007fd983f02080, 0x00007fd983f02118]
Event: 0.860 Thread 0x00007fd994172970  776       4       org.lwjgl.sdl.SDL_FRect::h (10 bytes)
Event: 0.860 Thread 0x00007fd994172970 nmethod 776 0x00007fd983f02210 code [0x00007fd983f02380, 0x00007fd983f02418]
Event: 0.987 Thread 0x00007fd99417c030  777       3       java.util.WeakHashMap::getTable (9 bytes)
Event: 0.987 Thread 0x00007fd99417c030 nmethod 777 0x00007fd97c532c90 code [0x00007fd97c532e40, 0x00007fd97c532f90]
Event: 0.987 Thread 0x00007fd99417c030  778   !   3       java.util.WeakHashMap::expungeStaleEntries (139 bytes)

GC Heap History (0 events):
No events

Dll operation events (7 events):
Event: 0.001 Loaded shared library /usr/lib/jvm/java-21-openjdk/lib/libjava.so
Event: 0.019 Loaded shared library /usr/lib/jvm/java-21-openjdk/lib/libjsvml.so
Event: 0.023 Loaded shared library /usr/lib/jvm/java-21-openjdk/lib/libnio.so
Event: 0.026 Loaded shared library /usr/lib/jvm/java-21-openjdk/lib/libzip.so
Event: 0.051 Loaded shared library /usr/lib/jvm/java-21-openjdk/lib/libjimage.so
Event: 0.056 Loaded shared library /usr/lib/jvm/java-21-openjdk/lib/libnet.so
Event: 0.062 Loaded shared library /tmp/lwjgl_oli/3.4.1+2/x64/liblwjgl.so

Deoptimization events (20 events):
Event: 0.223 Thread 0x00007fd994019ca0 Uncommon trap: trap_request=0xffffff45 fr.pc=0x00007fd983ed1fd8 relative=0x00000000000000b8
Event: 0.223 Thread 0x00007fd994019ca0 Uncommon trap: reason=unstable_if action=reinterpret pc=0x00007fd983ed1fd8 method=java.lang.String.isLatin1()Z @ 10 c2
Event: 0.223 Thread 0x00007fd994019ca0 DEOPT PACKING pc=0x00007fd983ed1fd8 sp=0x00007fd99bdfdfd0
Event: 0.223 Thread 0x00007fd994019ca0 DEOPT UNPACKING pc=0x00007fd98398e619 sp=0x00007fd99bdfdf30 mode 2
Event: 0.223 Thread 0x00007fd994019ca0 Uncommon trap: trap_request=0xffffff45 fr.pc=0x00007fd983edd2ec relative=0x000000000000006c
Event: 0.223 Thread 0x00007fd994019ca0 Uncommon trap: reason=unstable_if action=reinterpret pc=0x00007fd983edd2ec method=java.lang.String.isLatin1()Z @ 10 c2
Event: 0.223 Thread 0x00007fd994019ca0 DEOPT PACKING pc=0x00007fd983edd2ec sp=0x00007fd99bdfd630
Event: 0.223 Thread 0x00007fd994019ca0 DEOPT UNPACKING pc=0x00007fd98398e619 sp=0x00007fd99bdfd5e0 mode 2
Event: 0.326 Thread 0x00007fd994019ca0 DEOPT PACKING pc=0x00007fd97c520ab6 sp=0x00007fd99bdfe7d0
Event: 0.326 Thread 0x00007fd994019ca0 DEOPT UNPACKING pc=0x00007fd98398f14f sp=0x00007fd99bdfddb8 mode 0
Event: 0.801 Thread 0x00007fd994019ca0 Uncommon trap: trap_request=0xffffff45 fr.pc=0x00007fd983eff57c relative=0x00000000000005bc
Event: 0.801 Thread 0x00007fd994019ca0 Uncommon trap: reason=unstable_if action=reinterpret pc=0x00007fd983eff57c method=com.minesweeper.Main.init()V @ 256 c2
Event: 0.801 Thread 0x00007fd994019ca0 DEOPT PACKING pc=0x00007fd983eff57c sp=0x00007fd99bdfe920
Event: 0.801 Thread 0x00007fd994019ca0 DEOPT UNPACKING pc=0x00007fd98398e619 sp=0x00007fd99bdfe8d0 mode 2
Event: 0.836 Thread 0x00007fd994019ca0 DEOPT PACKING pc=0x00007fd97c52c6c6 sp=0x00007fd99bdfe7d0
Event: 0.836 Thread 0x00007fd994019ca0 DEOPT UNPACKING pc=0x00007fd98398f14f sp=0x00007fd99bdfddb8 mode 0
Event: 0.986 Thread 0x00007fd994019ca0 Uncommon trap: trap_request=0xffffff3d fr.pc=0x00007fd983f01140 relative=0x0000000000000660
Event: 0.986 Thread 0x00007fd994019ca0 Uncommon trap: reason=unstable_fused_if action=reinterpret pc=0x00007fd983f01140 method=com.minesweeper.Main.init()V @ 128 c2
Event: 0.986 Thread 0x00007fd994019ca0 DEOPT PACKING pc=0x00007fd983f01140 sp=0x00007fd99bdfe920
Event: 0.986 Thread 0x00007fd994019ca0 DEOPT UNPACKING pc=0x00007fd98398e619 sp=0x00007fd99bdfe8d0 mode 2

Classes loaded (20 events):
Event: 0.127 Loading class java/util/function/LongPredicate
Event: 0.127 Loading class java/util/function/LongPredicate done
Event: 0.128 Loading class java/lang/foreign/MemorySegment
Event: 0.128 Loading class java/lang/foreign/MemorySegment done
Event: 0.150 Loading class java/nio/InvalidMarkException
Event: 0.150 Loading class java/nio/InvalidMarkException done
Event: 0.150 Loading class java/nio/BufferUnderflowException
Event: 0.150 Loading class java/nio/BufferUnderflowException done
Event: 0.181 Loading class java/lang/Math$RandomNumberGeneratorHolder
Event: 0.181 Loading class java/lang/Math$RandomNumberGeneratorHolder done
Event: 0.216 Loading class java/util/Formatter$FixedString
Event: 0.216 Loading class java/util/Formatter$FixedString done
Event: 0.218 Loading class jdk/internal/module/ModulePatcher$PatchedModuleReader
Event: 0.218 Loading class jdk/internal/module/ModulePatcher$PatchedModuleReader done
Event: 0.218 Loading class sun/net/www/protocol/jrt/Handler
Event: 0.218 Loading class sun/net/www/protocol/jrt/Handler done
Event: 0.222 Loading class sun/text/resources/cldr/FormatData_en
Event: 0.222 Loading class sun/text/resources/cldr/FormatData_en done
Event: 0.986 Loading class java/nio/HeapFloatBuffer
Event: 0.986 Loading class java/nio/HeapFloatBuffer done

Classes unloaded (0 events):
No events

Classes redefined (0 events):
No events

Internal exceptions (13 events):
Event: 0.043 Thread 0x00007fd994019ca0 Exception <a 'java/lang/NoSuchMethodError'{0x0000000090ee9538}: 'void java.lang.invoke.DirectMethodHandle$Holder.invokeStatic(java.lang.Object, java.lang.Object)'> (0x0000000090ee9538) 
thrown [src/hotspot/share/interpreter/linkResolver.cpp, line 772]
Event: 0.044 Thread 0x00007fd994019ca0 Exception <a 'java/lang/NoSuchMethodError'{0x0000000090d015f8}: 'void java.lang.System.load(java.lang.String, java.lang.Class)'> (0x0000000090d015f8) 
thrown [src/hotspot/share/interpreter/linkResolver.cpp, line 772]
Event: 0.044 Thread 0x00007fd994019ca0 Exception <a 'java/lang/NoSuchMethodError'{0x0000000090d022c8}: 'void java.lang.invoke.DirectMethodHandle$Holder.invokeSpecial(java.lang.Object, java.lang.Object, java.lang.Object)'> (0x0000000090d022c8) 
thrown [src/hotspot/share/interpreter/linkResolver.cpp, line 772]
Event: 0.047 Thread 0x00007fd994019ca0 Exception <a 'java/lang/NoSuchMethodError'{0x0000000090d142e8}: 'java.lang.Object java.lang.invoke.DirectMethodHandle$Holder.invokeStatic(java.lang.Object, java.lang.Object, int)'> (0x0000000090d142e8) 
thrown [src/hotspot/share/interpreter/linkResolver.cpp, line 772]
Event: 0.048 Thread 0x00007fd994019ca0 Exception <a 'java/lang/NoSuchMethodError'{0x0000000090d1fb40}: 'void java.lang.invoke.DelegatingMethodHandle$Holder.delegate(java.lang.Object, java.lang.Object, int, java.lang.Object)'> (0x0000000090d1fb40) 
thrown [src/hotspot/share/interpreter/linkResolver.cpp, line 772]
Event: 0.048 Thread 0x00007fd994019ca0 Exception <a 'java/lang/NoSuchMethodError'{0x0000000090d23b38}: 'int java.lang.invoke.DirectMethodHandle$Holder.invokeSpecial(java.lang.Object, java.lang.Object, java.lang.Object)'> (0x0000000090d23b38) 
thrown [src/hotspot/share/interpreter/linkResolver.cpp, line 772]
Event: 0.051 Thread 0x00007fd994019ca0 Exception <a 'java/lang/NoSuchMethodError'{0x0000000090d3e260}: 'void java.lang.System.loadLibrary(java.lang.String, java.lang.Class)'> (0x0000000090d3e260) 
thrown [src/hotspot/share/interpreter/linkResolver.cpp, line 772]
Event: 0.127 Thread 0x00007fd994019ca0 Exception <a 'java/lang/NoSuchMethodError'{0x0000000090c8dd68}: 'int java.lang.invoke.DirectMethodHandle$Holder.invokeStaticInit(java.lang.Object, java.lang.Object, int, long)'> (0x0000000090c8dd68) 
thrown [src/hotspot/share/interpreter/linkResolver.cpp, line 772]
Event: 0.128 Thread 0x00007fd994019ca0 Exception <a 'java/lang/NoSuchMethodError'{0x0000000090c93140}: 'java.lang.Object java.lang.invoke.DirectMethodHandle$Holder.newInvokeSpecial(java.lang.Object, java.lang.Object, int)'> (0x0000000090c93140) 
thrown [src/hotspot/share/interpreter/linkResolver.cpp, line 772]
Event: 0.129 Thread 0x00007fd994019ca0 Exception <a 'java/lang/NoSuchMethodError'{0x0000000090ca16d8}: 'int java.lang.invoke.DirectMethodHandle$Holder.invokeStaticInit(java.lang.Object, java.lang.Object, long, long)'> (0x0000000090ca16d8) 
thrown [src/hotspot/share/interpreter/linkResolver.cpp, line 772]
Event: 0.129 Thread 0x00007fd994019ca0 Exception <a 'java/lang/NoSuchMethodError'{0x0000000090ca7430}: 'java.lang.Object java.lang.invoke.DirectMethodHandle$Holder.newInvokeSpecial(java.lang.Object, java.lang.Object, long)'> (0x0000000090ca7430) 
thrown [src/hotspot/share/interpreter/linkResolver.cpp, line 772]
Event: 0.129 Thread 0x00007fd994019ca0 Exception <a 'java/lang/NoSuchMethodError'{0x0000000090cab558}: 'java.lang.Object java.lang.invoke.Invokers$Holder.linkToTargetMethod(java.lang.Object, long, java.lang.Object)'> (0x0000000090cab558) 
thrown [src/hotspot/share/interpreter/linkResolver.cpp, line 772]
Event: 0.130 Thread 0x00007fd994019ca0 Exception <a 'java/lang/NoSuchMethodError'{0x0000000090cb2a50}: 'int java.lang.invoke.DirectMethodHandle$Holder.invokeStaticInit(java.lang.Object, java.lang.Object, java.lang.Object, long)'> (0x0000000090cb2a50) 
thrown [src/hotspot/share/interpreter/linkResolver.cpp, line 772]

ZGC Phase Switch (0 events):
No events

VM Operations (4 events):
Event: 0.125 Executing non-safepoint VM operation: HandshakeAllThreads (Deoptimize)
Event: 0.125 Executing non-safepoint VM operation: HandshakeAllThreads (Deoptimize) done
Event: 0.986 Executing non-safepoint VM operation: HandshakeAllThreads (Deoptimize)
Event: 0.986 Executing non-safepoint VM operation: HandshakeAllThreads (Deoptimize) done

Memory protections (11 events):
Event: 0.001 Protecting memory [0x00007fd99bd00000,0x00007fd99bd04000] with protection modes 0
Event: 0.017 Protecting memory [0x00007fd96db00000,0x00007fd96db04000] with protection modes 0
Event: 0.017 Protecting memory [0x00007fd96d9ff000,0x00007fd96da03000] with protection modes 0
Event: 0.017 Protecting memory [0x00007fd96d8fe000,0x00007fd96d902000] with protection modes 0
Event: 0.017 Protecting memory [0x00007fd96d7fd000,0x00007fd96d801000] with protection modes 0
Event: 0.017 Protecting memory [0x00007fd96d6fc000,0x00007fd96d700000] with protection modes 0
Event: 0.017 Protecting memory [0x00007fd96d5fb000,0x00007fd96d5ff000] with protection modes 0
Event: 0.018 Protecting memory [0x00007fd96d4fa000,0x00007fd96d4fe000] with protection modes 0
Event: 0.021 Protecting memory [0x00007fd96d328000,0x00007fd96d32c000] with protection modes 0
Event: 0.021 Protecting memory [0x00007fd96d227000,0x00007fd96d22b000] with protection modes 0
Event: 0.098 Protecting memory [0x00007fd96d126000,0x00007fd96d12a000] with protection modes 0

Nmethod flushes (0 events):
No events

Events (12 events):
Event: 0.010 Thread 0x00007fd994019ca0 Thread added: 0x00007fd994019ca0
Event: 0.017 Thread 0x00007fd994019ca0 Thread added: 0x00007fd99414c1e0
Event: 0.017 Thread 0x00007fd994019ca0 Thread added: 0x00007fd99416d170
Event: 0.017 Thread 0x00007fd994019ca0 Thread added: 0x00007fd99416e220
Event: 0.017 Thread 0x00007fd994019ca0 Thread added: 0x00007fd99416f870
Event: 0.017 Thread 0x00007fd994019ca0 Thread added: 0x00007fd994170e20
Event: 0.017 Thread 0x00007fd994019ca0 Thread added: 0x00007fd994172970
Event: 0.018 Thread 0x00007fd994019ca0 Thread added: 0x00007fd99417c030
Event: 0.021 Thread 0x00007fd994019ca0 Thread added: 0x00007fd994188580
Event: 0.021 Thread 0x00007fd994019ca0 Thread added: 0x00007fd99418b620
Event: 0.098 Thread 0x00007fd99417c030 Thread added: 0x00007fd8f41b9440
Event: 0.802 Thread 0x00007fd8f41b9440 Thread exited: 0x00007fd8f41b9440


Dynamic libraries:
89800000-91000000 rw-p 00000000 00:00 0 
91000000-ffe00000 ---p 00000000 00:00 0 
ffe00000-fff0d000 rw-p 00cda000 103:03 6422945                           /usr/lib/jvm/java-21-openjdk/lib/server/classes.jsa
fff0d000-100000000 rw-p 00000000 00:00 0 
55dfac469000-55dfac46a000 r--p 00000000 103:03 6422671                   /usr/lib/jvm/java-21-openjdk/bin/java
55dfac46a000-55dfac46b000 r-xp 00001000 103:03 6422671                   /usr/lib/jvm/java-21-openjdk/bin/java
55dfac46b000-55dfac46c000 r--p 00002000 103:03 6422671                   /usr/lib/jvm/java-21-openjdk/bin/java
55dfac46c000-55dfac46d000 r--p 00002000 103:03 6422671                   /usr/lib/jvm/java-21-openjdk/bin/java
55dfac46d000-55dfac46e000 rw-p 00003000 103:03 6422671                   /usr/lib/jvm/java-21-openjdk/bin/java
55dfc65b0000-55dfc65f8000 rw-p 00000000 00:00 0                          [heap]
7fd8c4000000-7fd8c4021000 rw-p 00000000 00:00 0 
7fd8c4021000-7fd8c8000000 ---p 00000000 00:00 0 
7fd8cbc00000-7fd8cbe00000 rw-s 1076d2000 00:11 1094                      anon_inode:i915.gem
7fd8cbe00000-7fd8cc000000 rw-s 1073c2000 00:11 1094                      anon_inode:i915.gem
7fd8cc000000-7fd8cc021000 rw-p 00000000 00:00 0 
7fd8cc021000-7fd8d0000000 ---p 00000000 00:00 0 
7fd8d0000000-7fd8d0021000 rw-p 00000000 00:00 0 
7fd8d0021000-7fd8d4000000 ---p 00000000 00:00 0 
7fd8d4000000-7fd8d4021000 rw-p 00000000 00:00 0 
7fd8d4021000-7fd8d8000000 ---p 00000000 00:00 0 
7fd8d81fd000-7fd8d9a00000 rw-p 00000000 00:00 0 
7fd8d9a00000-7fd8d9f5b000 r--p 00000000 103:03 5806847                   /usr/lib/libLLVM.so.22.1
7fd8d9f5b000-7fd8dfc2e000 r-xp 0055b000 103:03 5806847                   /usr/lib/libLLVM.so.22.1
7fd8dfc2e000-7fd8e3cc0000 r--p 0622e000 103:03 5806847                   /usr/lib/libLLVM.so.22.1
7fd8e3cc0000-7fd8e3edc000 r--p 0a2c0000 103:03 5806847                   /usr/lib/libLLVM.so.22.1
7fd8e3edc000-7fd8e3ee6000 rw-p 0a4dc000 103:03 5806847                   /usr/lib/libLLVM.so.22.1
7fd8e3ee6000-7fd8e3fb6000 rw-p 00000000 00:00 0 
7fd8e4000000-7fd8e4021000 rw-p 00000000 00:00 0 
7fd8e4021000-7fd8e8000000 ---p 00000000 00:00 0 
7fd8e81ff000-7fd8e8a00000 rw-p 00000000 00:00 0 
7fd8e8a00000-7fd8e8a1a000 r--p 00000000 103:03 5806938                   /usr/lib/libgallium-26.1.2-arch1.1.so
7fd8e8a1a000-7fd8ea9c6000 r-xp 0001a000 103:03 5806938                   /usr/lib/libgallium-26.1.2-arch1.1.so
7fd8ea9c6000-7fd8ebc07000 r--p 01fc6000 103:03 5806938                   /usr/lib/libgallium-26.1.2-arch1.1.so
7fd8ebc07000-7fd8ebd78000 r--p 03207000 103:03 5806938                   /usr/lib/libgallium-26.1.2-arch1.1.so
7fd8ebd78000-7fd8ebdae000 rw-p 03378000 103:03 5806938                   /usr/lib/libgallium-26.1.2-arch1.1.so
7fd8ebdae000-7fd8ebf7b000 rw-p 00000000 00:00 0 
7fd8ec000000-7fd8ec021000 rw-p 00000000 00:00 0 
7fd8ec021000-7fd8f0000000 ---p 00000000 00:00 0 
7fd8f0000000-7fd8f0085000 rw-p 00000000 00:00 0 
7fd8f0085000-7fd8f4000000 ---p 00000000 00:00 0 
7fd8f4000000-7fd8f41d4000 rw-p 00000000 00:00 0 
7fd8f41d4000-7fd8f8000000 ---p 00000000 00:00 0 
7fd8f8000000-7fd8f8021000 rw-p 00000000 00:00 0 
7fd8f8021000-7fd8fc000000 ---p 00000000 00:00 0 
7fd8fc000000-7fd8fc021000 rw-p 00000000 00:00 0 
7fd8fc021000-7fd900000000 ---p 00000000 00:00 0 
7fd900000000-7fd9001a3000 rw-p 00000000 00:00 0 
7fd9001a3000-7fd904000000 ---p 00000000 00:00 0 
7fd904000000-7fd904021000 rw-p 00000000 00:00 0 
7fd904021000-7fd908000000 ---p 00000000 00:00 0 
7fd908000000-7fd908021000 rw-p 00000000 00:00 0 
7fd908021000-7fd90c000000 ---p 00000000 00:00 0 
7fd90c000000-7fd90c021000 rw-p 00000000 00:00 0 
7fd90c021000-7fd910000000 ---p 00000000 00:00 0 
7fd910000000-7fd910021000 rw-p 00000000 00:00 0 
7fd910021000-7fd914000000 ---p 00000000 00:00 0 
7fd914000000-7fd914021000 rw-p 00000000 00:00 0 
7fd914021000-7fd918000000 ---p 00000000 00:00 0 
7fd918010000-7fd918090000 rw-s 107922000 00:11 1094                      anon_inode:i915.gem
7fd918090000-7fd9180a0000 rw-s 107912000 00:11 1094                      anon_inode:i915.gem
7fd9180a0000-7fd9180b0000 rw-s 107902000 00:11 1094                      anon_inode:i915.gem
7fd9180b0000-7fd9180c0000 rw-s 1078f2000 00:11 1094                      anon_inode:i915.gem
7fd9180c0000-7fd9180d0000 rw-s 1078e2000 00:11 1094                      anon_inode:i915.gem
7fd9180d0000-7fd9180f0000 rw-s 107622000 00:11 1094                      anon_inode:i915.gem
7fd9180f0000-7fd918110000 rw-s 107602000 00:11 1094                      anon_inode:i915.gem
7fd918110000-7fd918130000 rw-s 1075e2000 00:11 1094                      anon_inode:i915.gem
7fd918130000-7fd918140000 rw-s 1075d2000 00:11 1094                      anon_inode:i915.gem
7fd918140000-7fd918150000 rw-s 1075c2000 00:11 1094                      anon_inode:i915.gem
7fd918150000-7fd918350000 rw-s 1071c2000 00:11 1094                      anon_inode:i915.gem
7fd918350000-7fd918360000 rw-s 1071b2000 00:11 1094                      anon_inode:i915.gem
7fd918360000-7fd918370000 rw-s 1071a2000 00:11 1094                      anon_inode:i915.gem
7fd918370000-7fd918380000 rw-s 107192000 00:11 1094                      anon_inode:i915.gem
7fd918380000-7fd918390000 rw-s 104c08000 00:11 1094                      anon_inode:i915.gem
7fd918390000-7fd9183a0000 rw-s 104bf8000 00:11 1094                      anon_inode:i915.gem
7fd9183a0000-7fd9183b0000 rw-s 104be8000 00:11 1094                      anon_inode:i915.gem
7fd9183b0000-7fd9183c0000 rw-s 106582000 00:11 1094                      anon_inode:i915.gem
7fd9183c0000-7fd9183d0000 rw-s 106572000 00:11 1094                      anon_inode:i915.gem
7fd9183d0000-7fd9183e0000 rw-s 104b98000 00:11 1094                      anon_inode:i915.gem
7fd9183e0000-7fd9183f0000 rw-s 104b88000 00:11 1094                      anon_inode:i915.gem
7fd9183f0000-7fd918400000 rw-s 104b68000 00:11 1094                      anon_inode:i915.gem
7fd918400000-7fd918601000 rw-s 00000000 103:04 6029652                   /home/oli/.cache/mesa_shader_cache/index
7fd918602000-7fd918612000 rw-s 104b58000 00:11 1094                      anon_inode:i915.gem
7fd918612000-7fd918692000 rw-s 104a98000 00:11 1094                      anon_inode:i915.gem
7fd918692000-7fd918760000 rw-p 00000000 00:00 0 
7fd918760000-7fd918780000 rw-s 1057f8000 00:11 1094                      anon_inode:i915.gem
7fd918780000-7fd918800000 rw-s 105838000 00:11 1094                      anon_inode:i915.gem
7fd918800000-7fd918a00000 rw-s 104d18000 00:11 1094                      anon_inode:i915.gem
7fd918a00000-7fd91a994000 r--p 00000000 103:03 5788072                   /usr/lib/libicudata.so.78.3
7fd91a994000-7fd91a995000 r--p 01f93000 103:03 5788072                   /usr/lib/libicudata.so.78.3
7fd91a9a0000-7fd91a9c0000 rw-s 1057d8000 00:11 1094                      anon_inode:i915.gem
7fd91a9c0000-7fd91aa00000 rw-s 100a4d000 00:11 1094                      anon_inode:i915.gem
7fd91aa00000-7fd91aa48000 r--p 00000000 103:03 5788087                   /usr/lib/libicuuc.so.78.3
7fd91aa48000-7fd91ab61000 r-xp 00048000 103:03 5788087                   /usr/lib/libicuuc.so.78.3
7fd91ab61000-7fd91abfa000 r--p 00161000 103:03 5788087                   /usr/lib/libicuuc.so.78.3
7fd91abfa000-7fd91ac0d000 r--p 001fa000 103:03 5788087                   /usr/lib/libicuuc.so.78.3
7fd91ac0d000-7fd91ac0e000 rw-p 0020d000 103:03 5788087                   /usr/lib/libicuuc.so.78.3
7fd91ac0e000-7fd91ac10000 rw-p 00000000 00:00 0 
7fd91ac1d000-7fd91ac2d000 rw-s 103efd000 00:11 1094                      anon_inode:i915.gem
7fd91ac2d000-7fd91ac4d000 rw-s 1057b8000 00:11 1094                      anon_inode:i915.gem
7fd91ac4d000-7fd91ac5a000 r--p 00000000 103:03 5771154                   /usr/lib/libncursesw.so.6.6
7fd91ac5a000-7fd91aca0000 r-xp 0000d000 103:03 5771154                   /usr/lib/libncursesw.so.6.6
7fd91aca0000-7fd91acb7000 r--p 00053000 103:03 5771154                   /usr/lib/libncursesw.so.6.6
7fd91acb7000-7fd91acbc000 r--p 00069000 103:03 5771154                   /usr/lib/libncursesw.so.6.6
7fd91acbc000-7fd91acbd000 rw-p 0006e000 103:03 5771154                   /usr/lib/libncursesw.so.6.6
7fd91acbd000-7fd91acd7000 r--p 00000000 103:03 5788170                   /usr/lib/libxml2.so.16.1.3
7fd91acd7000-7fd91ada8000 r-xp 0001a000 103:03 5788170                   /usr/lib/libxml2.so.16.1.3
7fd91ada8000-7fd91aded000 r--p 000eb000 103:03 5788170                   /usr/lib/libxml2.so.16.1.3
7fd91aded000-7fd91adf6000 r--p 00130000 103:03 5788170                   /usr/lib/libxml2.so.16.1.3
7fd91adf6000-7fd91adf7000 rw-p 00139000 103:03 5788170                   /usr/lib/libxml2.so.16.1.3
7fd91adf7000-7fd91adf8000 rw-p 00000000 00:00 0 
7fd91adf8000-7fd91adfe000 r--p 00000000 103:03 5806798                   /usr/lib/libedit.so.0.0.78
7fd91adfe000-7fd91ae20000 r-xp 00006000 103:03 5806798                   /usr/lib/libedit.so.0.0.78
7fd91ae20000-7fd91ae2e000 r--p 00028000 103:03 5806798                   /usr/lib/libedit.so.0.0.78
7fd91ae2e000-7fd91ae31000 r--p 00035000 103:03 5806798                   /usr/lib/libedit.so.0.0.78
7fd91ae31000-7fd91ae32000 rw-p 00038000 103:03 5806798                   /usr/lib/libedit.so.0.0.78
7fd91ae32000-7fd91ae35000 rw-p 00000000 00:00 0 
7fd91ae35000-7fd91ae4c000 r--p 00000000 103:03 5806894                   /usr/lib/libSPIRV-Tools.so
7fd91ae4c000-7fd91af77000 r-xp 00017000 103:03 5806894                   /usr/lib/libSPIRV-Tools.so
7fd91af77000-7fd91affc000 r--p 00142000 103:03 5806894                   /usr/lib/libSPIRV-Tools.so
7fd91affc000-7fd91afff000 r--p 001c6000 103:03 5806894                   /usr/lib/libSPIRV-Tools.so
7fd91afff000-7fd91b000000 rw-p 001c9000 103:03 5806894                   /usr/lib/libSPIRV-Tools.so
7fd91b000000-7fd91b1a0000 rw-p 00000000 00:00 0 
7fd91b1a0000-7fd91b400000 ---p 00000000 00:00 0 
7fd91b400000-7fd91b5d0000 rw-p 00000000 00:00 0 
7fd91b5d0000-7fd91f000000 ---p 00000000 00:00 0 
7fd91f000000-7fd91fc9b000 rw-p 00001000 103:03 6422945                   /usr/lib/jvm/java-21-openjdk/lib/server/classes.jsa
7fd91fc9b000-7fd920000000 ---p 00000000 00:00 0 
7fd920000000-7fd920030000 rw-p 00000000 00:00 0 
7fd920030000-7fd920040000 ---p 00000000 00:00 0 
7fd920040000-7fd920060000 rw-p 00000000 00:00 0 
7fd920060000-7fd960000000 ---p 00000000 00:00 0 
7fd960000000-7fd960021000 rw-p 00000000 00:00 0 
7fd960021000-7fd964000000 ---p 00000000 00:00 0 
7fd964000000-7fd964021000 rw-p 00000000 00:00 0 
7fd964021000-7fd968000000 ---p 00000000 00:00 0 
7fd968000000-7fd968021000 rw-p 00000000 00:00 0 
7fd968021000-7fd96c000000 ---p 00000000 00:00 0 
7fd96c009000-7fd96c00b000 r--p 00000000 103:03 5806727                   /usr/lib/libpciaccess.so.0.11.1
7fd96c00b000-7fd96c010000 r-xp 00002000 103:03 5806727                   /usr/lib/libpciaccess.so.0.11.1
7fd96c010000-7fd96c012000 r--p 00007000 103:03 5806727                   /usr/lib/libpciaccess.so.0.11.1
7fd96c012000-7fd96c013000 r--p 00008000 103:03 5806727                   /usr/lib/libpciaccess.so.0.11.1
7fd96c013000-7fd96c014000 rw-p 00009000 103:03 5806727                   /usr/lib/libpciaccess.so.0.11.1
7fd96c014000-7fd96c017000 r--p 00000000 103:03 5806749                   /usr/lib/libdrm_intel.so.1.134.0
7fd96c017000-7fd96c02e000 r-xp 00003000 103:03 5806749                   /usr/lib/libdrm_intel.so.1.134.0
7fd96c02e000-7fd96c038000 r--p 0001a000 103:03 5806749                   /usr/lib/libdrm_intel.so.1.134.0
7fd96c038000-7fd96c039000 r--p 00024000 103:03 5806749                   /usr/lib/libdrm_intel.so.1.134.0
7fd96c039000-7fd96c03a000 rw-p 00025000 103:03 5806749                   /usr/lib/libdrm_intel.so.1.134.0
7fd96c03a000-7fd96c03d000 r--p 00000000 103:03 5806745                   /usr/lib/libdrm_amdgpu.so.1.134.0
7fd96c03d000-7fd96c043000 r-xp 00003000 103:03 5806745                   /usr/lib/libdrm_amdgpu.so.1.134.0
7fd96c043000-7fd96c045000 r--p 00009000 103:03 5806745                   /usr/lib/libdrm_amdgpu.so.1.134.0
7fd96c045000-7fd96c046000 r--p 0000a000 103:03 5806745                   /usr/lib/libdrm_amdgpu.so.1.134.0
7fd96c046000-7fd96c047000 rw-p 0000b000 103:03 5806745                   /usr/lib/libdrm_amdgpu.so.1.134.0
7fd96c047000-7fd96c04a000 r--p 00000000 103:03 5791963                   /usr/lib/libelf-0.195.so
7fd96c04a000-7fd96c05d000 r-xp 00003000 103:03 5791963                   /usr/lib/libelf-0.195.so
7fd96c05d000-7fd96c061000 r--p 00016000 103:03 5791963                   /usr/lib/libelf-0.195.so
7fd96c061000-7fd96c062000 r--p 0001a000 103:03 5791963                   /usr/lib/libelf-0.195.so
7fd96c062000-7fd96c063000 rw-p 0001b000 103:03 5791963                   /usr/lib/libelf-0.195.so
7fd96c063000-7fd96c064000 r--p 00000000 103:03 5806766                   /usr/lib/libxshmfence.so.1.0.0
7fd96c064000-7fd96c065000 r-xp 00001000 103:03 5806766                   /usr/lib/libxshmfence.so.1.0.0
7fd96c065000-7fd96c066000 r--p 00002000 103:03 5806766                   /usr/lib/libxshmfence.so.1.0.0
7fd96c066000-7fd96c067000 r--p 00002000 103:03 5806766                   /usr/lib/libxshmfence.so.1.0.0
7fd96c067000-7fd96c068000 rw-p 00003000 103:03 5806766                   /usr/lib/libxshmfence.so.1.0.0
7fd96c068000-7fd96c06b000 r--p 00000000 103:03 5803478                   /usr/lib/libxcb-sync.so.1.0.0
7fd96c06b000-7fd96c06e000 r-xp 00003000 103:03 5803478                   /usr/lib/libxcb-sync.so.1.0.0
7fd96c06e000-7fd96c06f000 r--p 00006000 103:03 5803478                   /usr/lib/libxcb-sync.so.1.0.0
7fd96c06f000-7fd96c070000 r--p 00007000 103:03 5803478                   /usr/lib/libxcb-sync.so.1.0.0
7fd96c070000-7fd96c071000 rw-p 00008000 103:03 5803478                   /usr/lib/libxcb-sync.so.1.0.0
7fd96c071000-7fd96c073000 r--p 00000000 103:03 5806863                   /usr/lib/libsensors.so.5.0.0
7fd96c073000-7fd96c07a000 r-xp 00002000 103:03 5806863                   /usr/lib/libsensors.so.5.0.0
7fd96c07a000-7fd96c07e000 r--p 00009000 103:03 5806863                   /usr/lib/libsensors.so.5.0.0
7fd96c07e000-7fd96c07f000 r--p 0000d000 103:03 5806863                   /usr/lib/libsensors.so.5.0.0
7fd96c07f000-7fd96c080000 rw-p 0000e000 103:03 5806863                   /usr/lib/libsensors.so.5.0.0
7fd96c080000-7fd96c08c000 r--p 00000000 103:03 5775762                   /usr/lib/libzstd.so.1.5.7
7fd96c08c000-7fd96c14d000 r-xp 0000c000 103:03 5775762                   /usr/lib/libzstd.so.1.5.7
7fd96c14d000-7fd96c162000 r--p 000cd000 103:03 5775762                   /usr/lib/libzstd.so.1.5.7
7fd96c162000-7fd96c163000 r--p 000e2000 103:03 5775762                   /usr/lib/libzstd.so.1.5.7
7fd96c163000-7fd96c164000 rw-p 000e3000 103:03 5775762                   /usr/lib/libzstd.so.1.5.7
7fd96c164000-7fd96c165000 r--p 00000000 103:03 5803454                   /usr/lib/libxcb-present.so.0.0.0
7fd96c165000-7fd96c166000 r-xp 00001000 103:03 5803454                   /usr/lib/libxcb-present.so.0.0.0
7fd96c166000-7fd96c167000 r--p 00002000 103:03 5803454                   /usr/lib/libxcb-present.so.0.0.0
7fd96c167000-7fd96c168000 r--p 00002000 103:03 5803454                   /usr/lib/libxcb-present.so.0.0.0
7fd96c168000-7fd96c169000 rw-p 00003000 103:03 5803454                   /usr/lib/libxcb-present.so.0.0.0
7fd96c169000-7fd96c16b000 r--p 00000000 103:03 5803448                   /usr/lib/libxcb-dri3.so.0.1.0
7fd96c16b000-7fd96c16d000 r-xp 00002000 103:03 5803448                   /usr/lib/libxcb-dri3.so.0.1.0
7fd96c16d000-7fd96c16e000 r--p 00004000 103:03 5803448                   /usr/lib/libxcb-dri3.so.0.1.0
7fd96c16e000-7fd96c16f000 r--p 00004000 103:03 5803448                   /usr/lib/libxcb-dri3.so.0.1.0
7fd96c16f000-7fd96c170000 rw-p 00005000 103:03 5803448                   /usr/lib/libxcb-dri3.so.0.1.0
7fd96c170000-7fd96c175000 r--p 00000000 103:03 5806741                   /usr/lib/libdrm.so.2.134.0
7fd96c175000-7fd96c181000 r-xp 00005000 103:03 5806741                   /usr/lib/libdrm.so.2.134.0
7fd96c181000-7fd96c185000 r--p 00011000 103:03 5806741                   /usr/lib/libdrm.so.2.134.0
7fd96c185000-7fd96c186000 r--p 00015000 103:03 5806741                   /usr/lib/libdrm.so.2.134.0
7fd96c186000-7fd96c187000 rw-p 00016000 103:03 5806741                   /usr/lib/libdrm.so.2.134.0
7fd96c187000-7fd96c189000 r--p 00000000 103:03 5792773                   /usr/lib/libexpat.so.1.12.1
7fd96c189000-7fd96c1aa000 r-xp 00002000 103:03 5792773                   /usr/lib/libexpat.so.1.12.1
7fd96c1aa000-7fd96c1b3000 r--p 00023000 103:03 5792773                   /usr/lib/libexpat.so.1.12.1
7fd96c1b3000-7fd96c1b5000 r--p 0002b000 103:03 5792773                   /usr/lib/libexpat.so.1.12.1
7fd96c1b5000-7fd96c1b6000 rw-p 0002d000 103:03 5792773                   /usr/lib/libexpat.so.1.12.1
7fd96c1b6000-7fd96c1bc000 r--p 00000000 103:03 5806933                   /usr/lib/libEGL_mesa.so.0.0.0
7fd96c1bc000-7fd96c1f6000 r-xp 00006000 103:03 5806933                   /usr/lib/libEGL_mesa.so.0.0.0
7fd96c1f6000-7fd96c209000 r--p 00040000 103:03 5806933                   /usr/lib/libEGL_mesa.so.0.0.0
7fd96c209000-7fd96c216000 r--p 00052000 103:03 5806933                   /usr/lib/libEGL_mesa.so.0.0.0
7fd96c216000-7fd96c217000 rw-p 0005f000 103:03 5806933                   /usr/lib/libEGL_mesa.so.0.0.0
7fd96c217000-7fd96c218000 rw-p 00000000 00:00 0 
7fd96c218000-7fd96c224000 r--p 00000000 103:03 5803505                   /usr/lib/libxcb.so.1.1.0
7fd96c224000-7fd96c238000 r-xp 0000c000 103:03 5803505                   /usr/lib/libxcb.so.1.1.0
7fd96c238000-7fd96c241000 r--p 00020000 103:03 5803505                   /usr/lib/libxcb.so.1.1.0
7fd96c241000-7fd96c242000 r--p 00028000 103:03 5803505                   /usr/lib/libxcb.so.1.1.0
7fd96c242000-7fd96c243000 rw-p 00029000 103:03 5803505                   /usr/lib/libxcb.so.1.1.0
7fd96c243000-7fd96c25a000 r--p 00000000 103:03 5805847                   /usr/lib/libX11.so.6.4.0
7fd96c25a000-7fd96c2eb000 r-xp 00017000 103:03 5805847                   /usr/lib/libX11.so.6.4.0
7fd96c2eb000-7fd96c37f000 r--p 000a8000 103:03 5805847                   /usr/lib/libX11.so.6.4.0
7fd96c37f000-7fd96c382000 r--p 0013c000 103:03 5805847                   /usr/lib/libX11.so.6.4.0
7fd96c382000-7fd96c386000 rw-p 0013f000 103:03 5805847                   /usr/lib/libX11.so.6.4.0
7fd96c386000-7fd96c388000 r--p 00000000 103:03 5806958                   /usr/lib/libGLdispatch.so.0.0.0
7fd96c388000-7fd96c3c7000 r-xp 00002000 103:03 5806958                   /usr/lib/libGLdispatch.so.0.0.0
7fd96c3c7000-7fd96c3da000 r--p 00041000 103:03 5806958                   /usr/lib/libGLdispatch.so.0.0.0
7fd96c3da000-7fd96c3f6000 r--p 00054000 103:03 5806958                   /usr/lib/libGLdispatch.so.0.0.0
7fd96c3f6000-7fd96c3f7000 rw-p 00070000 103:03 5806958                   /usr/lib/libGLdispatch.so.0.0.0
7fd96c3f7000-7fd96c3ff000 rw-p 00000000 00:00 0 
7fd96c3ff000-7fd96cc00000 rw-p 00000000 00:00 0 
7fd96cc00000-7fd96cec4000 r-xp 00000000 103:03 524373                    /tmp/lwjgl_oli/3.4.1+2/x64/libSDL3.so
7fd96cec4000-7fd96cfba000 r--p 002c4000 103:03 524373                    /tmp/lwjgl_oli/3.4.1+2/x64/libSDL3.so
7fd96cfba000-7fd96cfc8000 r--p 003ba000 103:03 524373                    /tmp/lwjgl_oli/3.4.1+2/x64/libSDL3.so
7fd96cfc8000-7fd96cfd5000 rw-p 003c8000 103:03 524373                    /tmp/lwjgl_oli/3.4.1+2/x64/libSDL3.so
7fd96cfd5000-7fd96cfdc000 rw-p 00000000 00:00 0 
7fd96cfe0000-7fd96cfe1000 r--p 00000000 103:03 5803475                   /usr/lib/libxcb-shm.so.0.0.0
7fd96cfe1000-7fd96cfe2000 r-xp 00001000 103:03 5803475                   /usr/lib/libxcb-shm.so.0.0.0
7fd96cfe2000-7fd96cfe3000 r--p 00002000 103:03 5803475                   /usr/lib/libxcb-shm.so.0.0.0
7fd96cfe3000-7fd96cfe4000 r--p 00002000 103:03 5803475                   /usr/lib/libxcb-shm.so.0.0.0
7fd96cfe4000-7fd96cfe5000 rw-p 00003000 103:03 5803475                   /usr/lib/libxcb-shm.so.0.0.0
7fd96cfe5000-7fd96cfe8000 r--p 00000000 103:03 5803484                   /usr/lib/libxcb-xfixes.so.0.0.0
7fd96cfe8000-7fd96cfeb000 r-xp 00003000 103:03 5803484                   /usr/lib/libxcb-xfixes.so.0.0.0
7fd96cfeb000-7fd96cfec000 r--p 00006000 103:03 5803484                   /usr/lib/libxcb-xfixes.so.0.0.0
7fd96cfec000-7fd96cfed000 r--p 00007000 103:03 5803484                   /usr/lib/libxcb-xfixes.so.0.0.0
7fd96cfed000-7fd96cfee000 rw-p 00008000 103:03 5803484                   /usr/lib/libxcb-xfixes.so.0.0.0
7fd96cfee000-7fd96cff5000 r--p 00000000 103:03 5803457                   /usr/lib/libxcb-randr.so.0.1.0
7fd96cff5000-7fd96cffb000 r-xp 00007000 103:03 5803457                   /usr/lib/libxcb-randr.so.0.1.0
7fd96cffb000-7fd96cffe000 r--p 0000d000 103:03 5803457                   /usr/lib/libxcb-randr.so.0.1.0
7fd96cffe000-7fd96cfff000 r--p 00010000 103:03 5803457                   /usr/lib/libxcb-randr.so.0.1.0
7fd96cfff000-7fd96d000000 rw-p 00011000 103:03 5803457                   /usr/lib/libxcb-randr.so.0.1.0
7fd96d000000-7fd96d02f000 r--p 00000000 103:03 5806949                   /usr/lib/libGL.so.1.7.0
7fd96d02f000-7fd96d04e000 r-xp 0002f000 103:03 5806949                   /usr/lib/libGL.so.1.7.0
7fd96d04e000-7fd96d063000 r--p 0004e000 103:03 5806949                   /usr/lib/libGL.so.1.7.0
7fd96d063000-7fd96d071000 r--p 00062000 103:03 5806949                   /usr/lib/libGL.so.1.7.0
7fd96d071000-7fd96d072000 rw-p 00070000 103:03 5806949                   /usr/lib/libGL.so.1.7.0
7fd96d072000-7fd96d073000 rw-p 00000000 00:00 0 
7fd96d073000-7fd96d077000 r--p 00000000 103:03 5808451                   /usr/lib/libxkbcommon.so.0.13.2
7fd96d077000-7fd96d0a6000 r-xp 00004000 103:03 5808451                   /usr/lib/libxkbcommon.so.0.13.2
7fd96d0a6000-7fd96d0d0000 r--p 00033000 103:03 5808451                   /usr/lib/libxkbcommon.so.0.13.2
7fd96d0d0000-7fd96d0d2000 r--p 0005d000 103:03 5808451                   /usr/lib/libxkbcommon.so.0.13.2
7fd96d0d2000-7fd96d0d3000 rw-p 0005f000 103:03 5808451                   /usr/lib/libxkbcommon.so.0.13.2
7fd96d0d3000-7fd96d0e1000 r--p 00000000 103:03 5792820                   /usr/lib/libdbus-1.so.3.38.3
7fd96d0e1000-7fd96d110000 r-xp 0000e000 103:03 5792820                   /usr/lib/libdbus-1.so.3.38.3
7fd96d110000-7fd96d122000 r--p 0003d000 103:03 5792820                   /usr/lib/libdbus-1.so.3.38.3
7fd96d122000-7fd96d124000 r--p 0004f000 103:03 5792820                   /usr/lib/libdbus-1.so.3.38.3
7fd96d124000-7fd96d125000 rw-p 00051000 103:03 5792820                   /usr/lib/libdbus-1.so.3.38.3
7fd96d125000-7fd96d126000 rw-p 00000000 00:00 0 
7fd96d126000-7fd96d12a000 ---p 00000000 00:00 0 
7fd96d12a000-7fd96d227000 rw-p 00000000 00:00 0 
7fd96d227000-7fd96d22b000 ---p 00000000 00:00 0 
7fd96d22b000-7fd96d328000 rw-p 00000000 00:00 0 
7fd96d328000-7fd96d32c000 ---p 00000000 00:00 0 
7fd96d32c000-7fd96d428000 rw-p 00000000 00:00 0 
7fd96d428000-7fd96d42d000 r--p 00000000 103:03 6422919                   /usr/lib/jvm/java-21-openjdk/lib/libjsvml.so
7fd96d42d000-7fd96d46e000 r-xp 00005000 103:03 6422919                   /usr/lib/jvm/java-21-openjdk/lib/libjsvml.so
7fd96d46e000-7fd96d4f7000 r--p 00046000 103:03 6422919                   /usr/lib/jvm/java-21-openjdk/lib/libjsvml.so
7fd96d4f7000-7fd96d4f8000 r--p 000ce000 103:03 6422919                   /usr/lib/jvm/java-21-openjdk/lib/libjsvml.so
7fd96d4f8000-7fd96d4f9000 rw-p 000cf000 103:03 6422919                   /usr/lib/jvm/java-21-openjdk/lib/libjsvml.so
7fd96d4f9000-7fd96d4fa000 rw-p 00000000 00:00 0 
7fd96d4fa000-7fd96d4fe000 ---p 00000000 00:00 0 
7fd96d4fe000-7fd96d5fb000 rw-p 00000000 00:00 0 
7fd96d5fb000-7fd96d5ff000 ---p 00000000 00:00 0 
7fd96d5ff000-7fd96d6fc000 rw-p 00000000 00:00 0 
7fd96d6fc000-7fd96d700000 ---p 00000000 00:00 0 
7fd96d700000-7fd96d7fd000 rw-p 00000000 00:00 0 
7fd96d7fd000-7fd96d801000 ---p 00000000 00:00 0 
7fd96d801000-7fd96d8fe000 rw-p 00000000 00:00 0 
7fd96d8fe000-7fd96d902000 ---p 00000000 00:00 0 
7fd96d902000-7fd96d9ff000 rw-p 00000000 00:00 0 
7fd96d9ff000-7fd96da03000 ---p 00000000 00:00 0 
7fd96da03000-7fd96db00000 rw-p 00000000 00:00 0 
7fd96db00000-7fd96db04000 ---p 00000000 00:00 0 
7fd96db04000-7fd96dc00000 rw-p 00000000 00:00 0 
7fd96dc00000-7fd96deed000 r--p 00000000 103:03 5802412                   /usr/lib/locale/locale-archive
7fd96def0000-7fd96def1000 r--p 00000000 103:03 5805844                   /usr/lib/libX11-xcb.so.1.0.0
7fd96def1000-7fd96def2000 r-xp 00001000 103:03 5805844                   /usr/lib/libX11-xcb.so.1.0.0
7fd96def2000-7fd96def3000 r--p 00002000 103:03 5805844                   /usr/lib/libX11-xcb.so.1.0.0
7fd96def3000-7fd96def4000 r--p 00002000 103:03 5805844                   /usr/lib/libX11-xcb.so.1.0.0
7fd96def4000-7fd96def5000 rw-p 00003000 103:03 5805844                   /usr/lib/libX11-xcb.so.1.0.0
7fd96def5000-7fd96def7000 r--p 00000000 103:03 5806955                   /usr/lib/libGLX.so.0.0.0
7fd96def7000-7fd96df11000 r-xp 00002000 103:03 5806955                   /usr/lib/libGLX.so.0.0.0
7fd96df11000-7fd96df14000 r--p 0001c000 103:03 5806955                   /usr/lib/libGLX.so.0.0.0
7fd96df14000-7fd96df15000 r--p 0001f000 103:03 5806955                   /usr/lib/libGLX.so.0.0.0
7fd96df15000-7fd96df16000 rw-p 00020000 103:03 5806955                   /usr/lib/libGLX.so.0.0.0
7fd96df16000-7fd96df26000 rw-p 00000000 00:00 0 
7fd96df26000-7fd96df5b000 r-xp 00000000 103:03 524310                    /tmp/lwjgl_oli/3.4.1+2/x64/liblwjgl.so
7fd96df5b000-7fd96dfa3000 r--p 00035000 103:03 524310                    /tmp/lwjgl_oli/3.4.1+2/x64/liblwjgl.so
7fd96dfa3000-7fd96dfa4000 r--p 0007c000 103:03 524310                    /tmp/lwjgl_oli/3.4.1+2/x64/liblwjgl.so
7fd96dfa4000-7fd96dfa5000 rw-p 0007d000 103:03 524310                    /tmp/lwjgl_oli/3.4.1+2/x64/liblwjgl.so
7fd96dfa5000-7fd96e000000 r--p 00000000 103:03 5770283                   /usr/lib/locale/C.utf8/LC_CTYPE
7fd96e000000-7fd970021000 rw-p 00000000 00:00 0 
7fd970021000-7fd974000000 ---p 00000000 00:00 0 
7fd974000000-7fd974021000 rw-p 00000000 00:00 0 
7fd974021000-7fd978000000 ---p 00000000 00:00 0 
7fd978000000-7fd978021000 rw-p 00000000 00:00 0 
7fd978021000-7fd97c000000 ---p 00000000 00:00 0 
7fd97c002000-7fd97c004000 r--p 00000000 103:03 5806941                   /usr/lib/libgbm.so.1.0.0
7fd97c004000-7fd97c005000 r-xp 00002000 103:03 5806941                   /usr/lib/libgbm.so.1.0.0
7fd97c005000-7fd97c006000 r--p 00003000 103:03 5806941                   /usr/lib/libgbm.so.1.0.0
7fd97c006000-7fd97c007000 r--p 00003000 103:03 5806941                   /usr/lib/libgbm.so.1.0.0
7fd97c007000-7fd97c008000 rw-p 00004000 103:03 5806941                   /usr/lib/libgbm.so.1.0.0
7fd97c008000-7fd97c00a000 r--p 00000000 103:03 5806946                   /usr/lib/libEGL.so.1.1.0
7fd97c00a000-7fd97c013000 r-xp 00002000 103:03 5806946                   /usr/lib/libEGL.so.1.1.0
7fd97c013000-7fd97c017000 r--p 0000b000 103:03 5806946                   /usr/lib/libEGL.so.1.1.0
7fd97c017000-7fd97c018000 r--p 0000e000 103:03 5806946                   /usr/lib/libEGL.so.1.1.0
7fd97c018000-7fd97c019000 rw-p 0000f000 103:03 5806946                   /usr/lib/libEGL.so.1.1.0
7fd97c019000-7fd97c01b000 r--p 00000000 103:03 5803416                   /usr/lib/libXdmcp.so.6.0.0
7fd97c01b000-7fd97c01d000 r-xp 00002000 103:03 5803416                   /usr/lib/libXdmcp.so.6.0.0
7fd97c01d000-7fd97c01f000 r--p 00004000 103:03 5803416                   /usr/lib/libXdmcp.so.6.0.0
7fd97c01f000-7fd97c020000 r--p 00005000 103:03 5803416                   /usr/lib/libXdmcp.so.6.0.0
7fd97c020000-7fd97c021000 rw-p 00006000 103:03 5803416                   /usr/lib/libXdmcp.so.6.0.0
7fd97c021000-7fd97c223000 rw-p 00000000 00:00 0 
7fd97c223000-7fd97c2ff000 rw-p 00000000 00:00 0 
7fd97c2ff000-7fd97c400000 rw-p 00000000 00:00 0 
7fd97c400000-7fd97c670000 rwxp 00000000 00:00 0 
7fd97c670000-7fd983937000 ---p 00000000 00:00 0 
7fd983937000-7fd983ba7000 rwxp 00000000 00:00 0 
7fd983ba7000-7fd983ec9000 ---p 00000000 00:00 0 
7fd983ec9000-7fd984139000 rwxp 00000000 00:00 0 
7fd984139000-7fd98b400000 ---p 00000000 00:00 0 
7fd98b400000-7fd993ecf000 r--s 00000000 103:03 6422936                   /usr/lib/jvm/java-21-openjdk/lib/modules
7fd993ed1000-7fd993ed4000 r--p 00000000 103:03 5808431                   /usr/lib/libdecor-0.so.0.200.5
7fd993ed4000-7fd993ed7000 r-xp 00003000 103:03 5808431                   /usr/lib/libdecor-0.so.0.200.5
7fd993ed7000-7fd993ed9000 r--p 00006000 103:03 5808431                   /usr/lib/libdecor-0.so.0.200.5
7fd993ed9000-7fd993eda000 r--p 00007000 103:03 5808431                   /usr/lib/libdecor-0.so.0.200.5
7fd993eda000-7fd993edb000 rw-p 00008000 103:03 5808431                   /usr/lib/libdecor-0.so.0.200.5
7fd993edb000-7fd993edc000 r--p 00000000 103:03 5806915                   /usr/lib/libwayland-cursor.so.0.25.0
7fd993edc000-7fd993ede000 r-xp 00001000 103:03 5806915                   /usr/lib/libwayland-cursor.so.0.25.0
7fd993ede000-7fd993edf000 r--p 00003000 103:03 5806915                   /usr/lib/libwayland-cursor.so.0.25.0
7fd993edf000-7fd993ee0000 r--p 00003000 103:03 5806915                   /usr/lib/libwayland-cursor.so.0.25.0
7fd993ee0000-7fd993ee4000 rw-p 00004000 103:03 5806915                   /usr/lib/libwayland-cursor.so.0.25.0
7fd993ee4000-7fd993ee6000 r--p 00000000 103:03 5785193                   /usr/lib/libffi.so.8.2.0
7fd993ee6000-7fd993eec000 r-xp 00002000 103:03 5785193                   /usr/lib/libffi.so.8.2.0
7fd993eec000-7fd993eed000 r--p 00008000 103:03 5785193                   /usr/lib/libffi.so.8.2.0
7fd993eed000-7fd993eee000 r--p 00009000 103:03 5785193                   /usr/lib/libffi.so.8.2.0
7fd993eee000-7fd993eef000 rw-p 0000a000 103:03 5785193                   /usr/lib/libffi.so.8.2.0
7fd993eef000-7fd993ef2000 r--p 00000000 103:03 5806912                   /usr/lib/libwayland-client.so.0.25.0
7fd993ef2000-7fd993ef9000 r-xp 00003000 103:03 5806912                   /usr/lib/libwayland-client.so.0.25.0
7fd993ef9000-7fd993efc000 r--p 0000a000 103:03 5806912                   /usr/lib/libwayland-client.so.0.25.0
7fd993efc000-7fd993efe000 r--p 0000c000 103:03 5806912                   /usr/lib/libwayland-client.so.0.25.0
7fd993efe000-7fd993eff000 rw-p 0000e000 103:03 5806912                   /usr/lib/libwayland-client.so.0.25.0
7fd993eff000-7fd994000000 rw-p 00000000 00:00 0 
7fd994000000-7fd99501e000 rw-p 00000000 00:00 0 
7fd99501e000-7fd998000000 ---p 00000000 00:00 0 
7fd998000000-7fd998001000 r--p 00000000 103:03 5803420                   /usr/lib/libXau.so.6.0.0
7fd998001000-7fd998002000 r-xp 00001000 103:03 5803420                   /usr/lib/libXau.so.6.0.0
7fd998002000-7fd998003000 r--p 00002000 103:03 5803420                   /usr/lib/libXau.so.6.0.0
7fd998003000-7fd998004000 r--p 00002000 103:03 5803420                   /usr/lib/libXau.so.6.0.0
7fd998004000-7fd998005000 rw-p 00003000 103:03 5803420                   /usr/lib/libXau.so.6.0.0
7fd998005000-7fd998006000 r--p 00000000 103:03 5806918                   /usr/lib/libwayland-egl.so.1.25.0
7fd998006000-7fd998007000 r-xp 00001000 103:03 5806918                   /usr/lib/libwayland-egl.so.1.25.0
7fd998007000-7fd998008000 r--p 00002000 103:03 5806918                   /usr/lib/libwayland-egl.so.1.25.0
7fd998008000-7fd998009000 r--p 00002000 103:03 5806918                   /usr/lib/libwayland-egl.so.1.25.0
7fd998009000-7fd99800a000 rw-p 00003000 103:03 5806918                   /usr/lib/libwayland-egl.so.1.25.0
7fd99800a000-7fd99800b000 r--p 00000000 103:03 5770269                   /usr/lib/libpthread.so.0
7fd99800b000-7fd99800c000 r-xp 00001000 103:03 5770269                   /usr/lib/libpthread.so.0
7fd99800c000-7fd99800d000 r--p 00002000 103:03 5770269                   /usr/lib/libpthread.so.0
7fd99800d000-7fd99800e000 r--p 00002000 103:03 5770269                   /usr/lib/libpthread.so.0
7fd99800e000-7fd99800f000 rw-p 00003000 103:03 5770269                   /usr/lib/libpthread.so.0
7fd99800f000-7fd998817000 rw-p 00000000 00:00 0 
7fd998817000-7fd998b1a000 rw-p 00000000 00:00 0 
7fd998b1a000-7fd998cfa000 rw-p 00000000 00:00 0 
7fd998cfa000-7fd99a8b2000 ---p 00000000 00:00 0 
7fd99a8b2000-7fd99a8f6000 rw-p 00000000 00:00 0 
7fd99a8f6000-7fd99ac6d000 ---p 00000000 00:00 0 
7fd99ac6d000-7fd99acaa000 rw-p 00000000 00:00 0 
7fd99acaa000-7fd99b021000 ---p 00000000 00:00 0 
7fd99b021000-7fd99b82f000 rw-p 00000000 00:00 0 
7fd99b82f000-7fd99b915000 ---p 00000000 00:00 0 
7fd99b915000-7fd99b91a000 rw-p 00000000 00:00 0 
7fd99b91a000-7fd99ba00000 ---p 00000000 00:00 0 
7fd99ba00000-7fd99ba9a000 r--p 00000000 103:03 5771053                   /usr/lib/libstdc++.so.6.0.35
7fd99ba9a000-7fd99bc1e000 r-xp 0009a000 103:03 5771053                   /usr/lib/libstdc++.so.6.0.35
7fd99bc1e000-7fd99bcbf000 r--p 0021e000 103:03 5771053                   /usr/lib/libstdc++.so.6.0.35
7fd99bcbf000-7fd99bcd0000 r--p 002be000 103:03 5771053                   /usr/lib/libstdc++.so.6.0.35
7fd99bcd0000-7fd99bcd1000 rw-p 002cf000 103:03 5771053                   /usr/lib/libstdc++.so.6.0.35
7fd99bcd1000-7fd99bcd5000 rw-p 00000000 00:00 0 
7fd99bcd7000-7fd99bcd8000 r--p 00000000 103:03 5770247                   /usr/lib/libdl.so.2
7fd99bcd8000-7fd99bcd9000 r-xp 00001000 103:03 5770247                   /usr/lib/libdl.so.2
7fd99bcd9000-7fd99bcda000 r--p 00002000 103:03 5770247                   /usr/lib/libdl.so.2
7fd99bcda000-7fd99bcdb000 r--p 00002000 103:03 5770247                   /usr/lib/libdl.so.2
7fd99bcdb000-7fd99bcdc000 rw-p 00003000 103:03 5770247                   /usr/lib/libdl.so.2
7fd99bce9000-7fd99bcea000 r--p 00000000 00:01 4096                       /memfd:kwin-dmabuf-feedback-table (deleted)
7fd99bcea000-7fd99bceb000 rw-s 103dc4000 00:11 1094                      anon_inode:i915.gem
7fd99bceb000-7fd99bcec000 rw-s 103dc3000 00:11 1094                      anon_inode:i915.gem
7fd99bcec000-7fd99bced000 rw-s 103dc8000 00:11 1094                      anon_inode:i915.gem
7fd99bced000-7fd99bcfd000 rw-s 104f18000 00:11 1094                      anon_inode:i915.gem
7fd99bcfd000-7fd99bcfe000 rw-s 1045d7000 00:11 1094                      anon_inode:i915.gem
7fd99bcfe000-7fd99bcff000 rw-p 00000000 00:00 0 
7fd99bcff000-7fd99bd00000 rw-p 00000000 00:00 0 
7fd99bd00000-7fd99bd04000 ---p 00000000 00:00 0 
7fd99bd04000-7fd99be00000 rw-p 00000000 00:00 0 
7fd99be00000-7fd99be10000 r--p 00000000 103:03 6422948                   /usr/lib/jvm/java-21-openjdk/lib/server/libjvm.so
7fd99be10000-7fd99cd17000 r-xp 00010000 103:03 6422948                   /usr/lib/jvm/java-21-openjdk/lib/server/libjvm.so
7fd99cd17000-7fd99cfea000 r--p 00f17000 103:03 6422948                   /usr/lib/jvm/java-21-openjdk/lib/server/libjvm.so
7fd99cfea000-7fd99d0c0000 r--p 011ea000 103:03 6422948                   /usr/lib/jvm/java-21-openjdk/lib/server/libjvm.so
7fd99d0c0000-7fd99d0f0000 rw-p 012c0000 103:03 6422948                   /usr/lib/jvm/java-21-openjdk/lib/server/libjvm.so
7fd99d0f0000-7fd99d156000 rw-p 00000000 00:00 0 
7fd99d156000-7fd99d158000 r--p 00000000 103:03 6422935                   /usr/lib/jvm/java-21-openjdk/lib/libzip.so
7fd99d158000-7fd99d15c000 r-xp 00002000 103:03 6422935                   /usr/lib/jvm/java-21-openjdk/lib/libzip.so
7fd99d15c000-7fd99d15e000 r--p 00006000 103:03 6422935                   /usr/lib/jvm/java-21-openjdk/lib/libzip.so
7fd99d15e000-7fd99d15f000 r--p 00007000 103:03 6422935                   /usr/lib/jvm/java-21-openjdk/lib/libzip.so
7fd99d15f000-7fd99d160000 rw-p 00008000 103:03 6422935                   /usr/lib/jvm/java-21-openjdk/lib/libzip.so
7fd99d160000-7fd99d163000 r--p 00000000 103:03 6422926                   /usr/lib/jvm/java-21-openjdk/lib/libnet.so
7fd99d163000-7fd99d16b000 r-xp 00003000 103:03 6422926                   /usr/lib/jvm/java-21-openjdk/lib/libnet.so
7fd99d16b000-7fd99d16d000 r--p 0000b000 103:03 6422926                   /usr/lib/jvm/java-21-openjdk/lib/libnet.so
7fd99d16d000-7fd99d16e000 r--p 0000c000 103:03 6422926                   /usr/lib/jvm/java-21-openjdk/lib/libnet.so
7fd99d16e000-7fd99d16f000 rw-p 0000d000 103:03 6422926                   /usr/lib/jvm/java-21-openjdk/lib/libnet.so
7fd99d16f000-7fd99d176000 r--p 00000000 103:03 6422927                   /usr/lib/jvm/java-21-openjdk/lib/libnio.so
7fd99d176000-7fd99d17f000 r-xp 00007000 103:03 6422927                   /usr/lib/jvm/java-21-openjdk/lib/libnio.so
7fd99d17f000-7fd99d183000 r--p 00010000 103:03 6422927                   /usr/lib/jvm/java-21-openjdk/lib/libnio.so
7fd99d183000-7fd99d184000 r--p 00014000 103:03 6422927                   /usr/lib/jvm/java-21-openjdk/lib/libnio.so
7fd99d184000-7fd99d185000 rw-p 00015000 103:03 6422927                   /usr/lib/jvm/java-21-openjdk/lib/libnio.so
7fd99d185000-7fd99d200000 rw-p 00000000 00:00 0 
7fd99d200000-7fd99d224000 r--p 00000000 103:03 5770242                   /usr/lib/libc.so.6
7fd99d224000-7fd99d38e000 r-xp 00024000 103:03 5770242                   /usr/lib/libc.so.6
7fd99d38e000-7fd99d40d000 r--p 0018e000 103:03 5770242                   /usr/lib/libc.so.6
7fd99d40d000-7fd99d411000 r--p 0020c000 103:03 5770242                   /usr/lib/libc.so.6
7fd99d411000-7fd99d413000 rw-p 00210000 103:03 5770242                   /usr/lib/libc.so.6
7fd99d413000-7fd99d41b000 rw-p 00000000 00:00 0 
7fd99d41b000-7fd99d41c000 r--p 00000000 103:03 5770290                   /usr/lib/locale/C.utf8/LC_NUMERIC
7fd99d41c000-7fd99d41d000 r--p 00000000 103:03 5770293                   /usr/lib/locale/C.utf8/LC_TIME
7fd99d41d000-7fd99d41e000 r--p 00000000 103:03 5770282                   /usr/lib/locale/C.utf8/LC_COLLATE
7fd99d41e000-7fd99d41f000 r--p 00000000 103:03 5770288                   /usr/lib/locale/C.utf8/LC_MONETARY
7fd99d41f000-7fd99d460000 rw-p 00000000 00:00 0 
7fd99d460000-7fd99d46a000 r--p 00000000 103:03 6422911                   /usr/lib/jvm/java-21-openjdk/lib/libjava.so
7fd99d46a000-7fd99d478000 r-xp 0000a000 103:03 6422911                   /usr/lib/jvm/java-21-openjdk/lib/libjava.so
7fd99d478000-7fd99d47d000 r--p 00018000 103:03 6422911                   /usr/lib/jvm/java-21-openjdk/lib/libjava.so
7fd99d47d000-7fd99d47e000 r--p 0001d000 103:03 6422911                   /usr/lib/jvm/java-21-openjdk/lib/libjava.so
7fd99d47e000-7fd99d47f000 rw-p 0001e000 103:03 6422911                   /usr/lib/jvm/java-21-openjdk/lib/libjava.so
7fd99d47f000-7fd99d480000 rw-p 00000000 00:00 0 
7fd99d480000-7fd99d484000 r--p 00000000 103:03 5771047                   /usr/lib/libgcc_s.so.1
7fd99d484000-7fd99d4a8000 r-xp 00004000 103:03 5771047                   /usr/lib/libgcc_s.so.1
7fd99d4a8000-7fd99d4ac000 r--p 00028000 103:03 5771047                   /usr/lib/libgcc_s.so.1
7fd99d4ac000-7fd99d4ad000 r--p 0002c000 103:03 5771047                   /usr/lib/libgcc_s.so.1
7fd99d4ad000-7fd99d4ae000 rw-p 0002d000 103:03 5771047                   /usr/lib/libgcc_s.so.1
7fd99d4ae000-7fd99d4be000 r--p 00000000 103:03 5770252                   /usr/lib/libm.so.6
7fd99d4be000-7fd99d557000 r-xp 00010000 103:03 5770252                   /usr/lib/libm.so.6
7fd99d557000-7fd99d5dd000 r--p 000a9000 103:03 5770252                   /usr/lib/libm.so.6
7fd99d5dd000-7fd99d5de000 r--p 0012f000 103:03 5770252                   /usr/lib/libm.so.6
7fd99d5de000-7fd99d5df000 rw-p 00130000 103:03 5770252                   /usr/lib/libm.so.6
7fd99d5df000-7fd99d5e1000 rw-p 00000000 00:00 0 
7fd99d5e1000-7fd99d5e4000 r--p 00000000 103:03 5774960                   /usr/lib/libz.so.1.3.2
7fd99d5e4000-7fd99d5f3000 r-xp 00003000 103:03 5774960                   /usr/lib/libz.so.1.3.2
7fd99d5f3000-7fd99d5f9000 r--p 00012000 103:03 5774960                   /usr/lib/libz.so.1.3.2
7fd99d5f9000-7fd99d5fa000 r--p 00018000 103:03 5774960                   /usr/lib/libz.so.1.3.2
7fd99d5fa000-7fd99d5fb000 rw-p 00019000 103:03 5774960                   /usr/lib/libz.so.1.3.2
7fd99d5fb000-7fd99d5fc000 r--p 00000000 103:03 5770287                   /usr/lib/locale/C.utf8/LC_MESSAGES/SYS_LC_MESSAGES
7fd99d5fc000-7fd99d5fd000 r--p 00000000 103:03 5770291                   /usr/lib/locale/C.utf8/LC_PAPER
7fd99d5fd000-7fd99d5fe000 r--p 00000000 103:03 5770289                   /usr/lib/locale/C.utf8/LC_NAME
7fd99d5fe000-7fd99d5ff000 r--p 00000000 103:03 5770281                   /usr/lib/locale/C.utf8/LC_ADDRESS
7fd99d5ff000-7fd99d600000 r--p 00000000 103:03 5770292                   /usr/lib/locale/C.utf8/LC_TELEPHONE
7fd99d600000-7fd99d601000 r--p 00000000 103:03 5770285                   /usr/lib/locale/C.utf8/LC_MEASUREMENT
7fd99d601000-7fd99d602000 r--p 00000000 103:03 5770284                   /usr/lib/locale/C.utf8/LC_IDENTIFICATION
7fd99d602000-7fd99d607000 rw-p 00000000 00:00 0 
7fd99d607000-7fd99d60e000 ---p 00000000 00:00 0 
7fd99d60e000-7fd99d616000 rw-s 00000000 103:03 524409                    /tmp/hsperfdata_oli/8068
7fd99d616000-7fd99d617000 ---p 00000000 00:00 0 
7fd99d617000-7fd99d618000 r--p 00000000 00:00 0 
7fd99d618000-7fd99d619000 ---p 00000000 00:00 0 
7fd99d619000-7fd99d61a000 r--p 00000000 103:03 6422915                   /usr/lib/jvm/java-21-openjdk/lib/libjimage.so
7fd99d61a000-7fd99d61c000 r-xp 00001000 103:03 6422915                   /usr/lib/jvm/java-21-openjdk/lib/libjimage.so
7fd99d61c000-7fd99d61d000 r--p 00003000 103:03 6422915                   /usr/lib/jvm/java-21-openjdk/lib/libjimage.so
7fd99d61d000-7fd99d61e000 r--p 00004000 103:03 6422915                   /usr/lib/jvm/java-21-openjdk/lib/libjimage.so
7fd99d61e000-7fd99d61f000 rw-p 00005000 103:03 6422915                   /usr/lib/jvm/java-21-openjdk/lib/libjimage.so
7fd99d61f000-7fd99d621000 r--p 00000000 103:03 6422916                   /usr/lib/jvm/java-21-openjdk/lib/libjli.so
7fd99d621000-7fd99d62b000 r-xp 00002000 103:03 6422916                   /usr/lib/jvm/java-21-openjdk/lib/libjli.so
7fd99d62b000-7fd99d62e000 r--p 0000c000 103:03 6422916                   /usr/lib/jvm/java-21-openjdk/lib/libjli.so
7fd99d62e000-7fd99d62f000 r--p 0000f000 103:03 6422916                   /usr/lib/jvm/java-21-openjdk/lib/libjli.so
7fd99d62f000-7fd99d630000 rw-p 00010000 103:03 6422916                   /usr/lib/jvm/java-21-openjdk/lib/libjli.so
7fd99d630000-7fd99d632000 rw-p 00000000 00:00 0 
7fd99d632000-7fd99d636000 r--p 00000000 00:00 0                          [vvar]
7fd99d636000-7fd99d638000 r--p 00000000 00:00 0                          [vvar_vclock]
7fd99d638000-7fd99d63a000 r-xp 00000000 00:00 0                          [vdso]
7fd99d63a000-7fd99d63b000 r--p 00000000 103:03 5770233                   /usr/lib/ld-linux-x86-64.so.2
7fd99d63b000-7fd99d664000 r-xp 00001000 103:03 5770233                   /usr/lib/ld-linux-x86-64.so.2
7fd99d664000-7fd99d674000 r--p 0002a000 103:03 5770233                   /usr/lib/ld-linux-x86-64.so.2
7fd99d674000-7fd99d676000 r--p 0003a000 103:03 5770233                   /usr/lib/ld-linux-x86-64.so.2
7fd99d676000-7fd99d677000 rw-p 0003c000 103:03 5770233                   /usr/lib/ld-linux-x86-64.so.2
7fd99d677000-7fd99d678000 rw-p 00000000 00:00 0 
7ffedefce000-7ffedeff0000 rw-p 00000000 00:00 0                          [stack]
ffffffffff600000-ffffffffff601000 --xp 00000000 00:00 0                  [vsyscall]
Total number of mappings: 492

JVMTI agents: none


VM Arguments:
jvm_args: -Dfile.encoding=UTF-8 
java_command: com.minesweeper.Main
java_class_path (initial): /home/oli/Programming/MineSweeper/target/classes:/home/oli/.m2/repository/org/lwjgl/lwjgl/3.4.1/lwjgl-3.4.1.jar:/home/oli/.m2/repository/org/lwjgl/lwjgl-freetype/3.4.1/lwjgl-freetype-3.4.1.jar:/home/oli/.m2/repository/org/lwjgl/lwjgl-glfw/3.4.1/lwjgl-glfw-3.4.1.jar:/home/oli/.m2/repository/org/lwjgl/lwjgl-nuklear/3.4.1/lwjgl-nuklear-3.4.1.jar:/home/oli/.m2/repository/org/lwjgl/lwjgl-opengl/3.4.1/lwjgl-opengl-3.4.1.jar:/home/oli/.m2/repository/org/lwjgl/lwjgl-sdl/3.4.1/lwjgl-sdl-3.4.1.jar:/home/oli/.m2/repository/org/lwjgl/lwjgl-stb/3.4.1/lwjgl-stb-3.4.1.jar:/home/oli/.m2/repository/org/lwjgl/lwjgl/3.4.1/lwjgl-3.4.1-natives-linux.jar:/home/oli/.m2/repository/org/lwjgl/lwjgl-freetype/3.4.1/lwjgl-freetype-3.4.1-natives-linux.jar:/home/oli/.m2/repository/org/lwjgl/lwjgl-glfw/3.4.1/lwjgl-glfw-3.4.1-natives-linux.jar:/home/oli/.m2/repository/org/lwjgl/lwjgl-nuklear/3.4.1/lwjgl-nuklear-3.4.1-natives-linux.jar:/home/oli/.m2/repository/org/lwjgl/lwjgl-opengl/3.4.1/lwjgl-opengl-3.4.1-natives-linux.jar:/home/oli/.m2/repository/org/lwjgl/lwjgl-sdl/3.4.1/lwjgl-sdl-3.4.1-natives-linux.jar:/home/oli/.m2/repository/org/lwjgl/lwjgl-stb/3.4.1/lwjgl-stb-3.4.1-natives-linux.jar:/home/oli/.m2/repository/org/joml/joml/1.10.8/joml-1.10.8.jar
Launcher Type: SUN_STANDARD

[Global flags]
     intx CICompilerCount                          = 4                                         {product} {ergonomic}
     uint ConcGCThreads                            = 2                                         {product} {ergonomic}
     uint G1ConcRefinementThreads                  = 8                                         {product} {ergonomic}
   size_t G1HeapRegionSize                         = 1048576                                   {product} {ergonomic}
    uintx GCDrainStackTargetSize                   = 64                                        {product} {ergonomic}
   size_t InitialHeapSize                          = 125829120                                 {product} {ergonomic}
   size_t MarkStackSize                            = 4194304                                   {product} {ergonomic}
   size_t MaxHeapSize                              = 1988100096                                {product} {ergonomic}
   size_t MaxNewSize                               = 1192230912                                {product} {ergonomic}
   size_t MinHeapDeltaBytes                        = 1048576                                   {product} {ergonomic}
   size_t MinHeapSize                              = 8388608                                   {product} {ergonomic}
    uintx NonNMethodCodeHeapSize                   = 5839372                                {pd product} {ergonomic}
    uintx NonProfiledCodeHeapSize                  = 122909434                              {pd product} {ergonomic}
    uintx ProfiledCodeHeapSize                     = 122909434                              {pd product} {ergonomic}
    uintx ReservedCodeCacheSize                    = 251658240                              {pd product} {ergonomic}
     bool SegmentedCodeCache                       = true                                      {product} {ergonomic}
   size_t SoftMaxHeapSize                          = 1988100096                             {manageable} {ergonomic}
     bool UseCompressedOops                        = true                           {product lp64_product} {ergonomic}
     bool UseG1GC                                  = true                                      {product} {ergonomic}

Logging:
Log output configuration:
 #0: stdout all=warning uptime,level,tags foldmultilines=false
 #1: stderr all=off uptime,level,tags foldmultilines=false

Release file:
IMPLEMENTOR="Artix Linux"
JAVA_RUNTIME_VERSION="21.0.11+10"
JAVA_VERSION="21.0.11"
JAVA_VERSION_DATE="2026-04-21"
LIBC="gnu"
MODULES="java.base java.compiler java.datatransfer java.xml java.prefs java.desktop java.instrument java.logging java.management java.security.sasl java.naming java.rmi java.management.rmi java.net.http java.scripting java.security.jgss java.transaction.xa java.sql java.sql.rowset java.xml.crypto java.se java.smartcardio jdk.accessibility jdk.internal.jvmstat jdk.attach jdk.charsets jdk.internal.opt jdk.zipfs jdk.compiler jdk.crypto.ec jdk.crypto.cryptoki jdk.dynalink jdk.internal.ed jdk.editpad jdk.hotspot.agent jdk.httpserver jdk.incubator.vector jdk.internal.le jdk.internal.vm.ci jdk.internal.vm.compiler jdk.internal.vm.compiler.management jdk.jartool jdk.javadoc jdk.jcmd jdk.management jdk.management.agent jdk.jconsole jdk.jdeps jdk.jdwp.agent jdk.jdi jdk.jfr jdk.jlink jdk.jpackage jdk.jshell jdk.jsobject jdk.jstatd jdk.localedata jdk.management.jfr jdk.naming.dns jdk.naming.rmi jdk.net jdk.nio.mapmode jdk.random jdk.sctp jdk.security.auth jdk.security.jgss jdk.unsupported jdk.unsupported.desktop jdk.xml.dom"
OS_ARCH="x86_64"
OS_NAME="Linux"
SOURCE=""

Environment Variables:
JAVA_HOME=/usr/lib/jvm/default
PATH=/usr/local/sbin:/usr/local/bin:/usr/bin:/usr/lib/jvm/default/bin:/usr/bin/site_perl:/usr/bin/vendor_perl:/usr/bin/core_perl
SHELL=/usr/bin/fish
DISPLAY=:1
WAYLAND_DISPLAY=wayland-0
LANG=C.UTF-8

Active Locale:
LC_ALL=C.UTF-8
LC_COLLATE=C.UTF-8
LC_CTYPE=C.UTF-8
LC_MESSAGES=C.UTF-8
LC_MONETARY=C.UTF-8
LC_NUMERIC=C.UTF-8
LC_TIME=C.UTF-8

Signal Handlers:
   SIGSEGV: 0x00007fd99cc0e240 in libjvm.so+14737984, mask=11100100010111111101111111111110, flags=SA_RESTART|SA_SIGINFO, unblocked
    SIGBUS: 0x00007fd99cc0e240 in libjvm.so+14737984, mask=11100100010111111101111111111110, flags=SA_RESTART|SA_SIGINFO, unblocked
    SIGFPE: 0x00007fd99cc0e240 in libjvm.so+14737984, mask=11100100010111111101111111111110, flags=SA_RESTART|SA_SIGINFO, unblocked
   SIGPIPE: 0x00007fd99ca67700 in libjvm.so+13006592, mask=11100100010111111101111111111110, flags=SA_RESTART|SA_SIGINFO, blocked
   SIGXFSZ: 0x00007fd99ca67700 in libjvm.so+13006592, mask=11100100010111111101111111111110, flags=SA_RESTART|SA_SIGINFO, blocked
    SIGILL: 0x00007fd99cc0e240 in libjvm.so+14737984, mask=11100100010111111101111111111110, flags=SA_RESTART|SA_SIGINFO, unblocked
   SIGUSR2: 0x00007fd99ca69020 in libjvm.so+13013024, mask=00000000000000000000000000000000, flags=SA_RESTART|SA_SIGINFO, blocked
    SIGHUP: 0x00007fd99ca66a60 in libjvm.so+13003360, mask=11100100010111111101111111111110, flags=SA_RESTART|SA_SIGINFO, blocked
    SIGINT: SIG_IGN, mask=00000000000000000000000000000000, flags=none, blocked
   SIGTERM: 0x00007fd99ca66a60 in libjvm.so+13003360, mask=11100100010111111101111111111110, flags=SA_RESTART|SA_SIGINFO, blocked
   SIGQUIT: 0x00007fd99ca66a60 in libjvm.so+13003360, mask=11100100010111111101111111111110, flags=SA_RESTART|SA_SIGINFO, blocked
   SIGTRAP: 0x00007fd99cc0e240 in libjvm.so+14737984, mask=11100100010111111101111111111110, flags=SA_RESTART|SA_SIGINFO, unblocked


Periodic native trim disabled

---------------  S Y S T E M  ---------------

OS:
NAME="Artix Linux"
PRETTY_NAME="Artix Linux"
ID=artix
BUILD_ID=rolling
ANSI_COLOR="38;2;23;147;209"
HOME_URL="https://artixlinux.org/"
DOCUMENTATION_URL="https://wiki.artixlinux.org/"
SUPPORT_URL="https://forum.artixlinux.org/"
BUG_REPORT_URL="https://bugs.artixlinux.org/"
PRIVACY_POLICY_URL="https://terms.artixlinux.org/docs/privacy-policy/"
LOGO=artixlinux-logo
uname: Linux 7.0.10-artix1-1 #1 SMP PREEMPT_DYNAMIC Sat, 23 May 2026 18:01:41 +0000 x86_64
OS uptime: 0 days 3:57 hours
libc: glibc 2.43 NPTL 2.43 
rlimit (soft/hard): STACK 8192k/infinity , CORE 0k/infinity , NPROC 30192/30192 , NOFILE 4096/4096 , AS infinity/infinity , CPU infinity/infinity , DATA infinity/infinity , FSIZE infinity/infinity , MEMLOCK 8192k/8192k
load average: 1.57 0.99 0.83

/proc/meminfo:
MemTotal:        7759256 kB
MemFree:         2240936 kB
MemAvailable:    2852184 kB
Buffers:           41944 kB
Cached:          1225424 kB
SwapCached:      1862476 kB
Active:          3002524 kB
Inactive:         729772 kB
Active(anon):    2904484 kB
Inactive(anon):    18152 kB
Active(file):      98040 kB
Inactive(file):   711620 kB
Unevictable:      494624 kB
Mlocked:               0 kB
SwapTotal:      16777212 kB
SwapFree:       12422152 kB
Zswap:            806336 kB
Zswapped:        2349180 kB
Dirty:               764 kB
Writeback:             0 kB
AnonPages:       2800764 kB
Mapped:           559724 kB
Shmem:            531060 kB
KReclaimable:      57496 kB
Slab:             255952 kB
SReclaimable:      57496 kB
SUnreclaim:       198456 kB
KernelStack:       20640 kB
PageTables:        48304 kB
SecPageTables:      2056 kB
NFS_Unstable:          0 kB
Bounce:                0 kB
WritebackTmp:          0 kB
CommitLimit:    20656840 kB
Committed_AS:   15240940 kB
VmallocTotal:   34359738367 kB
VmallocUsed:       70380 kB
VmallocChunk:          0 kB
Percpu:             2976 kB
HardwareCorrupted:     0 kB
AnonHugePages:      6144 kB
ShmemHugePages:   395264 kB
ShmemPmdMapped:    14336 kB
FileHugePages:     61440 kB
FilePmdMapped:     61440 kB
CmaTotal:              0 kB
CmaFree:               0 kB
Unaccepted:            0 kB
Balloon:               0 kB
HugePages_Total:       0
HugePages_Free:        0
HugePages_Rsvd:        0
HugePages_Surp:        0
Hugepagesize:       2048 kB
Hugetlb:               0 kB
DirectMap4k:      158624 kB
DirectMap2M:     3670016 kB
DirectMap1G:     4194304 kB

/sys/kernel/mm/transparent_hugepage/enabled: [always] madvise never
/sys/kernel/mm/transparent_hugepage/hpage_pmd_size: 2097152
/sys/kernel/mm/transparent_hugepage/defrag (defrag/compaction efforts parameter): always defer defer+madvise [madvise] never

Process Memory:
Virtual Size: 5437248K (peak: 5494012K)
Resident Set Size: 146492K (peak: 146492K) (anon: 51564K, file: 94924K, shmem: 4K)
Swapped out: 0K
C-Heap outstanding allocations: 37771K, retained: 4020K
glibc malloc tunables: (default)

/proc/sys/kernel/threads-max (system-wide limit on the number of threads): 60384
/proc/sys/vm/max_map_count (maximum number of memory map areas a process may have): 1048576
/proc/sys/vm/swappiness (control to define how aggressively the kernel swaps out anonymous memory): 60
/proc/sys/kernel/pid_max (system-wide limit on number of process identifiers): 32768

container information not found.
Steal ticks since vm start: 0
Steal ticks percentage since vm start:  0.000

CPU: total 8 (initial active 8) (4 cores per cpu, 2 threads per core) family 6 model 140 stepping 1 microcode 0xa6, cx8, cmov, fxsr, ht, mmx, 3dnowpref, sse, sse2, sse3, ssse3, sse4.1, sse4.2, popcnt, lzcnt, tsc, tscinvbit, avx, avx2, aes, erms, clmul, bmi1, bmi2, adx, avx512f, avx512dq, avx512cd, avx512bw, avx512vl, sha, fma, vzeroupper, avx512_vpopcntdq, avx512_vpclmulqdq, avx512_vaes, avx512_vnni, clflush, clflushopt, clwb, avx512_vbmi2, avx512_vbmi, rdtscp, rdpid, fsrm, gfni, avx512_bitalg, f16c, pku, ospke, cet_ibt, cet_ss, avx512_ifma
CPU Model and flags from /proc/cpuinfo:
model name	: 11th Gen Intel(R) Core(TM) i7-1165G7 @ 2.80GHz
flags		: fpu vme de pse tsc msr pae mce cx8 apic sep mtrr pge mca cmov pat pse36 clflush dts acpi mmx fxsr sse sse2 ss ht tm pbe syscall nx pdpe1gb rdtscp lm constant_tsc art arch_perfmon pebs bts rep_good nopl xtopology nonstop_tsc cpuid aperfmperf tsc_known_freq pni pclmulqdq dtes64 monitor ds_cpl vmx est tm2 ssse3 sdbg fma cx16 xtpr pdcm pcid sse4_1 sse4_2 x2apic movbe popcnt tsc_deadline_timer aes xsave avx f16c rdrand lahf_lm abm 3dnowprefetch cpuid_fault epb cat_l2 cdp_l2 ssbd ibrs ibpb stibp ibrs_enhanced tpr_shadow flexpriority ept vpid ept_ad fsgsbase tsc_adjust bmi1 avx2 smep bmi2 erms invpcid rdt_a avx512f avx512dq rdseed adx smap avx512ifma clflushopt clwb intel_pt avx512cd sha_ni avx512bw avx512vl xsaveopt xsavec xgetbv1 xsaves split_lock_detect user_shstk dtherm ida arat pln pts hwp hwp_notify hwp_act_window hwp_epp hwp_pkg_req vnmi avx512vbmi umip pku ospke avx512_vbmi2 gfni vaes vpclmulqdq avx512_vnni avx512_bitalg avx512_vpopcntdq rdpid movdiri movdir64b fsrm avx512_vp2intersect md_clear ibt flush_l1d arch_capabilities

Online cpus: 0-7
Offline cpus: 
BIOS frequency limitation: <Not Available>
Frequency switch latency (ns): 0
Available cpu frequencies: <Not Available>
Current governor: powersave
Core performance/turbo boost: <Not Available>

Memory: 4k page, physical 7759256k(2852184k free), swap 16777212k(12422152k free)
Page Sizes: 4k

vm_info: OpenJDK 64-Bit Server VM (21.0.11+10) for linux-amd64 JRE (21.0.11+10), built on 2026-04-24T10:43:20Z by "builduser" with gcc 15.2.1 20260209

END.
