#
# A fatal error has been detected by the Java Runtime Environment:
#
#  SIGSEGV (0xb) at pc=0x00007f4b19a496ed, pid=8731, tid=8732
#
# JRE version: OpenJDK Runtime Environment (21.0.11+10) (build 21.0.11+10)
# Java VM: OpenJDK 64-Bit Server VM (21.0.11+10, mixed mode, sharing, tiered, compressed oops, compressed class ptrs, g1 gc, linux-amd64)
# Problematic frame:
# C  [libSDL3.so+0x496ed]
#
# No core dump will be written. Core dumps have been disabled. To enable core dumping, try "ulimit -c unlimited" before starting Java again
#
# If you would like to submit a bug report, please visit:
#   https://bugreport.java.com/bugreport/crash.jsp
# The crash happened outside the Java Virtual Machine in native code.
# See problematic frame for where to report the bug.
#

---------------  S U M M A R Y ------------

Command Line: -Dfile.encoding=UTF-8 com.minesweeper.Main

Host: 11th Gen Intel(R) Core(TM) i7-1165G7 @ 2.80GHz, 8 cores, 7G, Artix Linux
Time: Tue Jun 16 13:14:57 2026 NZST elapsed time: 0.997128 seconds (0d 0h 0m 0s)

---------------  T H R E A D  ---------------

Current thread (0x00007f4b44019ca0):  JavaThread "main"             [_thread_in_native, id=8732, stack(0x00007f4b48d00000,0x00007f4b48e00000) (1024K)]

Stack: [0x00007f4b48d00000,0x00007f4b48e00000],  sp=0x00007f4b48dfe728,  free space=1017k
Native frames: (J=compiled Java code, j=interpreted, Vv=VM code, C=native code)
C  [libSDL3.so+0x496ed]
j  org.lwjgl.sdl.SDLMouse.nSDL_GetMouseState(JJ)I+9
j  org.lwjgl.sdl.SDLMouse.SDL_GetMouseState(Ljava/nio/FloatBuffer;Ljava/nio/FloatBuffer;)I+24
j  com.minesweeper.Main.init()V+190
j  com.minesweeper.Main.main([Ljava/lang/String;)V+8
v  ~StubRoutines::call_stub 0x00007f4b33937cc6
V  [libjvm.so+0x6c776a]
V  [libjvm.so+0x777356]
V  [libjvm.so+0x779ca5]
C  [libjli.so+0x4db5]
C  [libjli.so+0x7e6e]
Java frames: (J=compiled Java code, j=interpreted, Vv=VM code)
j  org.lwjgl.system.JNI.invokePPI(JJJ)I+0
j  org.lwjgl.sdl.SDLMouse.nSDL_GetMouseState(JJ)I+9
j  org.lwjgl.sdl.SDLMouse.SDL_GetMouseState(Ljava/nio/FloatBuffer;Ljava/nio/FloatBuffer;)I+24
j  com.minesweeper.Main.init()V+190
j  com.minesweeper.Main.main([Ljava/lang/String;)V+8
v  ~StubRoutines::call_stub 0x00007f4b33937cc6

siginfo: si_signo: 11 (SIGSEGV), si_code: 1 (SEGV_MAPERR), si_addr: 0x0000000000000010

Registers:
RAX=0x00007f4b280a9be0, RBX=0x00007f4ac7480140, RCX=0x0000000000000010, RDX=0x0000000000000010
RSP=0x00007f4b48dfe728, RBP=0x00007f4b48dfe7a8, RSI=0x0000000000000010, RDI=0x0000000000000010
R8 =0x00007f4b19a3a1b0, R9 =0x00007f4b441cd3f0, R10=0x00007f4b33943a91, R11=0x0000000090ce6010
R12=0x0000000000000000, R13=0x00007f4ac7480140, R14=0x00007f4b48dfe7f0, R15=0x00007f4b44019ca0
RIP=0x00007f4b19a496ed, EFLAGS=0x0000000000210202, CSGSFS=0x002b000000000033, ERR=0x0000000000000006
  TRAPNO=0x000000000000000e

XMM[0]=0x0000000000000000 0x0000000043871300
XMM[1]=0xc300007f4b33940f 0xd5b848d8468b4de8
XMM[2]=0x00007f4b4401a400 0x00007f4b4401a3f0
XMM[3]=0x0000000000000000 0x000000004a4a4a5f
XMM[4]=0x0000000000000471 0x0000000000000000
XMM[5]=0x0000000000000000 0x00007f4b4401b6a4
XMM[6]=0x0000000000000000 0x00007f4acc01e098
XMM[7]=0x0000000000000000 0x00007f4acc01e098
XMM[8]=0xee98c36ba32da04b 0x01b3f322a8150760
XMM[9]=0x438dbbfb438dbbfb 0x438dbbfb409d82e7
XMM[10]=0x0000000000000000 0x00000000fd0fc6ec
XMM[11]=0x6e4f296f6e4f296f 0x6e4f296faeecac56
XMM[12]=0x0000000000000000 0x00000000409d82e7
XMM[13]=0x0000000000000000 0x00c0000000c00000
XMM[14]=0x0000000000000000 0x0000000300000003
XMM[15]=0x0000000000000000 0x000000c0000000c0
  MXCSR=0x00001fa2


Register to memory mapping:

RAX=0x00007f4b280a9be0: Java_org_lwjgl_system_JNI_invokePPI__JJJ+0x0000000000000000 in /tmp/lwjgl_oli/3.4.1+2/x64/liblwjgl.so at 0x00007f4b280a8000
RBX={method} {0x00007f4ac7480140} 'invokePPI' '(JJJ)I' in 'org/lwjgl/system/JNI'
RCX=0x0000000000000010 is an unknown value
RDX=0x0000000000000010 is an unknown value
RSP=0x00007f4b48dfe728 is pointing into the stack for thread: 0x00007f4b44019ca0
RBP=0x00007f4b48dfe7a8 is pointing into the stack for thread: 0x00007f4b44019ca0
RSI=0x0000000000000010 is an unknown value
RDI=0x0000000000000010 is an unknown value
R8 =0x00007f4b19a3a1b0: SDL_GetMouseState+0x0000000000000000 in /tmp/lwjgl_oli/3.4.1+2/x64/libSDL3.so at 0x00007f4b19a00000
R9 =0x00007f4b441cd3f0 points into unknown readable memory: 0x00007f4ac74011e0 | e0 11 40 c7 4a 7f 00 00
R10=0x00007f4b33943a91 is at code_begin+1009 in an Interpreter codelet
native method entry point (kind = native)  [0x00007f4b339436a0, 0x00007f4b33944210]  2928 bytes
R11=0x0000000090ce6010 is an oop: java.lang.Class 
{0x0000000090ce6010} - klass: 'java/lang/Class'
 - ---- fields (total size 14 words):
 - private volatile transient 'classRedefinedCount' 'I' @12  0 (0x00000000)
 - injected 'klass' 'J' @16  139959226914472 (0x00007f4acc00d6a8)
 - injected 'array_klass' 'J' @24  0 (0x0000000000000000)
 - injected 'oop_size' 'I' @32  14 (0x0000000e)
 - injected 'static_oop_field_count' 'I' @36  0 (0x00000000)
 - private volatile transient 'cachedConstructor' 'Ljava/lang/reflect/Constructor;' @40  null (0x00000000)
 - private transient 'name' 'Ljava/lang/String;' @44  "org.lwjgl.system.JNI"{0x0000000090ce6090} (0x90ce6090)
 - private transient 'module' 'Ljava/lang/Module;' @48  a 'java/lang/Module'{0x00000000ffeecf10} (0xffeecf10)
 - private final 'classLoader' 'Ljava/lang/ClassLoader;' @52  a 'jdk/internal/loader/ClassLoaders$AppClassLoader'{0x00000000ffeecea8} (0xffeecea8)
 - private transient 'classData' 'Ljava/lang/Object;' @56  null (0x00000000)
 - private transient 'packageName' 'Ljava/lang/String;' @60  "org.lwjgl.system"{0x0000000090e7db00} (0x90e7db00)
 - private final 'componentType' 'Ljava/lang/Class;' @64  null (0x00000000)
 - private volatile transient 'reflectionData' 'Ljava/lang/ref/SoftReference;' @68  null (0x00000000)
 - private volatile transient 'genericInfo' 'Lsun/reflect/generics/repository/ClassRepository;' @72  null (0x00000000)
 - private volatile transient 'enumConstants' '[Ljava/lang/Object;' @76  null (0x00000000)
 - private volatile transient 'enumConstantDirectory' 'Ljava/util/Map;' @80  null (0x00000000)
 - private volatile transient 'annotationData' 'Ljava/lang/Class$AnnotationData;' @84  null (0x00000000)
 - private volatile transient 'annotationType' 'Lsun/reflect/annotation/AnnotationType;' @88  null (0x00000000)
 - transient 'classValueMap' 'Ljava/lang/ClassValue$ClassValueMap;' @92  null (0x00000000)
 - injected 'protection_domain' 'Ljava/lang/Object;' @96  a 'java/security/ProtectionDomain'{0x0000000090e81a10} (0x90e81a10)
 - injected 'signers_name' 'Ljava/lang/Object;' @100  null (0x00000000)
 - injected 'source_file' 'Ljava/lang/Object;' @104  null (0x00000000)
 - injected '<init_lock>' 'Ljava/lang/Object;' @108  null (0x00000000)
 - signature: Lorg/lwjgl/system/JNI;
 - ---- static fields (0):
R12=0x0 is null
R13={method} {0x00007f4ac7480140} 'invokePPI' '(JJJ)I' in 'org/lwjgl/system/JNI'
R14=0x00007f4b48dfe7f0 is pointing into the stack for thread: 0x00007f4b44019ca0
R15=0x00007f4b44019ca0 is a thread

Top of Stack: (sp=0x00007f4b48dfe728)
0x00007f4b48dfe728:   00007f4b33943ac0 00007f4ac7480140   .:.3K...@.H.J...
0x00007f4b48dfe738:   0000000000000000 00007f4b48dfe7a8   ...........HK...
0x00007f4b48dfe748:   00007f4b33943797 00007f4b3393ea90   .7.3K......3K...
0x00007f4b48dfe758:   00007f4b3394375f 00007f4b48dfe760   _7.3K...`..HK...
0x00007f4b48dfe768:   00007f4ac7480140 0000000000000009   @.H.J...........
0x00007f4b48dfe778:   00007f4ac74c3d30 0000000000000000   0=L.J...........
0x00007f4b48dfe788:   0000000090ce6010 00007f4ac7480140   .`......@.H.J...
0x00007f4b48dfe798:   0000000000000000 00007f4b48dfe7c8   ...........HK...
0x00007f4b48dfe7a8:   00007f4b48dfe840 00007f4b3393f2a8   @..HK......3K...
0x00007f4b48dfe7b8:   0000000090ce6010 00007f4b33940fd5   .`.........3K...
0x00007f4b48dfe7c8:   00007f4b19a3a1b0 0000000000000000   ....K...........
0x00007f4b48dfe7d8:   0000000000000010 0000000000000000   ................
0x00007f4b48dfe7e8:   0000000000000010 0000000000000000   ................
0x00007f4b48dfe7f8:   00007f4b48dfe7f8 00007f4ac75c62e9   ...HK....b\.J...
0x00007f4b48dfe808:   0000000000000007 00007f4ac75c80d8   ..........\.J...
0x00007f4b48dfe818:   0000000000000000 00000000909d3a30   ........0:......
0x00007f4b48dfe828:   00007f4ac75c6320 00007f4b48dfe7c8    c\.J......HK...
0x00007f4b48dfe838:   00007f4b48dfe860 00007f4b48dfe8c8   `..HK......HK...
0x00007f4b48dfe848:   00007f4b3393f2a8 00007f4b19a3a1b0   ...3K.......K...
0x00007f4b48dfe858:   0000000000000000 0000000000000010   ................
0x00007f4b48dfe868:   0000000000000000 0000000000000010   ................
0x00007f4b48dfe878:   0000000000000000 00007f4b48dfe880   ...........HK...
0x00007f4b48dfe888:   00007f4ac75c63c8 0000000000000003   .c\.J...........
0x00007f4b48dfe898:   00007f4ac75c80d8 0000000000000000   ..\.J...........
0x00007f4b48dfe8a8:   00000000909d3a30 00007f4ac75c6408   0:.......d\.J...
0x00007f4b48dfe8b8:   00007f4b48dfe860 00007f4b48dfe8d8   `..HK......HK...
0x00007f4b48dfe8c8:   00007f4b48dfe930 00007f4b3393f2a8   0..HK......3K...
0x00007f4b48dfe8d8:   00000000909ca958 00000000909ca8d0   X...............
0x00007f4b48dfe8e8:   00007f4b48dfe8e8 00007f4ac740132e   ...HK.....@.J...
0x00007f4b48dfe8f8:   0000000000000009 00007f4ac7402000   ......... @.J...
0x00007f4b48dfe908:   00007f4ac75c0448 0000000090f18f18   H.\.J...........
0x00007f4b48dfe918:   00007f4ac7401520 00007f4b48dfe8d8    .@.J......HK...

Instructions: (pc=0x00007f4b19a496ed)
0x00007f4b19a495ed:   83 c4 18 c3 0f 1f 80 00 00 00 00 48 8b 3d 19 cb
0x00007f4b19a495fd:   38 00 48 85 ff 74 da 48 8b 07 48 85 c0 74 0c 48
0x00007f4b19a4960d:   63 50 0c 48 8b 40 10 48 8b 3c d0 48 8b 05 f9 c9
0x00007f4b19a4961d:   38 00 48 85 c0 74 c8 48 83 c4 18 ff e0 66 0f 1f
0x00007f4b19a4962d:   44 00 00 80 3d 8a ca 38 00 00 48 8b 3d e2 ca 38
0x00007f4b19a4963d:   00 74 bf 80 3d 7c ca 38 00 00 74 b6 31 ff eb 93
0x00007f4b19a4964d:   0f 1f 00 c3 66 66 2e 0f 1f 84 00 00 00 00 00 0f
0x00007f4b19a4965d:   1f 40 00 48 85 ff 74 3b b8 01 00 00 00 f6 47 49
0x00007f4b19a4966d:   40 75 32 66 0f ef d2 31 c0 0f 2f d0 77 27 0f 2f
0x00007f4b19a4967d:   d1 77 22 66 0f ef d2 f3 0f 2a 57 20 0f 2f c2 73
0x00007f4b19a4968d:   14 66 0f ef c0 f3 0f 2a 47 24 0f 2f c8 0f 92 c0
0x00007f4b19a4969d:   c3 66 90 31 c0 c3 66 66 2e 0f 1f 84 00 00 00 00
0x00007f4b19a496ad:   00 66 90 80 3d 0a ca 38 00 00 75 17 48 89 3d a8
0x00007f4b19a496bd:   c9 38 00 b8 01 00 00 00 48 89 35 a4 c9 38 00 c3
0x00007f4b19a496cd:   0f 1f 00 48 8d 3d f1 bc 2c 00 31 c0 e9 32 9a fb
0x00007f4b19a496dd:   ff 66 90 48 85 ff 74 0c f3 0f 10 05 a3 c9 38 00
0x00007f4b19a496ed:   f3 0f 11 07 48 85 f6 74 0c f3 0f 10 05 96 c9 38
0x00007f4b19a496fd:   00 f3 0f 11 06 48 63 15 f7 c9 38 00 85 d2 7e 44
0x00007f4b19a4970d:   48 8b 3d f4 c9 38 00 48 8d 34 52 31 d2 48 8d 47
0x00007f4b19a4971d:   04 48 8d 0c f0 83 e6 01 74 19 8b 10 48 8d 47 1c
0x00007f4b19a4972d:   48 39 c1 74 1c 66 66 2e 0f 1f 84 00 00 00 00 00
0x00007f4b19a4973d:   0f 1f 00 0b 10 48 83 c0 30 0b 50 e8 48 39 c1 75
0x00007f4b19a4974d:   f2 89 d0 c3 31 d2 eb f9 66 66 2e 0f 1f 84 00 00
0x00007f4b19a4975d:   00 00 00 48 85 ff 74 0c f3 0f 10 05 2b c9 38 00
0x00007f4b19a4976d:   f3 0f 11 07 48 85 f6 74 0c f3 0f 10 05 1e c9 38
0x00007f4b19a4977d:   00 f3 0f 11 06 48 63 15 77 c9 38 00 48 c7 05 04
0x00007f4b19a4978d:   c9 38 00 00 00 00 00 85 d2 7e 39 48 8b 3d 69 c9
0x00007f4b19a4979d:   38 00 48 8d 34 52 31 d2 48 8d 47 04 48 8d 0c f0
0x00007f4b19a497ad:   83 e6 01 74 0e 8b 10 48 8d 47 1c 48 39 c1 74 11
0x00007f4b19a497bd:   0f 1f 00 0b 10 48 83 c0 30 0b 50 e8 48 39 c1 75
0x00007f4b19a497cd:   f2 89 d0 c3 31 d2 eb f9 66 66 2e 0f 1f 84 00 00
0x00007f4b19a497dd:   00 00 00 48 83 3d 68 c8 38 00 00 74 36 48 83 ec


Stack slot to memory mapping:

stack at sp + 0 slots: 0x00007f4b33943ac0 is at code_begin+1056 in an Interpreter codelet
native method entry point (kind = native)  [0x00007f4b339436a0, 0x00007f4b33944210]  2928 bytes
stack at sp + 1 slots: {method} {0x00007f4ac7480140} 'invokePPI' '(JJJ)I' in 'org/lwjgl/system/JNI'
stack at sp + 2 slots: 0x0 is null
stack at sp + 3 slots: 0x00007f4b48dfe7a8 is pointing into the stack for thread: 0x00007f4b44019ca0
stack at sp + 4 slots: 0x00007f4b33943797 is at code_begin+247 in an Interpreter codelet
native method entry point (kind = native)  [0x00007f4b339436a0, 0x00007f4b33944210]  2928 bytes
stack at sp + 5 slots: 0x00007f4b3393ea90 is at code_begin+-112 in 
[CodeBlob (0x00007f4b3393ea90)]
Framesize: 0
BufferBlob (0x00007f4b3393ea90) used for Interpreter
stack at sp + 6 slots: 0x00007f4b3394375f is at code_begin+191 in an Interpreter codelet
native method entry point (kind = native)  [0x00007f4b339436a0, 0x00007f4b33944210]  2928 bytes
stack at sp + 7 slots: 0x00007f4b48dfe760 is pointing into the stack for thread: 0x00007f4b44019ca0


---------------  P R O C E S S  ---------------

Threads class SMR info:
_java_thread_list=0x00007f4aa005a5d0, length=11, elements={
0x00007f4b44019ca0, 0x00007f4b4414c200, 0x00007f4b4416d190, 0x00007f4b4416e240,
0x00007f4b4416f890, 0x00007f4b44170e40, 0x00007f4b44172990, 0x00007f4b44174060,
0x00007f4b44180470, 0x00007f4b44183510, 0x00007f4aa0059400
}

Java Threads: ( => current thread )
=>0x00007f4b44019ca0 JavaThread "main"                              [_thread_in_native, id=8732, stack(0x00007f4b48d00000,0x00007f4b48e00000) (1024K)]
  0x00007f4b4414c200 JavaThread "Reference Handler"          daemon [_thread_blocked, id=8744, stack(0x00007f4b28d0c000,0x00007f4b28e0c000) (1024K)]
  0x00007f4b4416d190 JavaThread "Finalizer"                  daemon [_thread_blocked, id=8745, stack(0x00007f4b28900000,0x00007f4b28a00000) (1024K)]
  0x00007f4b4416e240 JavaThread "Signal Dispatcher"          daemon [_thread_blocked, id=8746, stack(0x00007f4b287ff000,0x00007f4b288ff000) (1024K)]
  0x00007f4b4416f890 JavaThread "Service Thread"             daemon [_thread_blocked, id=8747, stack(0x00007f4b286fe000,0x00007f4b287fe000) (1024K)]
  0x00007f4b44170e40 JavaThread "Monitor Deflation Thread"   daemon [_thread_blocked, id=8748, stack(0x00007f4b285fd000,0x00007f4b286fd000) (1024K)]
  0x00007f4b44172990 JavaThread "C2 CompilerThread0"         daemon [_thread_blocked, id=8749, stack(0x00007f4b284fc000,0x00007f4b285fc000) (1024K)]
  0x00007f4b44174060 JavaThread "C1 CompilerThread0"         daemon [_thread_blocked, id=8750, stack(0x00007f4b283fb000,0x00007f4b284fb000) (1024K)]
  0x00007f4b44180470 JavaThread "Notification Thread"        daemon [_thread_blocked, id=8751, stack(0x00007f4b28229000,0x00007f4b28329000) (1024K)]
  0x00007f4b44183510 JavaThread "Common-Cleaner"             daemon [_thread_blocked, id=8752, stack(0x00007f4b28128000,0x00007f4b28228000) (1024K)]
  0x00007f4aa0059400 JavaThread "C2 CompilerThread1"         daemon [_thread_blocked, id=8753, stack(0x00007f4b19f00000,0x00007f4b1a000000) (1024K)]
Total: 11

Other Threads:
  0x00007f4b4413d6c0 VMThread "VM Thread"                           [id=8743, stack(0x00007f4b28e68000,0x00007f4b28f68000) (1024K)]
  0x00007f4b4412ba00 WatcherThread "VM Periodic Task Thread"        [id=8742, stack(0x00007f4b28f69000,0x00007f4b29069000) (1024K)]
  0x00007f4b4406f1c0 WorkerThread "GC Thread#0"                     [id=8733, stack(0x00007f4b29cf7000,0x00007f4b29df7000) (1024K)]
  0x00007f4b4407f4f0 ConcurrentGCThread "G1 Main Marker"            [id=8734, stack(0x00007f4b29bf6000,0x00007f4b29cf6000) (1024K)]
  0x00007f4b440804a0 WorkerThread "G1 Conc#0"                       [id=8735, stack(0x00007f4b29af5000,0x00007f4b29bf5000) (1024K)]
  0x00007f4b4410fe40 ConcurrentGCThread "G1 Refine#0"               [id=8736, stack(0x00007f4b291ec000,0x00007f4b292ec000) (1024K)]
  0x00007f4b44110e10 ConcurrentGCThread "G1 Service"                [id=8738, stack(0x00007f4b290eb000,0x00007f4b291eb000) (1024K)]
Total: 7

Threads with active compile tasks:
Total: 0

VM state: not at safepoint (normal execution)

VM Mutex/Monitor currently owned by a thread: None

Heap address: 0x0000000089800000, size: 1896 MB, Compressed Oops mode: 32-bit

CDS archive(s) mapped at: [0x00007f4acb000000-0x00007f4acbc9b000-0x00007f4acbc9b000), size 13217792, SharedBaseAddress: 0x00007f4acb000000, ArchiveRelocationMode: 1.
Compressed class space mapped at: 0x00007f4acc000000-0x00007f4b0c000000, reserved size: 1073741824
Narrow klass base: 0x00007f4acb000000, Narrow klass shift: 0, Narrow klass range: 0x100000000

GC Precious Log:
 CardTable entry size: 512
 Card Set container configuration: InlinePtr #cards 5 size 8 Array Of Cards #cards 12 size 40 Howl #buckets 4 coarsen threshold 1843 Howl Bitmap #cards 512 size 80 coarsen threshold 460 Card regions per heap region 1 cards per card region 2048
 CPUs: 8 total, 8 available
 Memory: 7577M
 Large Page Support: Disabled
 NUMA Support: Disabled
 Compressed Oops: Enabled (32-bit)
 Heap Region Size: 1M
 Heap Min Capacity: 8M
 Heap Initial Capacity: 120M
 Heap Max Capacity: 1896M
 Pre-touch: Disabled
 Parallel Workers: 8
 Concurrent Workers: 2
 Concurrent Refinement Workers: 8
 Periodic GC: Disabled

Heap:
 garbage-first heap   total 124928K, used 6193K [0x0000000089800000, 0x0000000100000000)
  region size 1024K, 7 young (7168K), 0 survivors (0K)
 Metaspace       used 3642K, committed 3840K, reserved 1114112K
  class space    used 228K, committed 320K, reserved 1048576K

Heap Regions: E=young(eden), S=young(survivor), O=old, HS=humongous(starts), HC=humongous(continues), CS=collection set, F=free, TAMS=top-at-mark-start, PB=parsable bottom
|   0|0x0000000089800000, 0x0000000089800000, 0x0000000089900000|  0%| F|  |TAMS 0x0000000089800000| PB 0x0000000089800000| Untracked 
|   1|0x0000000089900000, 0x0000000089900000, 0x0000000089a00000|  0%| F|  |TAMS 0x0000000089900000| PB 0x0000000089900000| Untracked 
|   2|0x0000000089a00000, 0x0000000089a00000, 0x0000000089b00000|  0%| F|  |TAMS 0x0000000089a00000| PB 0x0000000089a00000| Untracked 
|   3|0x0000000089b00000, 0x0000000089b00000, 0x0000000089c00000|  0%| F|  |TAMS 0x0000000089b00000| PB 0x0000000089b00000| Untracked 
|   4|0x0000000089c00000, 0x0000000089c00000, 0x0000000089d00000|  0%| F|  |TAMS 0x0000000089c00000| PB 0x0000000089c00000| Untracked 
|   5|0x0000000089d00000, 0x0000000089d00000, 0x0000000089e00000|  0%| F|  |TAMS 0x0000000089d00000| PB 0x0000000089d00000| Untracked 
|   6|0x0000000089e00000, 0x0000000089e00000, 0x0000000089f00000|  0%| F|  |TAMS 0x0000000089e00000| PB 0x0000000089e00000| Untracked 
|   7|0x0000000089f00000, 0x0000000089f00000, 0x000000008a000000|  0%| F|  |TAMS 0x0000000089f00000| PB 0x0000000089f00000| Untracked 
|   8|0x000000008a000000, 0x000000008a000000, 0x000000008a100000|  0%| F|  |TAMS 0x000000008a000000| PB 0x000000008a000000| Untracked 
|   9|0x000000008a100000, 0x000000008a100000, 0x000000008a200000|  0%| F|  |TAMS 0x000000008a100000| PB 0x000000008a100000| Untracked 
|  10|0x000000008a200000, 0x000000008a200000, 0x000000008a300000|  0%| F|  |TAMS 0x000000008a200000| PB 0x000000008a200000| Untracked 
|  11|0x000000008a300000, 0x000000008a300000, 0x000000008a400000|  0%| F|  |TAMS 0x000000008a300000| PB 0x000000008a300000| Untracked 
|  12|0x000000008a400000, 0x000000008a400000, 0x000000008a500000|  0%| F|  |TAMS 0x000000008a400000| PB 0x000000008a400000| Untracked 
|  13|0x000000008a500000, 0x000000008a500000, 0x000000008a600000|  0%| F|  |TAMS 0x000000008a500000| PB 0x000000008a500000| Untracked 
|  14|0x000000008a600000, 0x000000008a600000, 0x000000008a700000|  0%| F|  |TAMS 0x000000008a600000| PB 0x000000008a600000| Untracked 
|  15|0x000000008a700000, 0x000000008a700000, 0x000000008a800000|  0%| F|  |TAMS 0x000000008a700000| PB 0x000000008a700000| Untracked 
|  16|0x000000008a800000, 0x000000008a800000, 0x000000008a900000|  0%| F|  |TAMS 0x000000008a800000| PB 0x000000008a800000| Untracked 
|  17|0x000000008a900000, 0x000000008a900000, 0x000000008aa00000|  0%| F|  |TAMS 0x000000008a900000| PB 0x000000008a900000| Untracked 
|  18|0x000000008aa00000, 0x000000008aa00000, 0x000000008ab00000|  0%| F|  |TAMS 0x000000008aa00000| PB 0x000000008aa00000| Untracked 
|  19|0x000000008ab00000, 0x000000008ab00000, 0x000000008ac00000|  0%| F|  |TAMS 0x000000008ab00000| PB 0x000000008ab00000| Untracked 
|  20|0x000000008ac00000, 0x000000008ac00000, 0x000000008ad00000|  0%| F|  |TAMS 0x000000008ac00000| PB 0x000000008ac00000| Untracked 
|  21|0x000000008ad00000, 0x000000008ad00000, 0x000000008ae00000|  0%| F|  |TAMS 0x000000008ad00000| PB 0x000000008ad00000| Untracked 
|  22|0x000000008ae00000, 0x000000008ae00000, 0x000000008af00000|  0%| F|  |TAMS 0x000000008ae00000| PB 0x000000008ae00000| Untracked 
|  23|0x000000008af00000, 0x000000008af00000, 0x000000008b000000|  0%| F|  |TAMS 0x000000008af00000| PB 0x000000008af00000| Untracked 
|  24|0x000000008b000000, 0x000000008b000000, 0x000000008b100000|  0%| F|  |TAMS 0x000000008b000000| PB 0x000000008b000000| Untracked 
|  25|0x000000008b100000, 0x000000008b100000, 0x000000008b200000|  0%| F|  |TAMS 0x000000008b100000| PB 0x000000008b100000| Untracked 
|  26|0x000000008b200000, 0x000000008b200000, 0x000000008b300000|  0%| F|  |TAMS 0x000000008b200000| PB 0x000000008b200000| Untracked 
|  27|0x000000008b300000, 0x000000008b300000, 0x000000008b400000|  0%| F|  |TAMS 0x000000008b300000| PB 0x000000008b300000| Untracked 
|  28|0x000000008b400000, 0x000000008b400000, 0x000000008b500000|  0%| F|  |TAMS 0x000000008b400000| PB 0x000000008b400000| Untracked 
|  29|0x000000008b500000, 0x000000008b500000, 0x000000008b600000|  0%| F|  |TAMS 0x000000008b500000| PB 0x000000008b500000| Untracked 
|  30|0x000000008b600000, 0x000000008b600000, 0x000000008b700000|  0%| F|  |TAMS 0x000000008b600000| PB 0x000000008b600000| Untracked 
|  31|0x000000008b700000, 0x000000008b700000, 0x000000008b800000|  0%| F|  |TAMS 0x000000008b700000| PB 0x000000008b700000| Untracked 
|  32|0x000000008b800000, 0x000000008b800000, 0x000000008b900000|  0%| F|  |TAMS 0x000000008b800000| PB 0x000000008b800000| Untracked 
|  33|0x000000008b900000, 0x000000008b900000, 0x000000008ba00000|  0%| F|  |TAMS 0x000000008b900000| PB 0x000000008b900000| Untracked 
|  34|0x000000008ba00000, 0x000000008ba00000, 0x000000008bb00000|  0%| F|  |TAMS 0x000000008ba00000| PB 0x000000008ba00000| Untracked 
|  35|0x000000008bb00000, 0x000000008bb00000, 0x000000008bc00000|  0%| F|  |TAMS 0x000000008bb00000| PB 0x000000008bb00000| Untracked 
|  36|0x000000008bc00000, 0x000000008bc00000, 0x000000008bd00000|  0%| F|  |TAMS 0x000000008bc00000| PB 0x000000008bc00000| Untracked 
|  37|0x000000008bd00000, 0x000000008bd00000, 0x000000008be00000|  0%| F|  |TAMS 0x000000008bd00000| PB 0x000000008bd00000| Untracked 
|  38|0x000000008be00000, 0x000000008be00000, 0x000000008bf00000|  0%| F|  |TAMS 0x000000008be00000| PB 0x000000008be00000| Untracked 
|  39|0x000000008bf00000, 0x000000008bf00000, 0x000000008c000000|  0%| F|  |TAMS 0x000000008bf00000| PB 0x000000008bf00000| Untracked 
|  40|0x000000008c000000, 0x000000008c000000, 0x000000008c100000|  0%| F|  |TAMS 0x000000008c000000| PB 0x000000008c000000| Untracked 
|  41|0x000000008c100000, 0x000000008c100000, 0x000000008c200000|  0%| F|  |TAMS 0x000000008c100000| PB 0x000000008c100000| Untracked 
|  42|0x000000008c200000, 0x000000008c200000, 0x000000008c300000|  0%| F|  |TAMS 0x000000008c200000| PB 0x000000008c200000| Untracked 
|  43|0x000000008c300000, 0x000000008c300000, 0x000000008c400000|  0%| F|  |TAMS 0x000000008c300000| PB 0x000000008c300000| Untracked 
|  44|0x000000008c400000, 0x000000008c400000, 0x000000008c500000|  0%| F|  |TAMS 0x000000008c400000| PB 0x000000008c400000| Untracked 
|  45|0x000000008c500000, 0x000000008c500000, 0x000000008c600000|  0%| F|  |TAMS 0x000000008c500000| PB 0x000000008c500000| Untracked 
|  46|0x000000008c600000, 0x000000008c600000, 0x000000008c700000|  0%| F|  |TAMS 0x000000008c600000| PB 0x000000008c600000| Untracked 
|  47|0x000000008c700000, 0x000000008c700000, 0x000000008c800000|  0%| F|  |TAMS 0x000000008c700000| PB 0x000000008c700000| Untracked 
|  48|0x000000008c800000, 0x000000008c800000, 0x000000008c900000|  0%| F|  |TAMS 0x000000008c800000| PB 0x000000008c800000| Untracked 
|  49|0x000000008c900000, 0x000000008c900000, 0x000000008ca00000|  0%| F|  |TAMS 0x000000008c900000| PB 0x000000008c900000| Untracked 
|  50|0x000000008ca00000, 0x000000008ca00000, 0x000000008cb00000|  0%| F|  |TAMS 0x000000008ca00000| PB 0x000000008ca00000| Untracked 
|  51|0x000000008cb00000, 0x000000008cb00000, 0x000000008cc00000|  0%| F|  |TAMS 0x000000008cb00000| PB 0x000000008cb00000| Untracked 
|  52|0x000000008cc00000, 0x000000008cc00000, 0x000000008cd00000|  0%| F|  |TAMS 0x000000008cc00000| PB 0x000000008cc00000| Untracked 
|  53|0x000000008cd00000, 0x000000008cd00000, 0x000000008ce00000|  0%| F|  |TAMS 0x000000008cd00000| PB 0x000000008cd00000| Untracked 
|  54|0x000000008ce00000, 0x000000008ce00000, 0x000000008cf00000|  0%| F|  |TAMS 0x000000008ce00000| PB 0x000000008ce00000| Untracked 
|  55|0x000000008cf00000, 0x000000008cf00000, 0x000000008d000000|  0%| F|  |TAMS 0x000000008cf00000| PB 0x000000008cf00000| Untracked 
|  56|0x000000008d000000, 0x000000008d000000, 0x000000008d100000|  0%| F|  |TAMS 0x000000008d000000| PB 0x000000008d000000| Untracked 
|  57|0x000000008d100000, 0x000000008d100000, 0x000000008d200000|  0%| F|  |TAMS 0x000000008d100000| PB 0x000000008d100000| Untracked 
|  58|0x000000008d200000, 0x000000008d200000, 0x000000008d300000|  0%| F|  |TAMS 0x000000008d200000| PB 0x000000008d200000| Untracked 
|  59|0x000000008d300000, 0x000000008d300000, 0x000000008d400000|  0%| F|  |TAMS 0x000000008d300000| PB 0x000000008d300000| Untracked 
|  60|0x000000008d400000, 0x000000008d400000, 0x000000008d500000|  0%| F|  |TAMS 0x000000008d400000| PB 0x000000008d400000| Untracked 
|  61|0x000000008d500000, 0x000000008d500000, 0x000000008d600000|  0%| F|  |TAMS 0x000000008d500000| PB 0x000000008d500000| Untracked 
|  62|0x000000008d600000, 0x000000008d600000, 0x000000008d700000|  0%| F|  |TAMS 0x000000008d600000| PB 0x000000008d600000| Untracked 
|  63|0x000000008d700000, 0x000000008d700000, 0x000000008d800000|  0%| F|  |TAMS 0x000000008d700000| PB 0x000000008d700000| Untracked 
|  64|0x000000008d800000, 0x000000008d800000, 0x000000008d900000|  0%| F|  |TAMS 0x000000008d800000| PB 0x000000008d800000| Untracked 
|  65|0x000000008d900000, 0x000000008d900000, 0x000000008da00000|  0%| F|  |TAMS 0x000000008d900000| PB 0x000000008d900000| Untracked 
|  66|0x000000008da00000, 0x000000008da00000, 0x000000008db00000|  0%| F|  |TAMS 0x000000008da00000| PB 0x000000008da00000| Untracked 
|  67|0x000000008db00000, 0x000000008db00000, 0x000000008dc00000|  0%| F|  |TAMS 0x000000008db00000| PB 0x000000008db00000| Untracked 
|  68|0x000000008dc00000, 0x000000008dc00000, 0x000000008dd00000|  0%| F|  |TAMS 0x000000008dc00000| PB 0x000000008dc00000| Untracked 
|  69|0x000000008dd00000, 0x000000008dd00000, 0x000000008de00000|  0%| F|  |TAMS 0x000000008dd00000| PB 0x000000008dd00000| Untracked 
|  70|0x000000008de00000, 0x000000008de00000, 0x000000008df00000|  0%| F|  |TAMS 0x000000008de00000| PB 0x000000008de00000| Untracked 
|  71|0x000000008df00000, 0x000000008df00000, 0x000000008e000000|  0%| F|  |TAMS 0x000000008df00000| PB 0x000000008df00000| Untracked 
|  72|0x000000008e000000, 0x000000008e000000, 0x000000008e100000|  0%| F|  |TAMS 0x000000008e000000| PB 0x000000008e000000| Untracked 
|  73|0x000000008e100000, 0x000000008e100000, 0x000000008e200000|  0%| F|  |TAMS 0x000000008e100000| PB 0x000000008e100000| Untracked 
|  74|0x000000008e200000, 0x000000008e200000, 0x000000008e300000|  0%| F|  |TAMS 0x000000008e200000| PB 0x000000008e200000| Untracked 
|  75|0x000000008e300000, 0x000000008e300000, 0x000000008e400000|  0%| F|  |TAMS 0x000000008e300000| PB 0x000000008e300000| Untracked 
|  76|0x000000008e400000, 0x000000008e400000, 0x000000008e500000|  0%| F|  |TAMS 0x000000008e400000| PB 0x000000008e400000| Untracked 
|  77|0x000000008e500000, 0x000000008e500000, 0x000000008e600000|  0%| F|  |TAMS 0x000000008e500000| PB 0x000000008e500000| Untracked 
|  78|0x000000008e600000, 0x000000008e600000, 0x000000008e700000|  0%| F|  |TAMS 0x000000008e600000| PB 0x000000008e600000| Untracked 
|  79|0x000000008e700000, 0x000000008e700000, 0x000000008e800000|  0%| F|  |TAMS 0x000000008e700000| PB 0x000000008e700000| Untracked 
|  80|0x000000008e800000, 0x000000008e800000, 0x000000008e900000|  0%| F|  |TAMS 0x000000008e800000| PB 0x000000008e800000| Untracked 
|  81|0x000000008e900000, 0x000000008e900000, 0x000000008ea00000|  0%| F|  |TAMS 0x000000008e900000| PB 0x000000008e900000| Untracked 
|  82|0x000000008ea00000, 0x000000008ea00000, 0x000000008eb00000|  0%| F|  |TAMS 0x000000008ea00000| PB 0x000000008ea00000| Untracked 
|  83|0x000000008eb00000, 0x000000008eb00000, 0x000000008ec00000|  0%| F|  |TAMS 0x000000008eb00000| PB 0x000000008eb00000| Untracked 
|  84|0x000000008ec00000, 0x000000008ec00000, 0x000000008ed00000|  0%| F|  |TAMS 0x000000008ec00000| PB 0x000000008ec00000| Untracked 
|  85|0x000000008ed00000, 0x000000008ed00000, 0x000000008ee00000|  0%| F|  |TAMS 0x000000008ed00000| PB 0x000000008ed00000| Untracked 
|  86|0x000000008ee00000, 0x000000008ee00000, 0x000000008ef00000|  0%| F|  |TAMS 0x000000008ee00000| PB 0x000000008ee00000| Untracked 
|  87|0x000000008ef00000, 0x000000008ef00000, 0x000000008f000000|  0%| F|  |TAMS 0x000000008ef00000| PB 0x000000008ef00000| Untracked 
|  88|0x000000008f000000, 0x000000008f000000, 0x000000008f100000|  0%| F|  |TAMS 0x000000008f000000| PB 0x000000008f000000| Untracked 
|  89|0x000000008f100000, 0x000000008f100000, 0x000000008f200000|  0%| F|  |TAMS 0x000000008f100000| PB 0x000000008f100000| Untracked 
|  90|0x000000008f200000, 0x000000008f200000, 0x000000008f300000|  0%| F|  |TAMS 0x000000008f200000| PB 0x000000008f200000| Untracked 
|  91|0x000000008f300000, 0x000000008f300000, 0x000000008f400000|  0%| F|  |TAMS 0x000000008f300000| PB 0x000000008f300000| Untracked 
|  92|0x000000008f400000, 0x000000008f400000, 0x000000008f500000|  0%| F|  |TAMS 0x000000008f400000| PB 0x000000008f400000| Untracked 
|  93|0x000000008f500000, 0x000000008f500000, 0x000000008f600000|  0%| F|  |TAMS 0x000000008f500000| PB 0x000000008f500000| Untracked 
|  94|0x000000008f600000, 0x000000008f600000, 0x000000008f700000|  0%| F|  |TAMS 0x000000008f600000| PB 0x000000008f600000| Untracked 
|  95|0x000000008f700000, 0x000000008f700000, 0x000000008f800000|  0%| F|  |TAMS 0x000000008f700000| PB 0x000000008f700000| Untracked 
|  96|0x000000008f800000, 0x000000008f800000, 0x000000008f900000|  0%| F|  |TAMS 0x000000008f800000| PB 0x000000008f800000| Untracked 
|  97|0x000000008f900000, 0x000000008f900000, 0x000000008fa00000|  0%| F|  |TAMS 0x000000008f900000| PB 0x000000008f900000| Untracked 
|  98|0x000000008fa00000, 0x000000008fa00000, 0x000000008fb00000|  0%| F|  |TAMS 0x000000008fa00000| PB 0x000000008fa00000| Untracked 
|  99|0x000000008fb00000, 0x000000008fb00000, 0x000000008fc00000|  0%| F|  |TAMS 0x000000008fb00000| PB 0x000000008fb00000| Untracked 
| 100|0x000000008fc00000, 0x000000008fc00000, 0x000000008fd00000|  0%| F|  |TAMS 0x000000008fc00000| PB 0x000000008fc00000| Untracked 
| 101|0x000000008fd00000, 0x000000008fd00000, 0x000000008fe00000|  0%| F|  |TAMS 0x000000008fd00000| PB 0x000000008fd00000| Untracked 
| 102|0x000000008fe00000, 0x000000008fe00000, 0x000000008ff00000|  0%| F|  |TAMS 0x000000008fe00000| PB 0x000000008fe00000| Untracked 
| 103|0x000000008ff00000, 0x000000008ff00000, 0x0000000090000000|  0%| F|  |TAMS 0x000000008ff00000| PB 0x000000008ff00000| Untracked 
| 104|0x0000000090000000, 0x0000000090000000, 0x0000000090100000|  0%| F|  |TAMS 0x0000000090000000| PB 0x0000000090000000| Untracked 
| 105|0x0000000090100000, 0x0000000090100000, 0x0000000090200000|  0%| F|  |TAMS 0x0000000090100000| PB 0x0000000090100000| Untracked 
| 106|0x0000000090200000, 0x0000000090200000, 0x0000000090300000|  0%| F|  |TAMS 0x0000000090200000| PB 0x0000000090200000| Untracked 
| 107|0x0000000090300000, 0x0000000090300000, 0x0000000090400000|  0%| F|  |TAMS 0x0000000090300000| PB 0x0000000090300000| Untracked 
| 108|0x0000000090400000, 0x0000000090400000, 0x0000000090500000|  0%| F|  |TAMS 0x0000000090400000| PB 0x0000000090400000| Untracked 
| 109|0x0000000090500000, 0x0000000090500000, 0x0000000090600000|  0%| F|  |TAMS 0x0000000090500000| PB 0x0000000090500000| Untracked 
| 110|0x0000000090600000, 0x0000000090600000, 0x0000000090700000|  0%| F|  |TAMS 0x0000000090600000| PB 0x0000000090600000| Untracked 
| 111|0x0000000090700000, 0x0000000090700000, 0x0000000090800000|  0%| F|  |TAMS 0x0000000090700000| PB 0x0000000090700000| Untracked 
| 112|0x0000000090800000, 0x0000000090800000, 0x0000000090900000|  0%| F|  |TAMS 0x0000000090800000| PB 0x0000000090800000| Untracked 
| 113|0x0000000090900000, 0x0000000090a00000, 0x0000000090a00000|100%| E|  |TAMS 0x0000000090900000| PB 0x0000000090900000| Complete 
| 114|0x0000000090a00000, 0x0000000090b00000, 0x0000000090b00000|100%| E|CS|TAMS 0x0000000090a00000| PB 0x0000000090a00000| Complete 
| 115|0x0000000090b00000, 0x0000000090c00000, 0x0000000090c00000|100%| E|CS|TAMS 0x0000000090b00000| PB 0x0000000090b00000| Complete 
| 116|0x0000000090c00000, 0x0000000090d00000, 0x0000000090d00000|100%| E|  |TAMS 0x0000000090c00000| PB 0x0000000090c00000| Complete 
| 117|0x0000000090d00000, 0x0000000090e00000, 0x0000000090e00000|100%| E|CS|TAMS 0x0000000090d00000| PB 0x0000000090d00000| Complete 
| 118|0x0000000090e00000, 0x0000000090f00000, 0x0000000090f00000|100%| E|CS|TAMS 0x0000000090e00000| PB 0x0000000090e00000| Complete 
| 119|0x0000000090f00000, 0x0000000091000000, 0x0000000091000000|100%| E|CS|TAMS 0x0000000090f00000| PB 0x0000000090f00000| Complete 
|1894|0x00000000ffe00000, 0x00000000fff00000, 0x00000000fff00000|100%| O|  |TAMS 0x00000000ffe00000| PB 0x00000000ffe00000| Untracked 
|1895|0x00000000fff00000, 0x00000000fff0c558, 0x0000000100000000|  4%| O|  |TAMS 0x00000000fff00000| PB 0x00000000fff00000| Untracked 

Card table byte_map: [0x00007f4b2bb97000,0x00007f4b2bf4b000] _byte_map_base: 0x00007f4b2b74b000

Marking Bits: (CMBitMap*) 0x00007f4b4406fd00
 Bits: [0x00007f4b29df7000, 0x00007f4b2bb97000)

Polling page: 0x00007f4b4a457000

Metaspace:

Usage:
  Non-class:      3.33 MB used.
      Class:    228.76 KB used.
       Both:      3.56 MB used.

Virtual space:
  Non-class space:       64.00 MB reserved,       3.44 MB (  5%) committed,  1 nodes.
      Class space:        1.00 GB reserved,     320.00 KB ( <1%) committed,  1 nodes.
             Both:        1.06 GB reserved,       3.75 MB ( <1%) committed. 

Chunk freelists:
   Non-Class:  10.20 MB
       Class:  15.62 MB
        Both:  25.83 MB

MaxMetaspaceSize: unlimited
CompressedClassSpaceSize: 1.00 GB
Initial GC threshold: 21.00 MB
Current GC threshold: 21.00 MB
CDS: on
 - commit_granule_bytes: 65536.
 - commit_granule_words: 8192.
 - virtual_space_node_default_size: 8388608.
 - enlarge_chunks_in_place: 1.
 - use_allocation_guard: 0.


Internal statistics:

num_allocs_failed_limit: 0.
num_arena_births: 78.
num_arena_deaths: 0.
num_vsnodes_births: 2.
num_vsnodes_deaths: 0.
num_space_committed: 60.
num_space_uncommitted: 0.
num_chunks_returned_to_freelist: 0.
num_chunks_taken_from_freelist: 163.
num_chunk_merges: 0.
num_chunk_splits: 115.
num_chunks_enlarged: 85.
num_inconsistent_stats: 0.

CodeHeap 'non-profiled nmethods': size=120028Kb used=221Kb max_used=221Kb free=119806Kb
 bounds [0x00007f4b33ec9000, 0x00007f4b34139000, 0x00007f4b3b400000]
CodeHeap 'profiled nmethods': size=120028Kb used=1191Kb max_used=1191Kb free=118836Kb
 bounds [0x00007f4b2c400000, 0x00007f4b2c670000, 0x00007f4b33937000]
CodeHeap 'non-nmethods': size=5704Kb used=2388Kb max_used=2400Kb free=3315Kb
 bounds [0x00007f4b33937000, 0x00007f4b33ba7000, 0x00007f4b33ec9000]
CodeCache: size=245760Kb, used=3800Kb, max_used=3812Kb, free=241957Kb
 total_blobs=1868, nmethods=769, adapters=1005, full_count=0
Compilation: enabled, stopped_count=0, restarted_count=0

Compilation events (20 events):
Event: 0.357 Thread 0x00007f4b44172990 nmethod 756 0x00007f4b33eff590 code [0x00007f4b33eff700, 0x00007f4b33eff798]
Event: 0.359 Thread 0x00007f4b44174060  757       3       org.lwjgl.sdl.SDL_FRect::w (10 bytes)
Event: 0.359 Thread 0x00007f4b44174060 nmethod 757 0x00007f4b2c527510 code [0x00007f4b2c5276c0, 0x00007f4b2c527900]
Event: 0.359 Thread 0x00007f4b44174060  758       3       org.lwjgl.sdl.SDL_FRect::nw (11 bytes)
Event: 0.359 Thread 0x00007f4b44174060 nmethod 758 0x00007f4b2c527a10 code [0x00007f4b2c527bc0, 0x00007f4b2c527ce0]
Event: 0.359 Thread 0x00007f4b44174060  759       3       org.lwjgl.sdl.SDL_FRect::h (10 bytes)
Event: 0.359 Thread 0x00007f4b44174060 nmethod 759 0x00007f4b2c527d90 code [0x00007f4b2c527f40, 0x00007f4b2c528180]
Event: 0.359 Thread 0x00007f4b44174060  760       3       org.lwjgl.sdl.SDL_FRect::nh (11 bytes)
Event: 0.359 Thread 0x00007f4b44174060 nmethod 760 0x00007f4b2c528290 code [0x00007f4b2c528440, 0x00007f4b2c528560]
Event: 0.363 Thread 0x00007f4b44172990  761       4       org.lwjgl.system.MemoryUtil::memAddressSafe (15 bytes)
Event: 0.363 Thread 0x00007f4b44172990 nmethod 761 0x00007f4b33eff890 code [0x00007f4b33effa20, 0x00007f4b33effac8]
Event: 0.881 Thread 0x00007f4aa0059400  762       4       org.lwjgl.sdl.SDLEvents::nSDL_PollEvent (10 bytes)
Event: 0.881 Thread 0x00007f4aa0059400 nmethod 762 0x00007f4b33effb90 code [0x00007f4b33effd20, 0x00007f4b33effdc0]
Event: 0.985 Thread 0x00007f4aa0059400  763       4       org.lwjgl.sdl.SDL_FRect::w (10 bytes)
Event: 0.985 Thread 0x00007f4b44172990  764       4       org.lwjgl.sdl.SDL_FRect::h (10 bytes)
Event: 0.986 Thread 0x00007f4aa0059400 nmethod 763 0x00007f4b33effe90 code [0x00007f4b33f00000, 0x00007f4b33f00098]
Event: 0.986 Thread 0x00007f4b44172990 nmethod 764 0x00007f4b33f00190 code [0x00007f4b33f00300, 0x00007f4b33f00398]
Event: 0.996 Thread 0x00007f4b44174060  765       3       java.util.WeakHashMap::getTable (9 bytes)
Event: 0.997 Thread 0x00007f4b44174060 nmethod 765 0x00007f4b2c528610 code [0x00007f4b2c5287c0, 0x00007f4b2c528910]
Event: 0.997 Thread 0x00007f4b44174060  766   !   3       java.util.WeakHashMap::expungeStaleEntries (139 bytes)

GC Heap History (0 events):
No events

Dll operation events (7 events):
Event: 0.001 Loaded shared library /usr/lib/jvm/java-21-openjdk/lib/libjava.so
Event: 0.026 Loaded shared library /usr/lib/jvm/java-21-openjdk/lib/libjsvml.so
Event: 0.032 Loaded shared library /usr/lib/jvm/java-21-openjdk/lib/libnio.so
Event: 0.035 Loaded shared library /usr/lib/jvm/java-21-openjdk/lib/libzip.so
Event: 0.066 Loaded shared library /usr/lib/jvm/java-21-openjdk/lib/libjimage.so
Event: 0.072 Loaded shared library /usr/lib/jvm/java-21-openjdk/lib/libnet.so
Event: 0.077 Loaded shared library /tmp/lwjgl_oli/3.4.1+2/x64/liblwjgl.so

Deoptimization events (16 events):
Event: 0.235 Thread 0x00007f4b44019ca0 DEOPT PACKING pc=0x00007f4b2c41f9f0 sp=0x00007f4b48dfd1c0
Event: 0.235 Thread 0x00007f4b44019ca0 DEOPT UNPACKING pc=0x00007f4b3398f14f sp=0x00007f4b48dfc600 mode 0
Event: 0.245 Thread 0x00007f4b44019ca0 Uncommon trap: trap_request=0xffffff45 fr.pc=0x00007f4b33ed1fd8 relative=0x00000000000000b8
Event: 0.245 Thread 0x00007f4b44019ca0 Uncommon trap: reason=unstable_if action=reinterpret pc=0x00007f4b33ed1fd8 method=java.lang.String.isLatin1()Z @ 10 c2
Event: 0.245 Thread 0x00007f4b44019ca0 DEOPT PACKING pc=0x00007f4b33ed1fd8 sp=0x00007f4b48dfdfd0
Event: 0.245 Thread 0x00007f4b44019ca0 DEOPT UNPACKING pc=0x00007f4b3398e619 sp=0x00007f4b48dfdf30 mode 2
Event: 0.245 Thread 0x00007f4b44019ca0 Uncommon trap: trap_request=0xffffff45 fr.pc=0x00007f4b33eddbec relative=0x000000000000006c
Event: 0.245 Thread 0x00007f4b44019ca0 Uncommon trap: reason=unstable_if action=reinterpret pc=0x00007f4b33eddbec method=java.lang.String.isLatin1()Z @ 10 c2
Event: 0.245 Thread 0x00007f4b44019ca0 DEOPT PACKING pc=0x00007f4b33eddbec sp=0x00007f4b48dfd630
Event: 0.245 Thread 0x00007f4b44019ca0 DEOPT UNPACKING pc=0x00007f4b3398e619 sp=0x00007f4b48dfd5e0 mode 2
Event: 0.353 Thread 0x00007f4b44019ca0 DEOPT PACKING pc=0x00007f4b2c51fe36 sp=0x00007f4b48dfe7d0
Event: 0.353 Thread 0x00007f4b44019ca0 DEOPT UNPACKING pc=0x00007f4b3398f14f sp=0x00007f4b48dfddb8 mode 0
Event: 0.995 Thread 0x00007f4b44019ca0 Uncommon trap: trap_request=0xffffff45 fr.pc=0x00007f4b33efebfc relative=0x00000000000005bc
Event: 0.995 Thread 0x00007f4b44019ca0 Uncommon trap: reason=unstable_if action=reinterpret pc=0x00007f4b33efebfc method=com.minesweeper.Main.init()V @ 260 c2
Event: 0.995 Thread 0x00007f4b44019ca0 DEOPT PACKING pc=0x00007f4b33efebfc sp=0x00007f4b48dfe920
Event: 0.995 Thread 0x00007f4b44019ca0 DEOPT UNPACKING pc=0x00007f4b3398e619 sp=0x00007f4b48dfe8d0 mode 2

Classes loaded (20 events):
Event: 0.154 Loading class java/util/function/LongPredicate
Event: 0.154 Loading class java/util/function/LongPredicate done
Event: 0.155 Loading class java/lang/foreign/MemorySegment
Event: 0.156 Loading class java/lang/foreign/MemorySegment done
Event: 0.179 Loading class java/nio/InvalidMarkException
Event: 0.179 Loading class java/nio/InvalidMarkException done
Event: 0.179 Loading class java/nio/BufferUnderflowException
Event: 0.179 Loading class java/nio/BufferUnderflowException done
Event: 0.209 Loading class java/lang/Math$RandomNumberGeneratorHolder
Event: 0.209 Loading class java/lang/Math$RandomNumberGeneratorHolder done
Event: 0.240 Loading class java/util/Formatter$FixedString
Event: 0.240 Loading class java/util/Formatter$FixedString done
Event: 0.242 Loading class jdk/internal/module/ModulePatcher$PatchedModuleReader
Event: 0.242 Loading class jdk/internal/module/ModulePatcher$PatchedModuleReader done
Event: 0.242 Loading class sun/net/www/protocol/jrt/Handler
Event: 0.242 Loading class sun/net/www/protocol/jrt/Handler done
Event: 0.245 Loading class sun/text/resources/cldr/FormatData_en
Event: 0.245 Loading class sun/text/resources/cldr/FormatData_en done
Event: 0.995 Loading class java/nio/HeapFloatBuffer
Event: 0.995 Loading class java/nio/HeapFloatBuffer done

Classes unloaded (0 events):
No events

Classes redefined (0 events):
No events

Internal exceptions (13 events):
Event: 0.056 Thread 0x00007f4b44019ca0 Exception <a 'java/lang/NoSuchMethodError'{0x0000000090ee9538}: 'void java.lang.invoke.DirectMethodHandle$Holder.invokeStatic(java.lang.Object, java.lang.Object)'> (0x0000000090ee9538) 
thrown [src/hotspot/share/interpreter/linkResolver.cpp, line 772]
Event: 0.057 Thread 0x00007f4b44019ca0 Exception <a 'java/lang/NoSuchMethodError'{0x0000000090d015f8}: 'void java.lang.System.load(java.lang.String, java.lang.Class)'> (0x0000000090d015f8) 
thrown [src/hotspot/share/interpreter/linkResolver.cpp, line 772]
Event: 0.057 Thread 0x00007f4b44019ca0 Exception <a 'java/lang/NoSuchMethodError'{0x0000000090d022c8}: 'void java.lang.invoke.DirectMethodHandle$Holder.invokeSpecial(java.lang.Object, java.lang.Object, java.lang.Object)'> (0x0000000090d022c8) 
thrown [src/hotspot/share/interpreter/linkResolver.cpp, line 772]
Event: 0.059 Thread 0x00007f4b44019ca0 Exception <a 'java/lang/NoSuchMethodError'{0x0000000090d142e8}: 'java.lang.Object java.lang.invoke.DirectMethodHandle$Holder.invokeStatic(java.lang.Object, java.lang.Object, int)'> (0x0000000090d142e8) 
thrown [src/hotspot/share/interpreter/linkResolver.cpp, line 772]
Event: 0.061 Thread 0x00007f4b44019ca0 Exception <a 'java/lang/NoSuchMethodError'{0x0000000090d1fb40}: 'void java.lang.invoke.DelegatingMethodHandle$Holder.delegate(java.lang.Object, java.lang.Object, int, java.lang.Object)'> (0x0000000090d1fb40) 
thrown [src/hotspot/share/interpreter/linkResolver.cpp, line 772]
Event: 0.061 Thread 0x00007f4b44019ca0 Exception <a 'java/lang/NoSuchMethodError'{0x0000000090d23b38}: 'int java.lang.invoke.DirectMethodHandle$Holder.invokeSpecial(java.lang.Object, java.lang.Object, java.lang.Object)'> (0x0000000090d23b38) 
thrown [src/hotspot/share/interpreter/linkResolver.cpp, line 772]
Event: 0.065 Thread 0x00007f4b44019ca0 Exception <a 'java/lang/NoSuchMethodError'{0x0000000090d3e260}: 'void java.lang.System.loadLibrary(java.lang.String, java.lang.Class)'> (0x0000000090d3e260) 
thrown [src/hotspot/share/interpreter/linkResolver.cpp, line 772]
Event: 0.155 Thread 0x00007f4b44019ca0 Exception <a 'java/lang/NoSuchMethodError'{0x0000000090c8dd68}: 'int java.lang.invoke.DirectMethodHandle$Holder.invokeStaticInit(java.lang.Object, java.lang.Object, int, long)'> (0x0000000090c8dd68) 
thrown [src/hotspot/share/interpreter/linkResolver.cpp, line 772]
Event: 0.155 Thread 0x00007f4b44019ca0 Exception <a 'java/lang/NoSuchMethodError'{0x0000000090c93140}: 'java.lang.Object java.lang.invoke.DirectMethodHandle$Holder.newInvokeSpecial(java.lang.Object, java.lang.Object, int)'> (0x0000000090c93140) 
thrown [src/hotspot/share/interpreter/linkResolver.cpp, line 772]
Event: 0.156 Thread 0x00007f4b44019ca0 Exception <a 'java/lang/NoSuchMethodError'{0x0000000090ca16d8}: 'int java.lang.invoke.DirectMethodHandle$Holder.invokeStaticInit(java.lang.Object, java.lang.Object, long, long)'> (0x0000000090ca16d8) 
thrown [src/hotspot/share/interpreter/linkResolver.cpp, line 772]
Event: 0.157 Thread 0x00007f4b44019ca0 Exception <a 'java/lang/NoSuchMethodError'{0x0000000090ca7430}: 'java.lang.Object java.lang.invoke.DirectMethodHandle$Holder.newInvokeSpecial(java.lang.Object, java.lang.Object, long)'> (0x0000000090ca7430) 
thrown [src/hotspot/share/interpreter/linkResolver.cpp, line 772]
Event: 0.157 Thread 0x00007f4b44019ca0 Exception <a 'java/lang/NoSuchMethodError'{0x0000000090cab558}: 'java.lang.Object java.lang.invoke.Invokers$Holder.linkToTargetMethod(java.lang.Object, long, java.lang.Object)'> (0x0000000090cab558) 
thrown [src/hotspot/share/interpreter/linkResolver.cpp, line 772]
Event: 0.158 Thread 0x00007f4b44019ca0 Exception <a 'java/lang/NoSuchMethodError'{0x0000000090cb2a50}: 'int java.lang.invoke.DirectMethodHandle$Holder.invokeStaticInit(java.lang.Object, java.lang.Object, java.lang.Object, long)'> (0x0000000090cb2a50) 
thrown [src/hotspot/share/interpreter/linkResolver.cpp, line 772]

ZGC Phase Switch (0 events):
No events

VM Operations (4 events):
Event: 0.151 Executing non-safepoint VM operation: HandshakeAllThreads (Deoptimize)
Event: 0.151 Executing non-safepoint VM operation: HandshakeAllThreads (Deoptimize) done
Event: 0.996 Executing non-safepoint VM operation: HandshakeAllThreads (Deoptimize)
Event: 0.996 Executing non-safepoint VM operation: HandshakeAllThreads (Deoptimize) done

Memory protections (11 events):
Event: 0.001 Protecting memory [0x00007f4b48d00000,0x00007f4b48d04000] with protection modes 0
Event: 0.023 Protecting memory [0x00007f4b28d0c000,0x00007f4b28d10000] with protection modes 0
Event: 0.023 Protecting memory [0x00007f4b28900000,0x00007f4b28904000] with protection modes 0
Event: 0.023 Protecting memory [0x00007f4b287ff000,0x00007f4b28803000] with protection modes 0
Event: 0.024 Protecting memory [0x00007f4b286fe000,0x00007f4b28702000] with protection modes 0
Event: 0.025 Protecting memory [0x00007f4b285fd000,0x00007f4b28601000] with protection modes 0
Event: 0.025 Protecting memory [0x00007f4b284fc000,0x00007f4b28500000] with protection modes 0
Event: 0.025 Protecting memory [0x00007f4b283fb000,0x00007f4b283ff000] with protection modes 0
Event: 0.029 Protecting memory [0x00007f4b28229000,0x00007f4b2822d000] with protection modes 0
Event: 0.030 Protecting memory [0x00007f4b28128000,0x00007f4b2812c000] with protection modes 0
Event: 0.118 Protecting memory [0x00007f4b19f00000,0x00007f4b19f04000] with protection modes 0

Nmethod flushes (0 events):
No events

Events (11 events):
Event: 0.013 Thread 0x00007f4b44019ca0 Thread added: 0x00007f4b44019ca0
Event: 0.023 Thread 0x00007f4b44019ca0 Thread added: 0x00007f4b4414c200
Event: 0.023 Thread 0x00007f4b44019ca0 Thread added: 0x00007f4b4416d190
Event: 0.023 Thread 0x00007f4b44019ca0 Thread added: 0x00007f4b4416e240
Event: 0.024 Thread 0x00007f4b44019ca0 Thread added: 0x00007f4b4416f890
Event: 0.025 Thread 0x00007f4b44019ca0 Thread added: 0x00007f4b44170e40
Event: 0.025 Thread 0x00007f4b44019ca0 Thread added: 0x00007f4b44172990
Event: 0.025 Thread 0x00007f4b44019ca0 Thread added: 0x00007f4b44174060
Event: 0.029 Thread 0x00007f4b44019ca0 Thread added: 0x00007f4b44180470
Event: 0.030 Thread 0x00007f4b44019ca0 Thread added: 0x00007f4b44183510
Event: 0.118 Thread 0x00007f4b44174060 Thread added: 0x00007f4aa0059400


Dynamic libraries:
89800000-91000000 rw-p 00000000 00:00 0 
91000000-ffe00000 ---p 00000000 00:00 0 
ffe00000-fff0d000 rw-p 00cda000 103:03 6422945                           /usr/lib/jvm/java-21-openjdk/lib/server/classes.jsa
fff0d000-100000000 rw-p 00000000 00:00 0 
55e43d35c000-55e43d35d000 r--p 00000000 103:03 6422671                   /usr/lib/jvm/java-21-openjdk/bin/java
55e43d35d000-55e43d35e000 r-xp 00001000 103:03 6422671                   /usr/lib/jvm/java-21-openjdk/bin/java
55e43d35e000-55e43d35f000 r--p 00002000 103:03 6422671                   /usr/lib/jvm/java-21-openjdk/bin/java
55e43d35f000-55e43d360000 r--p 00002000 103:03 6422671                   /usr/lib/jvm/java-21-openjdk/bin/java
55e43d360000-55e43d361000 rw-p 00003000 103:03 6422671                   /usr/lib/jvm/java-21-openjdk/bin/java
55e45a0a6000-55e45a0ee000 rw-p 00000000 00:00 0                          [heap]
7f4a70000000-7f4a70021000 rw-p 00000000 00:00 0 
7f4a70021000-7f4a74000000 ---p 00000000 00:00 0 
7f4a78000000-7f4a78021000 rw-p 00000000 00:00 0 
7f4a78021000-7f4a7c000000 ---p 00000000 00:00 0 
7f4a7c000000-7f4a7c021000 rw-p 00000000 00:00 0 
7f4a7c021000-7f4a80000000 ---p 00000000 00:00 0 
7f4a80000000-7f4a80021000 rw-p 00000000 00:00 0 
7f4a80021000-7f4a84000000 ---p 00000000 00:00 0 
7f4a849fe000-7f4a85a00000 rw-p 00000000 00:00 0 
7f4a85a00000-7f4a85f5b000 r--p 00000000 103:03 5806847                   /usr/lib/libLLVM.so.22.1
7f4a85f5b000-7f4a8bc2e000 r-xp 0055b000 103:03 5806847                   /usr/lib/libLLVM.so.22.1
7f4a8bc2e000-7f4a8fcc0000 r--p 0622e000 103:03 5806847                   /usr/lib/libLLVM.so.22.1
7f4a8fcc0000-7f4a8fedc000 r--p 0a2c0000 103:03 5806847                   /usr/lib/libLLVM.so.22.1
7f4a8fedc000-7f4a8fee6000 rw-p 0a4dc000 103:03 5806847                   /usr/lib/libLLVM.so.22.1
7f4a8fee6000-7f4a8ffb6000 rw-p 00000000 00:00 0 
7f4a90000000-7f4a90021000 rw-p 00000000 00:00 0 
7f4a90021000-7f4a94000000 ---p 00000000 00:00 0 
7f4a941ff000-7f4a94a00000 rw-p 00000000 00:00 0 
7f4a94a00000-7f4a94a1a000 r--p 00000000 103:03 5806938                   /usr/lib/libgallium-26.1.2-arch1.1.so
7f4a94a1a000-7f4a969c6000 r-xp 0001a000 103:03 5806938                   /usr/lib/libgallium-26.1.2-arch1.1.so
7f4a969c6000-7f4a97c07000 r--p 01fc6000 103:03 5806938                   /usr/lib/libgallium-26.1.2-arch1.1.so
7f4a97c07000-7f4a97d78000 r--p 03207000 103:03 5806938                   /usr/lib/libgallium-26.1.2-arch1.1.so
7f4a97d78000-7f4a97dae000 rw-p 03378000 103:03 5806938                   /usr/lib/libgallium-26.1.2-arch1.1.so
7f4a97dae000-7f4a97f7b000 rw-p 00000000 00:00 0 
7f4a98000000-7f4a98021000 rw-p 00000000 00:00 0 
7f4a98021000-7f4a9c000000 ---p 00000000 00:00 0 
7f4a9c000000-7f4a9c02e000 rw-p 00000000 00:00 0 
7f4a9c02e000-7f4aa0000000 ---p 00000000 00:00 0 
7f4aa0000000-7f4aa01eb000 rw-p 00000000 00:00 0 
7f4aa01eb000-7f4aa4000000 ---p 00000000 00:00 0 
7f4aa4000000-7f4aa4021000 rw-p 00000000 00:00 0 
7f4aa4021000-7f4aa8000000 ---p 00000000 00:00 0 
7f4aa8000000-7f4aa8021000 rw-p 00000000 00:00 0 
7f4aa8021000-7f4aac000000 ---p 00000000 00:00 0 
7f4aac000000-7f4aac1d7000 rw-p 00000000 00:00 0 
7f4aac1d7000-7f4ab0000000 ---p 00000000 00:00 0 
7f4ab0000000-7f4ab0021000 rw-p 00000000 00:00 0 
7f4ab0021000-7f4ab4000000 ---p 00000000 00:00 0 
7f4ab4000000-7f4ab4021000 rw-p 00000000 00:00 0 
7f4ab4021000-7f4ab8000000 ---p 00000000 00:00 0 
7f4ab8000000-7f4ab8021000 rw-p 00000000 00:00 0 
7f4ab8021000-7f4abc000000 ---p 00000000 00:00 0 
7f4abc000000-7f4abc021000 rw-p 00000000 00:00 0 
7f4abc021000-7f4ac0000000 ---p 00000000 00:00 0 
7f4ac0000000-7f4ac0021000 rw-p 00000000 00:00 0 
7f4ac0021000-7f4ac4000000 ---p 00000000 00:00 0 
7f4ac41ff000-7f4ac43ff000 rw-s 107992000 00:11 1094                      anon_inode:i915.gem
7f4ac43ff000-7f4ac45ff000 rw-s 107792000 00:11 1094                      anon_inode:i915.gem
7f4ac45ff000-7f4ac47ff000 rw-s 107592000 00:11 1094                      anon_inode:i915.gem
7f4ac47ff000-7f4ac5000000 rw-p 00000000 00:00 0 
7f4ac5000000-7f4ac6f94000 r--p 00000000 103:03 5788072                   /usr/lib/libicudata.so.78.3
7f4ac6f94000-7f4ac6f95000 r--p 01f93000 103:03 5788072                   /usr/lib/libicudata.so.78.3
7f4ac7000000-7f4ac71a0000 rw-p 00000000 00:00 0 
7f4ac71a0000-7f4ac7400000 ---p 00000000 00:00 0 
7f4ac7400000-7f4ac75d0000 rw-p 00000000 00:00 0 
7f4ac75d0000-7f4acb000000 ---p 00000000 00:00 0 
7f4acb000000-7f4acbc9b000 rw-p 00001000 103:03 6422945                   /usr/lib/jvm/java-21-openjdk/lib/server/classes.jsa
7f4acbc9b000-7f4acc000000 ---p 00000000 00:00 0 
7f4acc000000-7f4acc030000 rw-p 00000000 00:00 0 
7f4acc030000-7f4acc040000 ---p 00000000 00:00 0 
7f4acc040000-7f4acc060000 rw-p 00000000 00:00 0 
7f4acc060000-7f4b0c000000 ---p 00000000 00:00 0 
7f4b0c000000-7f4b0c021000 rw-p 00000000 00:00 0 
7f4b0c021000-7f4b10000000 ---p 00000000 00:00 0 
7f4b10000000-7f4b10021000 rw-p 00000000 00:00 0 
7f4b10021000-7f4b14000000 ---p 00000000 00:00 0 
7f4b14000000-7f4b14021000 rw-p 00000000 00:00 0 
7f4b14021000-7f4b18000000 ---p 00000000 00:00 0 
7f4b18010000-7f4b18090000 rw-s 108252000 00:11 1094                      anon_inode:i915.gem
7f4b18090000-7f4b180a0000 rw-s 107bc2000 00:11 1094                      anon_inode:i915.gem
7f4b180a0000-7f4b180b0000 rw-s 107bb2000 00:11 1094                      anon_inode:i915.gem
7f4b180b0000-7f4b180c0000 rw-s 107ba2000 00:11 1094                      anon_inode:i915.gem
7f4b180c0000-7f4b180d0000 rw-s 107b92000 00:11 1094                      anon_inode:i915.gem
7f4b180d0000-7f4b180f0000 rw-s 104dd8000 00:11 1094                      anon_inode:i915.gem
7f4b180f0000-7f4b18110000 rw-s 104db8000 00:11 1094                      anon_inode:i915.gem
7f4b18110000-7f4b18130000 rw-s 104d98000 00:11 1094                      anon_inode:i915.gem
7f4b18130000-7f4b18140000 rw-s 105898000 00:11 1094                      anon_inode:i915.gem
7f4b18140000-7f4b18150000 rw-s 105888000 00:11 1094                      anon_inode:i915.gem
7f4b18150000-7f4b18160000 rw-s 105878000 00:11 1094                      anon_inode:i915.gem
7f4b18160000-7f4b18170000 rw-s 105868000 00:11 1094                      anon_inode:i915.gem
7f4b18170000-7f4b18180000 rw-s 105858000 00:11 1094                      anon_inode:i915.gem
7f4b18180000-7f4b18190000 rw-s 105848000 00:11 1094                      anon_inode:i915.gem
7f4b18190000-7f4b181a0000 rw-s 105838000 00:11 1094                      anon_inode:i915.gem
7f4b181a0000-7f4b181b0000 rw-s 105828000 00:11 1094                      anon_inode:i915.gem
7f4b181b0000-7f4b181c0000 rw-s 107e42000 00:11 1094                      anon_inode:i915.gem
7f4b181c0000-7f4b181d0000 rw-s 107e32000 00:11 1094                      anon_inode:i915.gem
7f4b181d0000-7f4b181e0000 rw-s 107e22000 00:11 1094                      anon_inode:i915.gem
7f4b181e0000-7f4b181f0000 rw-s 107e12000 00:11 1094                      anon_inode:i915.gem
7f4b181f0000-7f4b18200000 rw-s 1057d8000 00:11 1094                      anon_inode:i915.gem
7f4b18200000-7f4b18401000 rw-s 00000000 103:04 6029652                   /home/oli/.cache/mesa_shader_cache/index
7f4b18402000-7f4b18412000 rw-s 103efd000 00:11 1094                      anon_inode:i915.gem
7f4b18412000-7f4b18492000 rw-s 104678000 00:11 1094                      anon_inode:i915.gem
7f4b18492000-7f4b18560000 rw-p 00000000 00:00 0 
7f4b18560000-7f4b18580000 rw-s 101965000 00:11 1094                      anon_inode:i915.gem
7f4b18580000-7f4b18600000 rw-s 1053c8000 00:11 1094                      anon_inode:i915.gem
7f4b18600000-7f4b18800000 rw-s 107392000 00:11 1094                      anon_inode:i915.gem
7f4b18800000-7f4b18848000 r--p 00000000 103:03 5788087                   /usr/lib/libicuuc.so.78.3
7f4b18848000-7f4b18961000 r-xp 00048000 103:03 5788087                   /usr/lib/libicuuc.so.78.3
7f4b18961000-7f4b189fa000 r--p 00161000 103:03 5788087                   /usr/lib/libicuuc.so.78.3
7f4b189fa000-7f4b18a0d000 r--p 001fa000 103:03 5788087                   /usr/lib/libicuuc.so.78.3
7f4b18a0d000-7f4b18a0e000 rw-p 0020d000 103:03 5788087                   /usr/lib/libicuuc.so.78.3
7f4b18a0e000-7f4b18a10000 rw-p 00000000 00:00 0 
7f4b18a18000-7f4b18a38000 rw-s 10432e000 00:11 1094                      anon_inode:i915.gem
7f4b18a38000-7f4b18a58000 rw-s 104cb8000 00:11 1094                      anon_inode:i915.gem
7f4b18a58000-7f4b18a98000 rw-s 107dd2000 00:11 1094                      anon_inode:i915.gem
7f4b18a98000-7f4b18aa5000 r--p 00000000 103:03 5771154                   /usr/lib/libncursesw.so.6.6
7f4b18aa5000-7f4b18aeb000 r-xp 0000d000 103:03 5771154                   /usr/lib/libncursesw.so.6.6
7f4b18aeb000-7f4b18b02000 r--p 00053000 103:03 5771154                   /usr/lib/libncursesw.so.6.6
7f4b18b02000-7f4b18b07000 r--p 00069000 103:03 5771154                   /usr/lib/libncursesw.so.6.6
7f4b18b07000-7f4b18b08000 rw-p 0006e000 103:03 5771154                   /usr/lib/libncursesw.so.6.6
7f4b18b08000-7f4b18b0a000 r--p 00000000 103:03 5806727                   /usr/lib/libpciaccess.so.0.11.1
7f4b18b0a000-7f4b18b0f000 r-xp 00002000 103:03 5806727                   /usr/lib/libpciaccess.so.0.11.1
7f4b18b0f000-7f4b18b11000 r--p 00007000 103:03 5806727                   /usr/lib/libpciaccess.so.0.11.1
7f4b18b11000-7f4b18b12000 r--p 00008000 103:03 5806727                   /usr/lib/libpciaccess.so.0.11.1
7f4b18b12000-7f4b18b13000 rw-p 00009000 103:03 5806727                   /usr/lib/libpciaccess.so.0.11.1
7f4b18b13000-7f4b18b2d000 r--p 00000000 103:03 5788170                   /usr/lib/libxml2.so.16.1.3
7f4b18b2d000-7f4b18bfe000 r-xp 0001a000 103:03 5788170                   /usr/lib/libxml2.so.16.1.3
7f4b18bfe000-7f4b18c43000 r--p 000eb000 103:03 5788170                   /usr/lib/libxml2.so.16.1.3
7f4b18c43000-7f4b18c4c000 r--p 00130000 103:03 5788170                   /usr/lib/libxml2.so.16.1.3
7f4b18c4c000-7f4b18c4d000 rw-p 00139000 103:03 5788170                   /usr/lib/libxml2.so.16.1.3
7f4b18c4d000-7f4b18c4e000 rw-p 00000000 00:00 0 
7f4b18c4e000-7f4b18c54000 r--p 00000000 103:03 5806798                   /usr/lib/libedit.so.0.0.78
7f4b18c54000-7f4b18c76000 r-xp 00006000 103:03 5806798                   /usr/lib/libedit.so.0.0.78
7f4b18c76000-7f4b18c84000 r--p 00028000 103:03 5806798                   /usr/lib/libedit.so.0.0.78
7f4b18c84000-7f4b18c87000 r--p 00035000 103:03 5806798                   /usr/lib/libedit.so.0.0.78
7f4b18c87000-7f4b18c88000 rw-p 00038000 103:03 5806798                   /usr/lib/libedit.so.0.0.78
7f4b18c88000-7f4b18c8b000 rw-p 00000000 00:00 0 
7f4b18c8b000-7f4b18c8e000 r--p 00000000 103:03 5806749                   /usr/lib/libdrm_intel.so.1.134.0
7f4b18c8e000-7f4b18ca5000 r-xp 00003000 103:03 5806749                   /usr/lib/libdrm_intel.so.1.134.0
7f4b18ca5000-7f4b18caf000 r--p 0001a000 103:03 5806749                   /usr/lib/libdrm_intel.so.1.134.0
7f4b18caf000-7f4b18cb0000 r--p 00024000 103:03 5806749                   /usr/lib/libdrm_intel.so.1.134.0
7f4b18cb0000-7f4b18cb1000 rw-p 00025000 103:03 5806749                   /usr/lib/libdrm_intel.so.1.134.0
7f4b18cb1000-7f4b18cb4000 r--p 00000000 103:03 5806745                   /usr/lib/libdrm_amdgpu.so.1.134.0
7f4b18cb4000-7f4b18cba000 r-xp 00003000 103:03 5806745                   /usr/lib/libdrm_amdgpu.so.1.134.0
7f4b18cba000-7f4b18cbc000 r--p 00009000 103:03 5806745                   /usr/lib/libdrm_amdgpu.so.1.134.0
7f4b18cbc000-7f4b18cbd000 r--p 0000a000 103:03 5806745                   /usr/lib/libdrm_amdgpu.so.1.134.0
7f4b18cbd000-7f4b18cbe000 rw-p 0000b000 103:03 5806745                   /usr/lib/libdrm_amdgpu.so.1.134.0
7f4b18cbe000-7f4b18cc1000 r--p 00000000 103:03 5791963                   /usr/lib/libelf-0.195.so
7f4b18cc1000-7f4b18cd4000 r-xp 00003000 103:03 5791963                   /usr/lib/libelf-0.195.so
7f4b18cd4000-7f4b18cd8000 r--p 00016000 103:03 5791963                   /usr/lib/libelf-0.195.so
7f4b18cd8000-7f4b18cd9000 r--p 0001a000 103:03 5791963                   /usr/lib/libelf-0.195.so
7f4b18cd9000-7f4b18cda000 rw-p 0001b000 103:03 5791963                   /usr/lib/libelf-0.195.so
7f4b18cda000-7f4b18cdb000 r--p 00000000 103:03 5806766                   /usr/lib/libxshmfence.so.1.0.0
7f4b18cdb000-7f4b18cdc000 r-xp 00001000 103:03 5806766                   /usr/lib/libxshmfence.so.1.0.0
7f4b18cdc000-7f4b18cdd000 r--p 00002000 103:03 5806766                   /usr/lib/libxshmfence.so.1.0.0
7f4b18cdd000-7f4b18cde000 r--p 00002000 103:03 5806766                   /usr/lib/libxshmfence.so.1.0.0
7f4b18cde000-7f4b18cdf000 rw-p 00003000 103:03 5806766                   /usr/lib/libxshmfence.so.1.0.0
7f4b18cdf000-7f4b18ce2000 r--p 00000000 103:03 5803478                   /usr/lib/libxcb-sync.so.1.0.0
7f4b18ce2000-7f4b18ce5000 r-xp 00003000 103:03 5803478                   /usr/lib/libxcb-sync.so.1.0.0
7f4b18ce5000-7f4b18ce6000 r--p 00006000 103:03 5803478                   /usr/lib/libxcb-sync.so.1.0.0
7f4b18ce6000-7f4b18ce7000 r--p 00007000 103:03 5803478                   /usr/lib/libxcb-sync.so.1.0.0
7f4b18ce7000-7f4b18ce8000 rw-p 00008000 103:03 5803478                   /usr/lib/libxcb-sync.so.1.0.0
7f4b18ce8000-7f4b18cea000 r--p 00000000 103:03 5806863                   /usr/lib/libsensors.so.5.0.0
7f4b18cea000-7f4b18cf1000 r-xp 00002000 103:03 5806863                   /usr/lib/libsensors.so.5.0.0
7f4b18cf1000-7f4b18cf5000 r--p 00009000 103:03 5806863                   /usr/lib/libsensors.so.5.0.0
7f4b18cf5000-7f4b18cf6000 r--p 0000d000 103:03 5806863                   /usr/lib/libsensors.so.5.0.0
7f4b18cf6000-7f4b18cf7000 rw-p 0000e000 103:03 5806863                   /usr/lib/libsensors.so.5.0.0
7f4b18cf7000-7f4b18d0e000 r--p 00000000 103:03 5806894                   /usr/lib/libSPIRV-Tools.so
7f4b18d0e000-7f4b18e39000 r-xp 00017000 103:03 5806894                   /usr/lib/libSPIRV-Tools.so
7f4b18e39000-7f4b18ebe000 r--p 00142000 103:03 5806894                   /usr/lib/libSPIRV-Tools.so
7f4b18ebe000-7f4b18ec1000 r--p 001c6000 103:03 5806894                   /usr/lib/libSPIRV-Tools.so
7f4b18ec1000-7f4b18ec2000 rw-p 001c9000 103:03 5806894                   /usr/lib/libSPIRV-Tools.so
7f4b18ec2000-7f4b18ece000 r--p 00000000 103:03 5775762                   /usr/lib/libzstd.so.1.5.7
7f4b18ece000-7f4b18f8f000 r-xp 0000c000 103:03 5775762                   /usr/lib/libzstd.so.1.5.7
7f4b18f8f000-7f4b18fa4000 r--p 000cd000 103:03 5775762                   /usr/lib/libzstd.so.1.5.7
7f4b18fa4000-7f4b18fa5000 r--p 000e2000 103:03 5775762                   /usr/lib/libzstd.so.1.5.7
7f4b18fa5000-7f4b18fa6000 rw-p 000e3000 103:03 5775762                   /usr/lib/libzstd.so.1.5.7
7f4b18fa6000-7f4b18fa7000 r--p 00000000 103:03 5803454                   /usr/lib/libxcb-present.so.0.0.0
7f4b18fa7000-7f4b18fa8000 r-xp 00001000 103:03 5803454                   /usr/lib/libxcb-present.so.0.0.0
7f4b18fa8000-7f4b18fa9000 r--p 00002000 103:03 5803454                   /usr/lib/libxcb-present.so.0.0.0
7f4b18fa9000-7f4b18faa000 r--p 00002000 103:03 5803454                   /usr/lib/libxcb-present.so.0.0.0
7f4b18faa000-7f4b18fab000 rw-p 00003000 103:03 5803454                   /usr/lib/libxcb-present.so.0.0.0
7f4b18fab000-7f4b18fad000 r--p 00000000 103:03 5803448                   /usr/lib/libxcb-dri3.so.0.1.0
7f4b18fad000-7f4b18faf000 r-xp 00002000 103:03 5803448                   /usr/lib/libxcb-dri3.so.0.1.0
7f4b18faf000-7f4b18fb0000 r--p 00004000 103:03 5803448                   /usr/lib/libxcb-dri3.so.0.1.0
7f4b18fb0000-7f4b18fb1000 r--p 00004000 103:03 5803448                   /usr/lib/libxcb-dri3.so.0.1.0
7f4b18fb1000-7f4b18fb2000 rw-p 00005000 103:03 5803448                   /usr/lib/libxcb-dri3.so.0.1.0
7f4b18fb2000-7f4b18fb4000 r--p 00000000 103:03 5792773                   /usr/lib/libexpat.so.1.12.1
7f4b18fb4000-7f4b18fd5000 r-xp 00002000 103:03 5792773                   /usr/lib/libexpat.so.1.12.1
7f4b18fd5000-7f4b18fde000 r--p 00023000 103:03 5792773                   /usr/lib/libexpat.so.1.12.1
7f4b18fde000-7f4b18fe0000 r--p 0002b000 103:03 5792773                   /usr/lib/libexpat.so.1.12.1
7f4b18fe0000-7f4b18fe1000 rw-p 0002d000 103:03 5792773                   /usr/lib/libexpat.so.1.12.1
7f4b18fe1000-7f4b18fe7000 r--p 00000000 103:03 5806933                   /usr/lib/libEGL_mesa.so.0.0.0
7f4b18fe7000-7f4b19021000 r-xp 00006000 103:03 5806933                   /usr/lib/libEGL_mesa.so.0.0.0
7f4b19021000-7f4b19034000 r--p 00040000 103:03 5806933                   /usr/lib/libEGL_mesa.so.0.0.0
7f4b19034000-7f4b19041000 r--p 00052000 103:03 5806933                   /usr/lib/libEGL_mesa.so.0.0.0
7f4b19041000-7f4b19042000 rw-p 0005f000 103:03 5806933                   /usr/lib/libEGL_mesa.so.0.0.0
7f4b19042000-7f4b19043000 rw-p 00000000 00:00 0 
7f4b19043000-7f4b1905a000 r--p 00000000 103:03 5805847                   /usr/lib/libX11.so.6.4.0
7f4b1905a000-7f4b190eb000 r-xp 00017000 103:03 5805847                   /usr/lib/libX11.so.6.4.0
7f4b190eb000-7f4b1917f000 r--p 000a8000 103:03 5805847                   /usr/lib/libX11.so.6.4.0
7f4b1917f000-7f4b19182000 r--p 0013c000 103:03 5805847                   /usr/lib/libX11.so.6.4.0
7f4b19182000-7f4b19186000 rw-p 0013f000 103:03 5805847                   /usr/lib/libX11.so.6.4.0
7f4b19186000-7f4b19188000 r--p 00000000 103:03 5806958                   /usr/lib/libGLdispatch.so.0.0.0
7f4b19188000-7f4b191c7000 r-xp 00002000 103:03 5806958                   /usr/lib/libGLdispatch.so.0.0.0
7f4b191c7000-7f4b191da000 r--p 00041000 103:03 5806958                   /usr/lib/libGLdispatch.so.0.0.0
7f4b191da000-7f4b191f6000 r--p 00054000 103:03 5806958                   /usr/lib/libGLdispatch.so.0.0.0
7f4b191f6000-7f4b191f7000 rw-p 00070000 103:03 5806958                   /usr/lib/libGLdispatch.so.0.0.0
7f4b191f7000-7f4b191ff000 rw-p 00000000 00:00 0 
7f4b191ff000-7f4b19a00000 rw-p 00000000 00:00 0 
7f4b19a00000-7f4b19cc4000 r-xp 00000000 103:03 524373                    /tmp/lwjgl_oli/3.4.1+2/x64/libSDL3.so
7f4b19cc4000-7f4b19dba000 r--p 002c4000 103:03 524373                    /tmp/lwjgl_oli/3.4.1+2/x64/libSDL3.so
7f4b19dba000-7f4b19dc8000 r--p 003ba000 103:03 524373                    /tmp/lwjgl_oli/3.4.1+2/x64/libSDL3.so
7f4b19dc8000-7f4b19dd5000 rw-p 003c8000 103:03 524373                    /tmp/lwjgl_oli/3.4.1+2/x64/libSDL3.so
7f4b19dd5000-7f4b19ddc000 rw-p 00000000 00:00 0 
7f4b19ddc000-7f4b19de1000 r--p 00000000 103:03 5806741                   /usr/lib/libdrm.so.2.134.0
7f4b19de1000-7f4b19ded000 r-xp 00005000 103:03 5806741                   /usr/lib/libdrm.so.2.134.0
7f4b19ded000-7f4b19df1000 r--p 00011000 103:03 5806741                   /usr/lib/libdrm.so.2.134.0
7f4b19df1000-7f4b19df2000 r--p 00015000 103:03 5806741                   /usr/lib/libdrm.so.2.134.0
7f4b19df2000-7f4b19df3000 rw-p 00016000 103:03 5806741                   /usr/lib/libdrm.so.2.134.0
7f4b19df3000-7f4b19df4000 r--p 00000000 103:03 5803475                   /usr/lib/libxcb-shm.so.0.0.0
7f4b19df4000-7f4b19df5000 r-xp 00001000 103:03 5803475                   /usr/lib/libxcb-shm.so.0.0.0
7f4b19df5000-7f4b19df6000 r--p 00002000 103:03 5803475                   /usr/lib/libxcb-shm.so.0.0.0
7f4b19df6000-7f4b19df7000 r--p 00002000 103:03 5803475                   /usr/lib/libxcb-shm.so.0.0.0
7f4b19df7000-7f4b19df8000 rw-p 00003000 103:03 5803475                   /usr/lib/libxcb-shm.so.0.0.0
7f4b19df8000-7f4b19dfb000 r--p 00000000 103:03 5803484                   /usr/lib/libxcb-xfixes.so.0.0.0
7f4b19dfb000-7f4b19dfe000 r-xp 00003000 103:03 5803484                   /usr/lib/libxcb-xfixes.so.0.0.0
7f4b19dfe000-7f4b19dff000 r--p 00006000 103:03 5803484                   /usr/lib/libxcb-xfixes.so.0.0.0
7f4b19dff000-7f4b19e00000 r--p 00007000 103:03 5803484                   /usr/lib/libxcb-xfixes.so.0.0.0
7f4b19e00000-7f4b19e01000 rw-p 00008000 103:03 5803484                   /usr/lib/libxcb-xfixes.so.0.0.0
7f4b19e01000-7f4b19e0d000 r--p 00000000 103:03 5803505                   /usr/lib/libxcb.so.1.1.0
7f4b19e0d000-7f4b19e21000 r-xp 0000c000 103:03 5803505                   /usr/lib/libxcb.so.1.1.0
7f4b19e21000-7f4b19e2a000 r--p 00020000 103:03 5803505                   /usr/lib/libxcb.so.1.1.0
7f4b19e2a000-7f4b19e2b000 r--p 00028000 103:03 5803505                   /usr/lib/libxcb.so.1.1.0
7f4b19e2b000-7f4b19e2c000 rw-p 00029000 103:03 5803505                   /usr/lib/libxcb.so.1.1.0
7f4b19e2c000-7f4b19e5b000 r--p 00000000 103:03 5806949                   /usr/lib/libGL.so.1.7.0
7f4b19e5b000-7f4b19e7a000 r-xp 0002f000 103:03 5806949                   /usr/lib/libGL.so.1.7.0
7f4b19e7a000-7f4b19e8f000 r--p 0004e000 103:03 5806949                   /usr/lib/libGL.so.1.7.0
7f4b19e8f000-7f4b19e9d000 r--p 00062000 103:03 5806949                   /usr/lib/libGL.so.1.7.0
7f4b19e9d000-7f4b19e9e000 rw-p 00070000 103:03 5806949                   /usr/lib/libGL.so.1.7.0
7f4b19e9e000-7f4b19e9f000 rw-p 00000000 00:00 0 
7f4b19e9f000-7f4b19ea3000 r--p 00000000 103:03 5808451                   /usr/lib/libxkbcommon.so.0.13.2
7f4b19ea3000-7f4b19ed2000 r-xp 00004000 103:03 5808451                   /usr/lib/libxkbcommon.so.0.13.2
7f4b19ed2000-7f4b19efc000 r--p 00033000 103:03 5808451                   /usr/lib/libxkbcommon.so.0.13.2
7f4b19efc000-7f4b19efe000 r--p 0005d000 103:03 5808451                   /usr/lib/libxkbcommon.so.0.13.2
7f4b19efe000-7f4b19eff000 rw-p 0005f000 103:03 5808451                   /usr/lib/libxkbcommon.so.0.13.2
7f4b19eff000-7f4b19f00000 rw-p 00000000 00:00 0 
7f4b19f00000-7f4b19f04000 ---p 00000000 00:00 0 
7f4b19f04000-7f4b1a000000 rw-p 00000000 00:00 0 
7f4b1a000000-7f4b1c021000 rw-p 00000000 00:00 0 
7f4b1c021000-7f4b20000000 ---p 00000000 00:00 0 
7f4b20000000-7f4b20021000 rw-p 00000000 00:00 0 
7f4b20021000-7f4b24000000 ---p 00000000 00:00 0 
7f4b24000000-7f4b24021000 rw-p 00000000 00:00 0 
7f4b24021000-7f4b28000000 ---p 00000000 00:00 0 
7f4b28002000-7f4b28009000 r--p 00000000 103:03 5803457                   /usr/lib/libxcb-randr.so.0.1.0
7f4b28009000-7f4b2800f000 r-xp 00007000 103:03 5803457                   /usr/lib/libxcb-randr.so.0.1.0
7f4b2800f000-7f4b28012000 r--p 0000d000 103:03 5803457                   /usr/lib/libxcb-randr.so.0.1.0
7f4b28012000-7f4b28013000 r--p 00010000 103:03 5803457                   /usr/lib/libxcb-randr.so.0.1.0
7f4b28013000-7f4b28014000 rw-p 00011000 103:03 5803457                   /usr/lib/libxcb-randr.so.0.1.0
7f4b28014000-7f4b28016000 r--p 00000000 103:03 5806946                   /usr/lib/libEGL.so.1.1.0
7f4b28016000-7f4b2801f000 r-xp 00002000 103:03 5806946                   /usr/lib/libEGL.so.1.1.0
7f4b2801f000-7f4b28023000 r--p 0000b000 103:03 5806946                   /usr/lib/libEGL.so.1.1.0
7f4b28023000-7f4b28024000 r--p 0000e000 103:03 5806946                   /usr/lib/libEGL.so.1.1.0
7f4b28024000-7f4b28025000 rw-p 0000f000 103:03 5806946                   /usr/lib/libEGL.so.1.1.0
7f4b28025000-7f4b28027000 r--p 00000000 103:03 5806955                   /usr/lib/libGLX.so.0.0.0
7f4b28027000-7f4b28041000 r-xp 00002000 103:03 5806955                   /usr/lib/libGLX.so.0.0.0
7f4b28041000-7f4b28044000 r--p 0001c000 103:03 5806955                   /usr/lib/libGLX.so.0.0.0
7f4b28044000-7f4b28045000 r--p 0001f000 103:03 5806955                   /usr/lib/libGLX.so.0.0.0
7f4b28045000-7f4b28046000 rw-p 00020000 103:03 5806955                   /usr/lib/libGLX.so.0.0.0
7f4b28046000-7f4b28056000 rw-p 00000000 00:00 0 
7f4b28056000-7f4b28064000 r--p 00000000 103:03 5792820                   /usr/lib/libdbus-1.so.3.38.3
7f4b28064000-7f4b28093000 r-xp 0000e000 103:03 5792820                   /usr/lib/libdbus-1.so.3.38.3
7f4b28093000-7f4b280a5000 r--p 0003d000 103:03 5792820                   /usr/lib/libdbus-1.so.3.38.3
7f4b280a5000-7f4b280a7000 r--p 0004f000 103:03 5792820                   /usr/lib/libdbus-1.so.3.38.3
7f4b280a7000-7f4b280a8000 rw-p 00051000 103:03 5792820                   /usr/lib/libdbus-1.so.3.38.3
7f4b280a8000-7f4b280dd000 r-xp 00000000 103:03 524310                    /tmp/lwjgl_oli/3.4.1+2/x64/liblwjgl.so
7f4b280dd000-7f4b28125000 r--p 00035000 103:03 524310                    /tmp/lwjgl_oli/3.4.1+2/x64/liblwjgl.so
7f4b28125000-7f4b28126000 r--p 0007c000 103:03 524310                    /tmp/lwjgl_oli/3.4.1+2/x64/liblwjgl.so
7f4b28126000-7f4b28127000 rw-p 0007d000 103:03 524310                    /tmp/lwjgl_oli/3.4.1+2/x64/liblwjgl.so
7f4b28127000-7f4b28128000 rw-p 00000000 00:00 0 
7f4b28128000-7f4b2812c000 ---p 00000000 00:00 0 
7f4b2812c000-7f4b28229000 rw-p 00000000 00:00 0 
7f4b28229000-7f4b2822d000 ---p 00000000 00:00 0 
7f4b2822d000-7f4b28329000 rw-p 00000000 00:00 0 
7f4b28329000-7f4b2832e000 r--p 00000000 103:03 6422919                   /usr/lib/jvm/java-21-openjdk/lib/libjsvml.so
7f4b2832e000-7f4b2836f000 r-xp 00005000 103:03 6422919                   /usr/lib/jvm/java-21-openjdk/lib/libjsvml.so
7f4b2836f000-7f4b283f8000 r--p 00046000 103:03 6422919                   /usr/lib/jvm/java-21-openjdk/lib/libjsvml.so
7f4b283f8000-7f4b283f9000 r--p 000ce000 103:03 6422919                   /usr/lib/jvm/java-21-openjdk/lib/libjsvml.so
7f4b283f9000-7f4b283fa000 rw-p 000cf000 103:03 6422919                   /usr/lib/jvm/java-21-openjdk/lib/libjsvml.so
7f4b283fa000-7f4b283fb000 rw-p 00000000 00:00 0 
7f4b283fb000-7f4b283ff000 ---p 00000000 00:00 0 
7f4b283ff000-7f4b284fc000 rw-p 00000000 00:00 0 
7f4b284fc000-7f4b28500000 ---p 00000000 00:00 0 
7f4b28500000-7f4b285fd000 rw-p 00000000 00:00 0 
7f4b285fd000-7f4b28601000 ---p 00000000 00:00 0 
7f4b28601000-7f4b286fe000 rw-p 00000000 00:00 0 
7f4b286fe000-7f4b28702000 ---p 00000000 00:00 0 
7f4b28702000-7f4b287ff000 rw-p 00000000 00:00 0 
7f4b287ff000-7f4b28803000 ---p 00000000 00:00 0 
7f4b28803000-7f4b28900000 rw-p 00000000 00:00 0 
7f4b28900000-7f4b28904000 ---p 00000000 00:00 0 
7f4b28904000-7f4b28a00000 rw-p 00000000 00:00 0 
7f4b28a00000-7f4b28ced000 r--p 00000000 103:03 5802412                   /usr/lib/locale/locale-archive
7f4b28cee000-7f4b28cef000 r--p 00000000 103:03 5805844                   /usr/lib/libX11-xcb.so.1.0.0
7f4b28cef000-7f4b28cf0000 r-xp 00001000 103:03 5805844                   /usr/lib/libX11-xcb.so.1.0.0
7f4b28cf0000-7f4b28cf1000 r--p 00002000 103:03 5805844                   /usr/lib/libX11-xcb.so.1.0.0
7f4b28cf1000-7f4b28cf2000 r--p 00002000 103:03 5805844                   /usr/lib/libX11-xcb.so.1.0.0
7f4b28cf2000-7f4b28cf3000 rw-p 00003000 103:03 5805844                   /usr/lib/libX11-xcb.so.1.0.0
7f4b28cf3000-7f4b28cf5000 r--p 00000000 103:03 5806941                   /usr/lib/libgbm.so.1.0.0
7f4b28cf5000-7f4b28cf6000 r-xp 00002000 103:03 5806941                   /usr/lib/libgbm.so.1.0.0
7f4b28cf6000-7f4b28cf7000 r--p 00003000 103:03 5806941                   /usr/lib/libgbm.so.1.0.0
7f4b28cf7000-7f4b28cf8000 r--p 00003000 103:03 5806941                   /usr/lib/libgbm.so.1.0.0
7f4b28cf8000-7f4b28cf9000 rw-p 00004000 103:03 5806941                   /usr/lib/libgbm.so.1.0.0
7f4b28cf9000-7f4b28cfb000 r--p 00000000 103:03 5803416                   /usr/lib/libXdmcp.so.6.0.0
7f4b28cfb000-7f4b28cfd000 r-xp 00002000 103:03 5803416                   /usr/lib/libXdmcp.so.6.0.0
7f4b28cfd000-7f4b28cff000 r--p 00004000 103:03 5803416                   /usr/lib/libXdmcp.so.6.0.0
7f4b28cff000-7f4b28d00000 r--p 00005000 103:03 5803416                   /usr/lib/libXdmcp.so.6.0.0
7f4b28d00000-7f4b28d01000 rw-p 00006000 103:03 5803416                   /usr/lib/libXdmcp.so.6.0.0
7f4b28d01000-7f4b28d04000 r--p 00000000 103:03 5808431                   /usr/lib/libdecor-0.so.0.200.5
7f4b28d04000-7f4b28d07000 r-xp 00003000 103:03 5808431                   /usr/lib/libdecor-0.so.0.200.5
7f4b28d07000-7f4b28d09000 r--p 00006000 103:03 5808431                   /usr/lib/libdecor-0.so.0.200.5
7f4b28d09000-7f4b28d0a000 r--p 00007000 103:03 5808431                   /usr/lib/libdecor-0.so.0.200.5
7f4b28d0a000-7f4b28d0b000 rw-p 00008000 103:03 5808431                   /usr/lib/libdecor-0.so.0.200.5
7f4b28d0b000-7f4b28d0c000 rw-p 00000000 00:00 0 
7f4b28d0c000-7f4b28d10000 ---p 00000000 00:00 0 
7f4b28d10000-7f4b28e0c000 rw-p 00000000 00:00 0 
7f4b28e0c000-7f4b28e67000 r--p 00000000 103:03 5770283                   /usr/lib/locale/C.utf8/LC_CTYPE
7f4b28e67000-7f4b29069000 rw-p 00000000 00:00 0 
7f4b29069000-7f4b290ea000 rw-p 00000000 00:00 0 
7f4b290ea000-7f4b292ec000 rw-p 00000000 00:00 0 
7f4b292ec000-7f4b29af4000 rw-p 00000000 00:00 0 
7f4b29af4000-7f4b29df7000 rw-p 00000000 00:00 0 
7f4b29df7000-7f4b29fd7000 rw-p 00000000 00:00 0 
7f4b29fd7000-7f4b2bb8f000 ---p 00000000 00:00 0 
7f4b2bb8f000-7f4b2bbd3000 rw-p 00000000 00:00 0 
7f4b2bbd3000-7f4b2bf4a000 ---p 00000000 00:00 0 
7f4b2bf4a000-7f4b2bf87000 rw-p 00000000 00:00 0 
7f4b2bf87000-7f4b2c2fe000 ---p 00000000 00:00 0 
7f4b2c2fe000-7f4b2c400000 rw-p 00000000 00:00 0 
7f4b2c400000-7f4b2c670000 rwxp 00000000 00:00 0 
7f4b2c670000-7f4b33937000 ---p 00000000 00:00 0 
7f4b33937000-7f4b33ba7000 rwxp 00000000 00:00 0 
7f4b33ba7000-7f4b33ec9000 ---p 00000000 00:00 0 
7f4b33ec9000-7f4b34139000 rwxp 00000000 00:00 0 
7f4b34139000-7f4b3b400000 ---p 00000000 00:00 0 
7f4b3b400000-7f4b43ecf000 r--s 00000000 103:03 6422936                   /usr/lib/jvm/java-21-openjdk/lib/modules
7f4b43ed2000-7f4b43ed3000 r--p 00000000 103:03 5806915                   /usr/lib/libwayland-cursor.so.0.25.0
7f4b43ed3000-7f4b43ed5000 r-xp 00001000 103:03 5806915                   /usr/lib/libwayland-cursor.so.0.25.0
7f4b43ed5000-7f4b43ed6000 r--p 00003000 103:03 5806915                   /usr/lib/libwayland-cursor.so.0.25.0
7f4b43ed6000-7f4b43ed7000 r--p 00003000 103:03 5806915                   /usr/lib/libwayland-cursor.so.0.25.0
7f4b43ed7000-7f4b43edb000 rw-p 00004000 103:03 5806915                   /usr/lib/libwayland-cursor.so.0.25.0
7f4b43ede000-7f4b43eee000 rw-s 1015db000 00:11 1094                      anon_inode:i915.gem
7f4b43eee000-7f4b43eef000 r--p 00000000 00:01 4096                       /memfd:kwin-dmabuf-feedback-table (deleted)
7f4b43eef000-7f4b43eff000 rw-s 103e69000 00:11 1094                      anon_inode:i915.gem
7f4b43eff000-7f4b45016000 rw-p 00000000 00:00 0 
7f4b45016000-7f4b48000000 ---p 00000000 00:00 0 
7f4b48000000-7f4b48001000 rw-s 101015000 00:11 1094                      anon_inode:i915.gem
7f4b48001000-7f4b48002000 rw-s 10431d000 00:11 1094                      anon_inode:i915.gem
7f4b48002000-7f4b48003000 rw-s 10431c000 00:11 1094                      anon_inode:i915.gem
7f4b48003000-7f4b48004000 r--p 00000000 103:03 5803420                   /usr/lib/libXau.so.6.0.0
7f4b48004000-7f4b48005000 r-xp 00001000 103:03 5803420                   /usr/lib/libXau.so.6.0.0
7f4b48005000-7f4b48006000 r--p 00002000 103:03 5803420                   /usr/lib/libXau.so.6.0.0
7f4b48006000-7f4b48007000 r--p 00002000 103:03 5803420                   /usr/lib/libXau.so.6.0.0
7f4b48007000-7f4b48008000 rw-p 00003000 103:03 5803420                   /usr/lib/libXau.so.6.0.0
7f4b48008000-7f4b48009000 r--p 00000000 103:03 5806918                   /usr/lib/libwayland-egl.so.1.25.0
7f4b48009000-7f4b4800a000 r-xp 00001000 103:03 5806918                   /usr/lib/libwayland-egl.so.1.25.0
7f4b4800a000-7f4b4800b000 r--p 00002000 103:03 5806918                   /usr/lib/libwayland-egl.so.1.25.0
7f4b4800b000-7f4b4800c000 r--p 00002000 103:03 5806918                   /usr/lib/libwayland-egl.so.1.25.0
7f4b4800c000-7f4b4800d000 rw-p 00003000 103:03 5806918                   /usr/lib/libwayland-egl.so.1.25.0
7f4b4800d000-7f4b48010000 r--p 00000000 103:03 5806912                   /usr/lib/libwayland-client.so.0.25.0
7f4b48010000-7f4b48017000 r-xp 00003000 103:03 5806912                   /usr/lib/libwayland-client.so.0.25.0
7f4b48017000-7f4b4801a000 r--p 0000a000 103:03 5806912                   /usr/lib/libwayland-client.so.0.25.0
7f4b4801a000-7f4b4801c000 r--p 0000c000 103:03 5806912                   /usr/lib/libwayland-client.so.0.25.0
7f4b4801c000-7f4b4801d000 rw-p 0000e000 103:03 5806912                   /usr/lib/libwayland-client.so.0.25.0
7f4b4801d000-7f4b486fe000 rw-p 00000000 00:00 0 
7f4b486fe000-7f4b487e4000 ---p 00000000 00:00 0 
7f4b487e4000-7f4b487e9000 rw-p 00000000 00:00 0 
7f4b487e9000-7f4b488cf000 ---p 00000000 00:00 0 
7f4b488cf000-7f4b488df000 r--p 00000000 103:03 5770252                   /usr/lib/libm.so.6
7f4b488df000-7f4b48978000 r-xp 00010000 103:03 5770252                   /usr/lib/libm.so.6
7f4b48978000-7f4b489fe000 r--p 000a9000 103:03 5770252                   /usr/lib/libm.so.6
7f4b489fe000-7f4b489ff000 r--p 0012f000 103:03 5770252                   /usr/lib/libm.so.6
7f4b489ff000-7f4b48a00000 rw-p 00130000 103:03 5770252                   /usr/lib/libm.so.6
7f4b48a00000-7f4b48a9a000 r--p 00000000 103:03 5771053                   /usr/lib/libstdc++.so.6.0.35
7f4b48a9a000-7f4b48c1e000 r-xp 0009a000 103:03 5771053                   /usr/lib/libstdc++.so.6.0.35
7f4b48c1e000-7f4b48cbf000 r--p 0021e000 103:03 5771053                   /usr/lib/libstdc++.so.6.0.35
7f4b48cbf000-7f4b48cd0000 r--p 002be000 103:03 5771053                   /usr/lib/libstdc++.so.6.0.35
7f4b48cd0000-7f4b48cd1000 rw-p 002cf000 103:03 5771053                   /usr/lib/libstdc++.so.6.0.35
7f4b48cd1000-7f4b48cd5000 rw-p 00000000 00:00 0 
7f4b48cd5000-7f4b48cd6000 rw-s 103f22000 00:11 1094                      anon_inode:i915.gem
7f4b48cd6000-7f4b48cd7000 rw-p 00000000 00:00 0 
7f4b48cd7000-7f4b48cd9000 r--p 00000000 103:03 5785193                   /usr/lib/libffi.so.8.2.0
7f4b48cd9000-7f4b48cdf000 r-xp 00002000 103:03 5785193                   /usr/lib/libffi.so.8.2.0
7f4b48cdf000-7f4b48ce0000 r--p 00008000 103:03 5785193                   /usr/lib/libffi.so.8.2.0
7f4b48ce0000-7f4b48ce1000 r--p 00009000 103:03 5785193                   /usr/lib/libffi.so.8.2.0
7f4b48ce1000-7f4b48ce2000 rw-p 0000a000 103:03 5785193                   /usr/lib/libffi.so.8.2.0
7f4b48ce2000-7f4b48ce3000 r--p 00000000 103:03 5770269                   /usr/lib/libpthread.so.0
7f4b48ce3000-7f4b48ce4000 r-xp 00001000 103:03 5770269                   /usr/lib/libpthread.so.0
7f4b48ce4000-7f4b48ce5000 r--p 00002000 103:03 5770269                   /usr/lib/libpthread.so.0
7f4b48ce5000-7f4b48ce6000 r--p 00002000 103:03 5770269                   /usr/lib/libpthread.so.0
7f4b48ce6000-7f4b48ce7000 rw-p 00003000 103:03 5770269                   /usr/lib/libpthread.so.0
7f4b48ce7000-7f4b48ce9000 r--p 00000000 103:03 6422935                   /usr/lib/jvm/java-21-openjdk/lib/libzip.so
7f4b48ce9000-7f4b48ced000 r-xp 00002000 103:03 6422935                   /usr/lib/jvm/java-21-openjdk/lib/libzip.so
7f4b48ced000-7f4b48cef000 r--p 00006000 103:03 6422935                   /usr/lib/jvm/java-21-openjdk/lib/libzip.so
7f4b48cef000-7f4b48cf0000 r--p 00007000 103:03 6422935                   /usr/lib/jvm/java-21-openjdk/lib/libzip.so
7f4b48cf0000-7f4b48cf1000 rw-p 00008000 103:03 6422935                   /usr/lib/jvm/java-21-openjdk/lib/libzip.so
7f4b48cf1000-7f4b48cf4000 r--p 00000000 103:03 6422926                   /usr/lib/jvm/java-21-openjdk/lib/libnet.so
7f4b48cf4000-7f4b48cfc000 r-xp 00003000 103:03 6422926                   /usr/lib/jvm/java-21-openjdk/lib/libnet.so
7f4b48cfc000-7f4b48cfe000 r--p 0000b000 103:03 6422926                   /usr/lib/jvm/java-21-openjdk/lib/libnet.so
7f4b48cfe000-7f4b48cff000 r--p 0000c000 103:03 6422926                   /usr/lib/jvm/java-21-openjdk/lib/libnet.so
7f4b48cff000-7f4b48d00000 rw-p 0000d000 103:03 6422926                   /usr/lib/jvm/java-21-openjdk/lib/libnet.so
7f4b48d00000-7f4b48d04000 ---p 00000000 00:00 0 
7f4b48d04000-7f4b48e00000 rw-p 00000000 00:00 0 
7f4b48e00000-7f4b48e10000 r--p 00000000 103:03 6422948                   /usr/lib/jvm/java-21-openjdk/lib/server/libjvm.so
7f4b48e10000-7f4b49d17000 r-xp 00010000 103:03 6422948                   /usr/lib/jvm/java-21-openjdk/lib/server/libjvm.so
7f4b49d17000-7f4b49fea000 r--p 00f17000 103:03 6422948                   /usr/lib/jvm/java-21-openjdk/lib/server/libjvm.so
7f4b49fea000-7f4b4a0c0000 r--p 011ea000 103:03 6422948                   /usr/lib/jvm/java-21-openjdk/lib/server/libjvm.so
7f4b4a0c0000-7f4b4a0f0000 rw-p 012c0000 103:03 6422948                   /usr/lib/jvm/java-21-openjdk/lib/server/libjvm.so
7f4b4a0f0000-7f4b4a156000 rw-p 00000000 00:00 0 
7f4b4a156000-7f4b4a157000 r--p 00000000 103:03 5770247                   /usr/lib/libdl.so.2
7f4b4a157000-7f4b4a158000 r-xp 00001000 103:03 5770247                   /usr/lib/libdl.so.2
7f4b4a158000-7f4b4a159000 r--p 00002000 103:03 5770247                   /usr/lib/libdl.so.2
7f4b4a159000-7f4b4a15a000 r--p 00002000 103:03 5770247                   /usr/lib/libdl.so.2
7f4b4a15a000-7f4b4a15b000 rw-p 00003000 103:03 5770247                   /usr/lib/libdl.so.2
7f4b4a15b000-7f4b4a162000 r--p 00000000 103:03 6422927                   /usr/lib/jvm/java-21-openjdk/lib/libnio.so
7f4b4a162000-7f4b4a16b000 r-xp 00007000 103:03 6422927                   /usr/lib/jvm/java-21-openjdk/lib/libnio.so
7f4b4a16b000-7f4b4a16f000 r--p 00010000 103:03 6422927                   /usr/lib/jvm/java-21-openjdk/lib/libnio.so
7f4b4a16f000-7f4b4a170000 r--p 00014000 103:03 6422927                   /usr/lib/jvm/java-21-openjdk/lib/libnio.so
7f4b4a170000-7f4b4a171000 rw-p 00015000 103:03 6422927                   /usr/lib/jvm/java-21-openjdk/lib/libnio.so
7f4b4a171000-7f4b4a1b2000 rw-p 00000000 00:00 0 
7f4b4a1b2000-7f4b4a1bc000 r--p 00000000 103:03 6422911                   /usr/lib/jvm/java-21-openjdk/lib/libjava.so
7f4b4a1bc000-7f4b4a1ca000 r-xp 0000a000 103:03 6422911                   /usr/lib/jvm/java-21-openjdk/lib/libjava.so
7f4b4a1ca000-7f4b4a1cf000 r--p 00018000 103:03 6422911                   /usr/lib/jvm/java-21-openjdk/lib/libjava.so
7f4b4a1cf000-7f4b4a1d0000 r--p 0001d000 103:03 6422911                   /usr/lib/jvm/java-21-openjdk/lib/libjava.so
7f4b4a1d0000-7f4b4a1d1000 rw-p 0001e000 103:03 6422911                   /usr/lib/jvm/java-21-openjdk/lib/libjava.so
7f4b4a1d1000-7f4b4a1d2000 rw-p 00000000 00:00 0 
7f4b4a1d2000-7f4b4a1d6000 r--p 00000000 103:03 5771047                   /usr/lib/libgcc_s.so.1
7f4b4a1d6000-7f4b4a1fa000 r-xp 00004000 103:03 5771047                   /usr/lib/libgcc_s.so.1
7f4b4a1fa000-7f4b4a1fe000 r--p 00028000 103:03 5771047                   /usr/lib/libgcc_s.so.1
7f4b4a1fe000-7f4b4a1ff000 r--p 0002c000 103:03 5771047                   /usr/lib/libgcc_s.so.1
7f4b4a1ff000-7f4b4a200000 rw-p 0002d000 103:03 5771047                   /usr/lib/libgcc_s.so.1
7f4b4a200000-7f4b4a224000 r--p 00000000 103:03 5770242                   /usr/lib/libc.so.6
7f4b4a224000-7f4b4a38e000 r-xp 00024000 103:03 5770242                   /usr/lib/libc.so.6
7f4b4a38e000-7f4b4a40d000 r--p 0018e000 103:03 5770242                   /usr/lib/libc.so.6
7f4b4a40d000-7f4b4a411000 r--p 0020c000 103:03 5770242                   /usr/lib/libc.so.6
7f4b4a411000-7f4b4a413000 rw-p 00210000 103:03 5770242                   /usr/lib/libc.so.6
7f4b4a413000-7f4b4a41b000 rw-p 00000000 00:00 0 
7f4b4a41b000-7f4b4a41c000 rw-p 00000000 00:00 0 
7f4b4a41c000-7f4b4a41d000 r--p 00000000 103:03 5770290                   /usr/lib/locale/C.utf8/LC_NUMERIC
7f4b4a41d000-7f4b4a41e000 r--p 00000000 103:03 5770293                   /usr/lib/locale/C.utf8/LC_TIME
7f4b4a41e000-7f4b4a41f000 r--p 00000000 103:03 5770282                   /usr/lib/locale/C.utf8/LC_COLLATE
7f4b4a41f000-7f4b4a420000 r--p 00000000 103:03 5770288                   /usr/lib/locale/C.utf8/LC_MONETARY
7f4b4a420000-7f4b4a422000 rw-p 00000000 00:00 0 
7f4b4a422000-7f4b4a425000 r--p 00000000 103:03 5774960                   /usr/lib/libz.so.1.3.2
7f4b4a425000-7f4b4a434000 r-xp 00003000 103:03 5774960                   /usr/lib/libz.so.1.3.2
7f4b4a434000-7f4b4a43a000 r--p 00012000 103:03 5774960                   /usr/lib/libz.so.1.3.2
7f4b4a43a000-7f4b4a43b000 r--p 00018000 103:03 5774960                   /usr/lib/libz.so.1.3.2
7f4b4a43b000-7f4b4a43c000 rw-p 00019000 103:03 5774960                   /usr/lib/libz.so.1.3.2
7f4b4a43c000-7f4b4a43d000 r--p 00000000 103:03 5770287                   /usr/lib/locale/C.utf8/LC_MESSAGES/SYS_LC_MESSAGES
7f4b4a43d000-7f4b4a43e000 r--p 00000000 103:03 5770291                   /usr/lib/locale/C.utf8/LC_PAPER
7f4b4a43e000-7f4b4a43f000 r--p 00000000 103:03 5770289                   /usr/lib/locale/C.utf8/LC_NAME
7f4b4a43f000-7f4b4a440000 r--p 00000000 103:03 5770281                   /usr/lib/locale/C.utf8/LC_ADDRESS
7f4b4a440000-7f4b4a441000 r--p 00000000 103:03 5770292                   /usr/lib/locale/C.utf8/LC_TELEPHONE
7f4b4a441000-7f4b4a442000 r--p 00000000 103:03 5770285                   /usr/lib/locale/C.utf8/LC_MEASUREMENT
7f4b4a442000-7f4b4a443000 r--p 00000000 103:03 5770284                   /usr/lib/locale/C.utf8/LC_IDENTIFICATION
7f4b4a443000-7f4b4a448000 rw-p 00000000 00:00 0 
7f4b4a448000-7f4b4a44f000 ---p 00000000 00:00 0 
7f4b4a44f000-7f4b4a457000 rw-s 00000000 103:03 524409                    /tmp/hsperfdata_oli/8731
7f4b4a457000-7f4b4a458000 ---p 00000000 00:00 0 
7f4b4a458000-7f4b4a459000 r--p 00000000 00:00 0 
7f4b4a459000-7f4b4a45a000 ---p 00000000 00:00 0 
7f4b4a45a000-7f4b4a45b000 r--p 00000000 103:03 6422915                   /usr/lib/jvm/java-21-openjdk/lib/libjimage.so
7f4b4a45b000-7f4b4a45d000 r-xp 00001000 103:03 6422915                   /usr/lib/jvm/java-21-openjdk/lib/libjimage.so
7f4b4a45d000-7f4b4a45e000 r--p 00003000 103:03 6422915                   /usr/lib/jvm/java-21-openjdk/lib/libjimage.so
7f4b4a45e000-7f4b4a45f000 r--p 00004000 103:03 6422915                   /usr/lib/jvm/java-21-openjdk/lib/libjimage.so
7f4b4a45f000-7f4b4a460000 rw-p 00005000 103:03 6422915                   /usr/lib/jvm/java-21-openjdk/lib/libjimage.so
7f4b4a460000-7f4b4a462000 r--p 00000000 103:03 6422916                   /usr/lib/jvm/java-21-openjdk/lib/libjli.so
7f4b4a462000-7f4b4a46c000 r-xp 00002000 103:03 6422916                   /usr/lib/jvm/java-21-openjdk/lib/libjli.so
7f4b4a46c000-7f4b4a46f000 r--p 0000c000 103:03 6422916                   /usr/lib/jvm/java-21-openjdk/lib/libjli.so
7f4b4a46f000-7f4b4a470000 r--p 0000f000 103:03 6422916                   /usr/lib/jvm/java-21-openjdk/lib/libjli.so
7f4b4a470000-7f4b4a471000 rw-p 00010000 103:03 6422916                   /usr/lib/jvm/java-21-openjdk/lib/libjli.so
7f4b4a471000-7f4b4a473000 rw-p 00000000 00:00 0 
7f4b4a473000-7f4b4a477000 r--p 00000000 00:00 0                          [vvar]
7f4b4a477000-7f4b4a479000 r--p 00000000 00:00 0                          [vvar_vclock]
7f4b4a479000-7f4b4a47b000 r-xp 00000000 00:00 0                          [vdso]
7f4b4a47b000-7f4b4a47c000 r--p 00000000 103:03 5770233                   /usr/lib/ld-linux-x86-64.so.2
7f4b4a47c000-7f4b4a4a5000 r-xp 00001000 103:03 5770233                   /usr/lib/ld-linux-x86-64.so.2
7f4b4a4a5000-7f4b4a4b5000 r--p 0002a000 103:03 5770233                   /usr/lib/ld-linux-x86-64.so.2
7f4b4a4b5000-7f4b4a4b7000 r--p 0003a000 103:03 5770233                   /usr/lib/ld-linux-x86-64.so.2
7f4b4a4b7000-7f4b4a4b8000 rw-p 0003c000 103:03 5770233                   /usr/lib/ld-linux-x86-64.so.2
7f4b4a4b8000-7f4b4a4b9000 rw-p 00000000 00:00 0 
7ffdc4300000-7ffdc4322000 rw-p 00000000 00:00 0                          [stack]
ffffffffff600000-ffffffffff601000 --xp 00000000 00:00 0                  [vsyscall]
Total number of mappings: 494

JVMTI agents: none


VM Arguments:
jvm_args: -Dfile.encoding=UTF-8 
java_command: com.minesweeper.Main
java_class_path (initial): /home/oli/Programming/MineSweeper/target/classes:/home/oli/.m2/repository/org/lwjgl/lwjgl/3.4.1/lwjgl-3.4.1.jar:/home/oli/.m2/repository/org/lwjgl/lwjgl-freetype/3.4.1/lwjgl-freetype-3.4.1.jar:/home/oli/.m2/repository/org/lwjgl/lwjgl-glfw/3.4.1/lwjgl-glfw-3.4.1.jar:/home/oli/.m2/repository/org/lwjgl/lwjgl-nuklear/3.4.1/lwjgl-nuklear-3.4.1.jar:/home/oli/.m2/repository/org/lwjgl/lwjgl-opengl/3.4.1/lwjgl-opengl-3.4.1.jar:/home/oli/.m2/repository/org/lwjgl/lwjgl-sdl/3.4.1/lwjgl-sdl-3.4.1.jar:/home/oli/.m2/repository/org/lwjgl/lwjgl-stb/3.4.1/lwjgl-stb-3.4.1.jar:/home/oli/.m2/repository/org/lwjgl/lwjgl/3.4.1/lwjgl-3.4.1-natives-linux.jar:/home/oli/.m2/repository/org/lwjgl/lwjgl-freetype/3.4.1/lwjgl-freetype-3.4.1-natives-linux.jar:/home/oli/.m2/repository/org/lwjgl/lwjgl-glfw/3.4.1/lwjgl-glfw-3.4.1-natives-linux.jar:/home/oli/.m2/repository/org/lwjgl/lwjgl-nuklear/3.4.1/lwjgl-nuklear-3.4.1-natives-linux.jar:/home/oli/.m2/repository/org/lwjgl/lwjgl-opengl/3.4.1/lwjgl-opengl-3.4.1-natives-linux.jar:/home/oli/.m2/repository/org/lwjgl/lwjgl-sdl/3.4.1/lwjgl-sdl-3.4.1-natives-linux.jar:/home/oli/.m2/repository/org/lwjgl/lwjgl-stb/3.4.1/lwjgl-stb-3.4.1-natives-linux.jar:/home/oli/.m2/repository/org/joml/joml/1.10.8/joml-1.10.8.jar
Launcher Type: SUN_STANDARD

[Global flags]
     intx CICompilerCount                          = 4                                         {product} {ergonomic}
     uint ConcGCThreads                            = 2                                         {product} {ergonomic}
     uint G1ConcRefinementThreads                  = 8                                         {product} {ergonomic}
   size_t G1HeapRegionSize                         = 1048576                                   {product} {ergonomic}
    uintx GCDrainStackTargetSize                   = 64                                        {product} {ergonomic}
   size_t InitialHeapSize                          = 125829120                                 {product} {ergonomic}
   size_t MarkStackSize                            = 4194304                                   {product} {ergonomic}
   size_t MaxHeapSize                              = 1988100096                                {product} {ergonomic}
   size_t MaxNewSize                               = 1192230912                                {product} {ergonomic}
   size_t MinHeapDeltaBytes                        = 1048576                                   {product} {ergonomic}
   size_t MinHeapSize                              = 8388608                                   {product} {ergonomic}
    uintx NonNMethodCodeHeapSize                   = 5839372                                {pd product} {ergonomic}
    uintx NonProfiledCodeHeapSize                  = 122909434                              {pd product} {ergonomic}
    uintx ProfiledCodeHeapSize                     = 122909434                              {pd product} {ergonomic}
    uintx ReservedCodeCacheSize                    = 251658240                              {pd product} {ergonomic}
     bool SegmentedCodeCache                       = true                                      {product} {ergonomic}
   size_t SoftMaxHeapSize                          = 1988100096                             {manageable} {ergonomic}
     bool UseCompressedOops                        = true                           {product lp64_product} {ergonomic}
     bool UseG1GC                                  = true                                      {product} {ergonomic}

Logging:
Log output configuration:
 #0: stdout all=warning uptime,level,tags foldmultilines=false
 #1: stderr all=off uptime,level,tags foldmultilines=false

Release file:
IMPLEMENTOR="Artix Linux"
JAVA_RUNTIME_VERSION="21.0.11+10"
JAVA_VERSION="21.0.11"
JAVA_VERSION_DATE="2026-04-21"
LIBC="gnu"
MODULES="java.base java.compiler java.datatransfer java.xml java.prefs java.desktop java.instrument java.logging java.management java.security.sasl java.naming java.rmi java.management.rmi java.net.http java.scripting java.security.jgss java.transaction.xa java.sql java.sql.rowset java.xml.crypto java.se java.smartcardio jdk.accessibility jdk.internal.jvmstat jdk.attach jdk.charsets jdk.internal.opt jdk.zipfs jdk.compiler jdk.crypto.ec jdk.crypto.cryptoki jdk.dynalink jdk.internal.ed jdk.editpad jdk.hotspot.agent jdk.httpserver jdk.incubator.vector jdk.internal.le jdk.internal.vm.ci jdk.internal.vm.compiler jdk.internal.vm.compiler.management jdk.jartool jdk.javadoc jdk.jcmd jdk.management jdk.management.agent jdk.jconsole jdk.jdeps jdk.jdwp.agent jdk.jdi jdk.jfr jdk.jlink jdk.jpackage jdk.jshell jdk.jsobject jdk.jstatd jdk.localedata jdk.management.jfr jdk.naming.dns jdk.naming.rmi jdk.net jdk.nio.mapmode jdk.random jdk.sctp jdk.security.auth jdk.security.jgss jdk.unsupported jdk.unsupported.desktop jdk.xml.dom"
OS_ARCH="x86_64"
OS_NAME="Linux"
SOURCE=""

Environment Variables:
JAVA_HOME=/usr/lib/jvm/default
PATH=/usr/local/sbin:/usr/local/bin:/usr/bin:/usr/lib/jvm/default/bin:/usr/bin/site_perl:/usr/bin/vendor_perl:/usr/bin/core_perl
SHELL=/usr/bin/fish
DISPLAY=:1
WAYLAND_DISPLAY=wayland-0
LANG=C.UTF-8

Active Locale:
LC_ALL=C.UTF-8
LC_COLLATE=C.UTF-8
LC_CTYPE=C.UTF-8
LC_MESSAGES=C.UTF-8
LC_MONETARY=C.UTF-8
LC_NUMERIC=C.UTF-8
LC_TIME=C.UTF-8

Signal Handlers:
   SIGSEGV: 0x00007f4b49c0e240 in libjvm.so+14737984, mask=11100100010111111101111111111110, flags=SA_RESTART|SA_SIGINFO, unblocked
    SIGBUS: 0x00007f4b49c0e240 in libjvm.so+14737984, mask=11100100010111111101111111111110, flags=SA_RESTART|SA_SIGINFO, unblocked
    SIGFPE: 0x00007f4b49c0e240 in libjvm.so+14737984, mask=11100100010111111101111111111110, flags=SA_RESTART|SA_SIGINFO, unblocked
   SIGPIPE: 0x00007f4b49a67700 in libjvm.so+13006592, mask=11100100010111111101111111111110, flags=SA_RESTART|SA_SIGINFO, blocked
   SIGXFSZ: 0x00007f4b49a67700 in libjvm.so+13006592, mask=11100100010111111101111111111110, flags=SA_RESTART|SA_SIGINFO, blocked
    SIGILL: 0x00007f4b49c0e240 in libjvm.so+14737984, mask=11100100010111111101111111111110, flags=SA_RESTART|SA_SIGINFO, unblocked
   SIGUSR2: 0x00007f4b49a69020 in libjvm.so+13013024, mask=00000000000000000000000000000000, flags=SA_RESTART|SA_SIGINFO, blocked
    SIGHUP: 0x00007f4b49a66a60 in libjvm.so+13003360, mask=11100100010111111101111111111110, flags=SA_RESTART|SA_SIGINFO, blocked
    SIGINT: SIG_IGN, mask=00000000000000000000000000000000, flags=none, blocked
   SIGTERM: 0x00007f4b49a66a60 in libjvm.so+13003360, mask=11100100010111111101111111111110, flags=SA_RESTART|SA_SIGINFO, blocked
   SIGQUIT: 0x00007f4b49a66a60 in libjvm.so+13003360, mask=11100100010111111101111111111110, flags=SA_RESTART|SA_SIGINFO, blocked
   SIGTRAP: 0x00007f4b49c0e240 in libjvm.so+14737984, mask=11100100010111111101111111111110, flags=SA_RESTART|SA_SIGINFO, unblocked


Periodic native trim disabled

---------------  S Y S T E M  ---------------

OS:
NAME="Artix Linux"
PRETTY_NAME="Artix Linux"
ID=artix
BUILD_ID=rolling
ANSI_COLOR="38;2;23;147;209"
HOME_URL="https://artixlinux.org/"
DOCUMENTATION_URL="https://wiki.artixlinux.org/"
SUPPORT_URL="https://forum.artixlinux.org/"
BUG_REPORT_URL="https://bugs.artixlinux.org/"
PRIVACY_POLICY_URL="https://terms.artixlinux.org/docs/privacy-policy/"
LOGO=artixlinux-logo
uname: Linux 7.0.10-artix1-1 #1 SMP PREEMPT_DYNAMIC Sat, 23 May 2026 18:01:41 +0000 x86_64
OS uptime: 0 days 4:01 hours
libc: glibc 2.43 NPTL 2.43 
rlimit (soft/hard): STACK 8192k/infinity , CORE 0k/infinity , NPROC 30192/30192 , NOFILE 4096/4096 , AS infinity/infinity , CPU infinity/infinity , DATA infinity/infinity , FSIZE infinity/infinity , MEMLOCK 8192k/8192k
load average: 0.68 0.73 0.75

/proc/meminfo:
MemTotal:        7759256 kB
MemFree:         2078032 kB
MemAvailable:    2773004 kB
Buffers:           44772 kB
Cached:          1320408 kB
SwapCached:      2015664 kB
Active:          3086404 kB
Inactive:         813388 kB
Active(anon):    2975508 kB
Inactive(anon):    28844 kB
Active(file):     110896 kB
Inactive(file):   784544 kB
Unevictable:      516676 kB
Mlocked:               0 kB
SwapTotal:      16777212 kB
SwapFree:       12532280 kB
Zswap:            760356 kB
Zswapped:        2097940 kB
Dirty:              3916 kB
Writeback:             0 kB
AnonPages:       2891772 kB
Mapped:           564412 kB
Shmem:            589740 kB
KReclaimable:      57480 kB
Slab:             254944 kB
SReclaimable:      57480 kB
SUnreclaim:       197464 kB
KernelStack:       21744 kB
PageTables:        50172 kB
SecPageTables:      2056 kB
NFS_Unstable:          0 kB
Bounce:                0 kB
WritebackTmp:          0 kB
CommitLimit:    20656840 kB
Committed_AS:   15273224 kB
VmallocTotal:   34359738367 kB
VmallocUsed:       71372 kB
VmallocChunk:          0 kB
Percpu:             2976 kB
HardwareCorrupted:     0 kB
AnonHugePages:     14336 kB
ShmemHugePages:   337920 kB
ShmemPmdMapped:     4096 kB
FileHugePages:     63488 kB
FilePmdMapped:     63488 kB
CmaTotal:              0 kB
CmaFree:               0 kB
Unaccepted:            0 kB
Balloon:               0 kB
HugePages_Total:       0
HugePages_Free:        0
HugePages_Rsvd:        0
HugePages_Surp:        0
Hugepagesize:       2048 kB
Hugetlb:               0 kB
DirectMap4k:      158624 kB
DirectMap2M:     3670016 kB
DirectMap1G:     4194304 kB

/sys/kernel/mm/transparent_hugepage/enabled: [always] madvise never
/sys/kernel/mm/transparent_hugepage/hpage_pmd_size: 2097152
/sys/kernel/mm/transparent_hugepage/defrag (defrag/compaction efforts parameter): always defer defer+madvise [madvise] never

Process Memory:
Virtual Size: 5437248K (peak: 5493188K)
Resident Set Size: 145916K (peak: 145916K) (anon: 51100K, file: 94812K, shmem: 4K)
Swapped out: 0K
C-Heap outstanding allocations: 38022K, retained: 3393K
glibc malloc tunables: (default)

/proc/sys/kernel/threads-max (system-wide limit on the number of threads): 60384
/proc/sys/vm/max_map_count (maximum number of memory map areas a process may have): 1048576
/proc/sys/vm/swappiness (control to define how aggressively the kernel swaps out anonymous memory): 60
/proc/sys/kernel/pid_max (system-wide limit on number of process identifiers): 32768

container information not found.
Steal ticks since vm start: 0
Steal ticks percentage since vm start:  0.000

CPU: total 8 (initial active 8) (4 cores per cpu, 2 threads per core) family 6 model 140 stepping 1 microcode 0xa6, cx8, cmov, fxsr, ht, mmx, 3dnowpref, sse, sse2, sse3, ssse3, sse4.1, sse4.2, popcnt, lzcnt, tsc, tscinvbit, avx, avx2, aes, erms, clmul, bmi1, bmi2, adx, avx512f, avx512dq, avx512cd, avx512bw, avx512vl, sha, fma, vzeroupper, avx512_vpopcntdq, avx512_vpclmulqdq, avx512_vaes, avx512_vnni, clflush, clflushopt, clwb, avx512_vbmi2, avx512_vbmi, rdtscp, rdpid, fsrm, gfni, avx512_bitalg, f16c, pku, ospke, cet_ibt, cet_ss, avx512_ifma
CPU Model and flags from /proc/cpuinfo:
model name	: 11th Gen Intel(R) Core(TM) i7-1165G7 @ 2.80GHz
flags		: fpu vme de pse tsc msr pae mce cx8 apic sep mtrr pge mca cmov pat pse36 clflush dts acpi mmx fxsr sse sse2 ss ht tm pbe syscall nx pdpe1gb rdtscp lm constant_tsc art arch_perfmon pebs bts rep_good nopl xtopology nonstop_tsc cpuid aperfmperf tsc_known_freq pni pclmulqdq dtes64 monitor ds_cpl vmx est tm2 ssse3 sdbg fma cx16 xtpr pdcm pcid sse4_1 sse4_2 x2apic movbe popcnt tsc_deadline_timer aes xsave avx f16c rdrand lahf_lm abm 3dnowprefetch cpuid_fault epb cat_l2 cdp_l2 ssbd ibrs ibpb stibp ibrs_enhanced tpr_shadow flexpriority ept vpid ept_ad fsgsbase tsc_adjust bmi1 avx2 smep bmi2 erms invpcid rdt_a avx512f avx512dq rdseed adx smap avx512ifma clflushopt clwb intel_pt avx512cd sha_ni avx512bw avx512vl xsaveopt xsavec xgetbv1 xsaves split_lock_detect user_shstk dtherm ida arat pln pts hwp hwp_notify hwp_act_window hwp_epp hwp_pkg_req vnmi avx512vbmi umip pku ospke avx512_vbmi2 gfni vaes vpclmulqdq avx512_vnni avx512_bitalg avx512_vpopcntdq rdpid movdiri movdir64b fsrm avx512_vp2intersect md_clear ibt flush_l1d arch_capabilities

Online cpus: 0-7
Offline cpus: 
BIOS frequency limitation: <Not Available>
Frequency switch latency (ns): 0
Available cpu frequencies: <Not Available>
Current governor: powersave
Core performance/turbo boost: <Not Available>

Memory: 4k page, physical 7759256k(2773004k free), swap 16777212k(12532280k free)
Page Sizes: 4k

vm_info: OpenJDK 64-Bit Server VM (21.0.11+10) for linux-amd64 JRE (21.0.11+10), built on 2026-04-24T10:43:20Z by "builduser" with gcc 15.2.1 20260209

END.
