#
# A fatal error has been detected by the Java Runtime Environment:
#
#  SIGSEGV (0xb) at pc=0x00007ff6802496ed, pid=10637, tid=10638
#
# JRE version: OpenJDK Runtime Environment (21.0.11+10) (build 21.0.11+10)
# Java VM: OpenJDK 64-Bit Server VM (21.0.11+10, mixed mode, sharing, tiered, compressed oops, compressed class ptrs, g1 gc, linux-amd64)
# Problematic frame:
# C  [libSDL3.so+0x496ed]
#
# No core dump will be written. Core dumps have been disabled. To enable core dumping, try "ulimit -c unlimited" before starting Java again
#
# If you would like to submit a bug report, please visit:
#   https://bugreport.java.com/bugreport/crash.jsp
# The crash happened outside the Java Virtual Machine in native code.
# See problematic frame for where to report the bug.
#

---------------  S U M M A R Y ------------

Command Line: -Dfile.encoding=UTF-8 com.minesweeper.Main

Host: 11th Gen Intel(R) Core(TM) i7-1165G7 @ 2.80GHz, 8 cores, 7G, Artix Linux
Time: Tue Jun 16 14:25:48 2026 NZST elapsed time: 2.274536 seconds (0d 0h 0m 2s)

---------------  T H R E A D  ---------------

Current thread (0x00007ff69c019ca0):  JavaThread "main"             [_thread_in_native, id=10638, stack(0x00007ff6a3300000,0x00007ff6a3400000) (1024K)]

Stack: [0x00007ff6a3300000,0x00007ff6a3400000],  sp=0x00007ff6a33fe728,  free space=1017k
Native frames: (J=compiled Java code, j=interpreted, Vv=VM code, C=native code)
C  [libSDL3.so+0x496ed]
j  org.lwjgl.sdl.SDLMouse.nSDL_GetMouseState(JJ)I+9
j  org.lwjgl.sdl.SDLMouse.SDL_GetMouseState(Ljava/nio/FloatBuffer;Ljava/nio/FloatBuffer;)I+24
j  com.minesweeper.Main.init()V+190
j  com.minesweeper.Main.main([Ljava/lang/String;)V+8
v  ~StubRoutines::call_stub 0x00007ff68b937cc6
V  [libjvm.so+0x6c776a]
V  [libjvm.so+0x777356]
V  [libjvm.so+0x779ca5]
C  [libjli.so+0x4db5]
C  [libjli.so+0x7e6e]
Java frames: (J=compiled Java code, j=interpreted, Vv=VM code)
j  org.lwjgl.system.JNI.invokePPI(JJJ)I+0
j  org.lwjgl.sdl.SDLMouse.nSDL_GetMouseState(JJ)I+9
j  org.lwjgl.sdl.SDLMouse.SDL_GetMouseState(Ljava/nio/FloatBuffer;Ljava/nio/FloatBuffer;)I+24
j  com.minesweeper.Main.init()V+190
j  com.minesweeper.Main.main([Ljava/lang/String;)V+8
v  ~StubRoutines::call_stub 0x00007ff68b937cc6

siginfo: si_signo: 11 (SIGSEGV), si_code: 1 (SEGV_MAPERR), si_addr: 0x0000000000000010

Registers:
RAX=0x00007ff6a004ebe0, RBX=0x00007ff620480140, RCX=0x0000000000000010, RDX=0x0000000000000010
RSP=0x00007ff6a33fe728, RBP=0x00007ff6a33fe7a8, RSI=0x0000000000000010, RDI=0x0000000000000010
R8 =0x00007ff68023a1b0, R9 =0x00007ff69c1d5680, R10=0x00007ff68b943a91, R11=0x0000000090ce6130
R12=0x0000000000000000, R13=0x00007ff620480140, R14=0x00007ff6a33fe7f0, R15=0x00007ff69c019ca0
RIP=0x00007ff6802496ed, EFLAGS=0x0000000000210202, CSGSFS=0x002b000000000033, ERR=0x0000000000000006
  TRAPNO=0x000000000000000e

XMM[0]=0x0000000000000000 0x0000000043381100
XMM[1]=0xc300007ff68b940f 0xd5b848d8468b4de8
XMM[2]=0x00007ff69c01a400 0x00007ff69c01a3f0
XMM[3]=0x0000000000007ff6 0x9cff79004a4a4a5f
XMM[4]=0x00000000000003e1 0x00000000000000f4
XMM[5]=0x0000000000000000 0x00007ff69c01b6a4
XMM[6]=0x0000000000000000 0x00007ff62c01e098
XMM[7]=0x0000000000000000 0x00007ff62c01e098
XMM[8]=0xee98c36ba32da04b 0x01b3f322a8150760
XMM[9]=0x438dbbfb438dbbfb 0x438dbbfb409d82e7
XMM[10]=0x0000000000000000 0x00000000fd0fc6ec
XMM[11]=0x6e4f296f6e4f296f 0x6e4f296faeecac56
XMM[12]=0x0000000000000000 0x00000000409d82e7
XMM[13]=0x0000000000000000 0x00c0000000c00000
XMM[14]=0x0000000000000000 0x0000000300000003
XMM[15]=0x0000000000000000 0x000000c0000000c0
  MXCSR=0x00001fa2


Register to memory mapping:

RAX=0x00007ff6a004ebe0: Java_org_lwjgl_system_JNI_invokePPI__JJJ+0x0000000000000000 in /tmp/lwjgl_oli/3.4.1+2/x64/liblwjgl.so at 0x00007ff6a004d000
RBX={method} {0x00007ff620480140} 'invokePPI' '(JJJ)I' in 'org/lwjgl/system/JNI'
RCX=0x0000000000000010 is an unknown value
RDX=0x0000000000000010 is an unknown value
RSP=0x00007ff6a33fe728 is pointing into the stack for thread: 0x00007ff69c019ca0
RBP=0x00007ff6a33fe7a8 is pointing into the stack for thread: 0x00007ff69c019ca0
RSI=0x0000000000000010 is an unknown value
RDI=0x0000000000000010 is an unknown value
R8 =0x00007ff68023a1b0: SDL_GetMouseState+0x0000000000000000 in /tmp/lwjgl_oli/3.4.1+2/x64/libSDL3.so at 0x00007ff680200000
R9 =0x00007ff69c1d5680 points into unknown readable memory: 0x00007ff6204011a8 | a8 11 40 20 f6 7f 00 00
R10=0x00007ff68b943a91 is at code_begin+1009 in an Interpreter codelet
native method entry point (kind = native)  [0x00007ff68b9436a0, 0x00007ff68b944210]  2928 bytes
R11=0x0000000090ce6130 is an oop: java.lang.Class 
{0x0000000090ce6130} - klass: 'java/lang/Class'
 - ---- fields (total size 14 words):
 - private volatile transient 'classRedefinedCount' 'I' @12  0 (0x00000000)
 - injected 'klass' 'J' @16  140695276934824 (0x00007ff62c00d6a8)
 - injected 'array_klass' 'J' @24  0 (0x0000000000000000)
 - injected 'oop_size' 'I' @32  14 (0x0000000e)
 - injected 'static_oop_field_count' 'I' @36  0 (0x00000000)
 - private volatile transient 'cachedConstructor' 'Ljava/lang/reflect/Constructor;' @40  null (0x00000000)
 - private transient 'name' 'Ljava/lang/String;' @44  "org.lwjgl.system.JNI"{0x0000000090ce61b0} (0x90ce61b0)
 - private transient 'module' 'Ljava/lang/Module;' @48  a 'java/lang/Module'{0x00000000ffeecf10} (0xffeecf10)
 - private final 'classLoader' 'Ljava/lang/ClassLoader;' @52  a 'jdk/internal/loader/ClassLoaders$AppClassLoader'{0x00000000ffeecea8} (0xffeecea8)
 - private transient 'classData' 'Ljava/lang/Object;' @56  null (0x00000000)
 - private transient 'packageName' 'Ljava/lang/String;' @60  "org.lwjgl.system"{0x0000000090e7db00} (0x90e7db00)
 - private final 'componentType' 'Ljava/lang/Class;' @64  null (0x00000000)
 - private volatile transient 'reflectionData' 'Ljava/lang/ref/SoftReference;' @68  null (0x00000000)
 - private volatile transient 'genericInfo' 'Lsun/reflect/generics/repository/ClassRepository;' @72  null (0x00000000)
 - private volatile transient 'enumConstants' '[Ljava/lang/Object;' @76  null (0x00000000)
 - private volatile transient 'enumConstantDirectory' 'Ljava/util/Map;' @80  null (0x00000000)
 - private volatile transient 'annotationData' 'Ljava/lang/Class$AnnotationData;' @84  null (0x00000000)
 - private volatile transient 'annotationType' 'Lsun/reflect/annotation/AnnotationType;' @88  null (0x00000000)
 - transient 'classValueMap' 'Ljava/lang/ClassValue$ClassValueMap;' @92  null (0x00000000)
 - injected 'protection_domain' 'Ljava/lang/Object;' @96  a 'java/security/ProtectionDomain'{0x0000000090e81a10} (0x90e81a10)
 - injected 'signers_name' 'Ljava/lang/Object;' @100  null (0x00000000)
 - injected 'source_file' 'Ljava/lang/Object;' @104  null (0x00000000)
 - injected '<init_lock>' 'Ljava/lang/Object;' @108  null (0x00000000)
 - signature: Lorg/lwjgl/system/JNI;
 - ---- static fields (0):
R12=0x0 is null
R13={method} {0x00007ff620480140} 'invokePPI' '(JJJ)I' in 'org/lwjgl/system/JNI'
R14=0x00007ff6a33fe7f0 is pointing into the stack for thread: 0x00007ff69c019ca0
R15=0x00007ff69c019ca0 is a thread

Top of Stack: (sp=0x00007ff6a33fe728)
0x00007ff6a33fe728:   00007ff68b943ac0 00007ff620480140   .:......@.H ....
0x00007ff6a33fe738:   0000000000000000 00007ff6a33fe7a8   ..........?.....
0x00007ff6a33fe748:   00007ff68b943797 00007ff68b93ea90   .7..............
0x00007ff6a33fe758:   00007ff68b94375f 00007ff6a33fe760   _7......`.?.....
0x00007ff6a33fe768:   00007ff620480140 0000000000000009   @.H ............
0x00007ff6a33fe778:   00007ff6204c3d30 0000000000000000   0=L ............
0x00007ff6a33fe788:   0000000090ce6130 00007ff620480140   0a......@.H ....
0x00007ff6a33fe798:   0000000000000000 00007ff6a33fe7c8   ..........?.....
0x00007ff6a33fe7a8:   00007ff6a33fe840 00007ff68b93f2a8   @.?.............
0x00007ff6a33fe7b8:   0000000090ce6130 00007ff68b940fd5   0a..............
0x00007ff6a33fe7c8:   00007ff68023a1b0 0000000000000000   ..#.............
0x00007ff6a33fe7d8:   0000000000000010 0000000000000000   ................
0x00007ff6a33fe7e8:   0000000000000010 0000000000000000   ................
0x00007ff6a33fe7f8:   00007ff6a33fe7f8 00007ff6205c6551   ..?.....Qe\ ....
0x00007ff6a33fe808:   0000000000000007 00007ff6205c82a0   ..........\ ....
0x00007ff6a33fe818:   0000000000000000 00000000909d3bb0   .........;......
0x00007ff6a33fe828:   00007ff6205c6588 00007ff6a33fe7c8   .e\ ......?.....
0x00007ff6a33fe838:   00007ff6a33fe860 00007ff6a33fe8c8   `.?.......?.....
0x00007ff6a33fe848:   00007ff68b93f2a8 00007ff68023a1b0   ..........#.....
0x00007ff6a33fe858:   0000000000000000 0000000000000010   ................
0x00007ff6a33fe868:   0000000000000000 0000000000000010   ................
0x00007ff6a33fe878:   0000000000000000 00007ff6a33fe880   ..........?.....
0x00007ff6a33fe888:   00007ff6205c6630 0000000000000003   0f\ ............
0x00007ff6a33fe898:   00007ff6205c82a0 0000000000000000   ..\ ............
0x00007ff6a33fe8a8:   00000000909d3bb0 00007ff6205c6670   .;......pf\ ....
0x00007ff6a33fe8b8:   00007ff6a33fe860 00007ff6a33fe8d8   `.?.......?.....
0x00007ff6a33fe8c8:   00007ff6a33fe930 00007ff68b93f2a8   0.?.............
0x00007ff6a33fe8d8:   00000000909caa18 00000000909ca8d0   ................
0x00007ff6a33fe8e8:   00007ff6a33fe8e8 00007ff6204012f6   ..?.......@ ....
0x00007ff6a33fe8f8:   0000000000000009 00007ff620402000   ......... @ ....
0x00007ff6a33fe908:   00007ff6205c0798 0000000090f18e88   ..\ ............
0x00007ff6a33fe918:   00007ff620401488 00007ff6a33fe8d8   ..@ ......?.....

Instructions: (pc=0x00007ff6802496ed)
0x00007ff6802495ed:   83 c4 18 c3 0f 1f 80 00 00 00 00 48 8b 3d 19 cb
0x00007ff6802495fd:   38 00 48 85 ff 74 da 48 8b 07 48 85 c0 74 0c 48
0x00007ff68024960d:   63 50 0c 48 8b 40 10 48 8b 3c d0 48 8b 05 f9 c9
0x00007ff68024961d:   38 00 48 85 c0 74 c8 48 83 c4 18 ff e0 66 0f 1f
0x00007ff68024962d:   44 00 00 80 3d 8a ca 38 00 00 48 8b 3d e2 ca 38
0x00007ff68024963d:   00 74 bf 80 3d 7c ca 38 00 00 74 b6 31 ff eb 93
0x00007ff68024964d:   0f 1f 00 c3 66 66 2e 0f 1f 84 00 00 00 00 00 0f
0x00007ff68024965d:   1f 40 00 48 85 ff 74 3b b8 01 00 00 00 f6 47 49
0x00007ff68024966d:   40 75 32 66 0f ef d2 31 c0 0f 2f d0 77 27 0f 2f
0x00007ff68024967d:   d1 77 22 66 0f ef d2 f3 0f 2a 57 20 0f 2f c2 73
0x00007ff68024968d:   14 66 0f ef c0 f3 0f 2a 47 24 0f 2f c8 0f 92 c0
0x00007ff68024969d:   c3 66 90 31 c0 c3 66 66 2e 0f 1f 84 00 00 00 00
0x00007ff6802496ad:   00 66 90 80 3d 0a ca 38 00 00 75 17 48 89 3d a8
0x00007ff6802496bd:   c9 38 00 b8 01 00 00 00 48 89 35 a4 c9 38 00 c3
0x00007ff6802496cd:   0f 1f 00 48 8d 3d f1 bc 2c 00 31 c0 e9 32 9a fb
0x00007ff6802496dd:   ff 66 90 48 85 ff 74 0c f3 0f 10 05 a3 c9 38 00
0x00007ff6802496ed:   f3 0f 11 07 48 85 f6 74 0c f3 0f 10 05 96 c9 38
0x00007ff6802496fd:   00 f3 0f 11 06 48 63 15 f7 c9 38 00 85 d2 7e 44
0x00007ff68024970d:   48 8b 3d f4 c9 38 00 48 8d 34 52 31 d2 48 8d 47
0x00007ff68024971d:   04 48 8d 0c f0 83 e6 01 74 19 8b 10 48 8d 47 1c
0x00007ff68024972d:   48 39 c1 74 1c 66 66 2e 0f 1f 84 00 00 00 00 00
0x00007ff68024973d:   0f 1f 00 0b 10 48 83 c0 30 0b 50 e8 48 39 c1 75
0x00007ff68024974d:   f2 89 d0 c3 31 d2 eb f9 66 66 2e 0f 1f 84 00 00
0x00007ff68024975d:   00 00 00 48 85 ff 74 0c f3 0f 10 05 2b c9 38 00
0x00007ff68024976d:   f3 0f 11 07 48 85 f6 74 0c f3 0f 10 05 1e c9 38
0x00007ff68024977d:   00 f3 0f 11 06 48 63 15 77 c9 38 00 48 c7 05 04
0x00007ff68024978d:   c9 38 00 00 00 00 00 85 d2 7e 39 48 8b 3d 69 c9
0x00007ff68024979d:   38 00 48 8d 34 52 31 d2 48 8d 47 04 48 8d 0c f0
0x00007ff6802497ad:   83 e6 01 74 0e 8b 10 48 8d 47 1c 48 39 c1 74 11
0x00007ff6802497bd:   0f 1f 00 0b 10 48 83 c0 30 0b 50 e8 48 39 c1 75
0x00007ff6802497cd:   f2 89 d0 c3 31 d2 eb f9 66 66 2e 0f 1f 84 00 00
0x00007ff6802497dd:   00 00 00 48 83 3d 68 c8 38 00 00 74 36 48 83 ec


Stack slot to memory mapping:

stack at sp + 0 slots: 0x00007ff68b943ac0 is at code_begin+1056 in an Interpreter codelet
native method entry point (kind = native)  [0x00007ff68b9436a0, 0x00007ff68b944210]  2928 bytes
stack at sp + 1 slots: {method} {0x00007ff620480140} 'invokePPI' '(JJJ)I' in 'org/lwjgl/system/JNI'
stack at sp + 2 slots: 0x0 is null
stack at sp + 3 slots: 0x00007ff6a33fe7a8 is pointing into the stack for thread: 0x00007ff69c019ca0
stack at sp + 4 slots: 0x00007ff68b943797 is at code_begin+247 in an Interpreter codelet
native method entry point (kind = native)  [0x00007ff68b9436a0, 0x00007ff68b944210]  2928 bytes
stack at sp + 5 slots: 0x00007ff68b93ea90 is at code_begin+-112 in 
[CodeBlob (0x00007ff68b93ea90)]
Framesize: 0
BufferBlob (0x00007ff68b93ea90) used for Interpreter
stack at sp + 6 slots: 0x00007ff68b94375f is at code_begin+191 in an Interpreter codelet
native method entry point (kind = native)  [0x00007ff68b9436a0, 0x00007ff68b944210]  2928 bytes
stack at sp + 7 slots: 0x00007ff6a33fe760 is pointing into the stack for thread: 0x00007ff69c019ca0


---------------  P R O C E S S  ---------------

Threads class SMR info:
_java_thread_list=0x00007ff5d0002be0, length=10, elements={
0x00007ff69c019ca0, 0x00007ff69c14c240, 0x00007ff69c16d1d0, 0x00007ff69c16e280,
0x00007ff69c16f8d0, 0x00007ff69c170e80, 0x00007ff69c1729d0, 0x00007ff69c1740a0,
0x00007ff69c1804b0, 0x00007ff69c18b540
}

Java Threads: ( => current thread )
=>0x00007ff69c019ca0 JavaThread "main"                              [_thread_in_native, id=10638, stack(0x00007ff6a3300000,0x00007ff6a3400000) (1024K)]
  0x00007ff69c14c240 JavaThread "Reference Handler"          daemon [_thread_blocked, id=10650, stack(0x00007ff6a08a5000,0x00007ff6a09a5000) (1024K)]
  0x00007ff69c16d1d0 JavaThread "Finalizer"                  daemon [_thread_blocked, id=10651, stack(0x00007ff6a07a4000,0x00007ff6a08a4000) (1024K)]
  0x00007ff69c16e280 JavaThread "Signal Dispatcher"          daemon [_thread_blocked, id=10652, stack(0x00007ff6a06a3000,0x00007ff6a07a3000) (1024K)]
  0x00007ff69c16f8d0 JavaThread "Service Thread"             daemon [_thread_blocked, id=10653, stack(0x00007ff6a05a2000,0x00007ff6a06a2000) (1024K)]
  0x00007ff69c170e80 JavaThread "Monitor Deflation Thread"   daemon [_thread_blocked, id=10654, stack(0x00007ff6a04a1000,0x00007ff6a05a1000) (1024K)]
  0x00007ff69c1729d0 JavaThread "C2 CompilerThread0"         daemon [_thread_blocked, id=10655, stack(0x00007ff6a03a0000,0x00007ff6a04a0000) (1024K)]
  0x00007ff69c1740a0 JavaThread "C1 CompilerThread0"         daemon [_thread_blocked, id=10656, stack(0x00007ff6a029f000,0x00007ff6a039f000) (1024K)]
  0x00007ff69c1804b0 JavaThread "Notification Thread"        daemon [_thread_blocked, id=10657, stack(0x00007ff6a00cd000,0x00007ff6a01cd000) (1024K)]
  0x00007ff69c18b540 JavaThread "Common-Cleaner"             daemon [_thread_blocked, id=10658, stack(0x00007ff69bf00000,0x00007ff69c000000) (1024K)]
Total: 10

Other Threads:
  0x00007ff69c13d700 VMThread "VM Thread"                           [id=10649, stack(0x00007ff6a0d24000,0x00007ff6a0e24000) (1024K)]
  0x00007ff69c12ba40 WatcherThread "VM Periodic Task Thread"        [id=10648, stack(0x00007ff6a0e25000,0x00007ff6a0f25000) (1024K)]
  0x00007ff69c06f1c0 WorkerThread "GC Thread#0"                     [id=10639, stack(0x00007ff6a1c0e000,0x00007ff6a1d0e000) (1024K)]
  0x00007ff69c07f4f0 ConcurrentGCThread "G1 Main Marker"            [id=10640, stack(0x00007ff6a1b0d000,0x00007ff6a1c0d000) (1024K)]
  0x00007ff69c0804a0 WorkerThread "G1 Conc#0"                       [id=10641, stack(0x00007ff6a1a0c000,0x00007ff6a1b0c000) (1024K)]
  0x00007ff69c10fe40 ConcurrentGCThread "G1 Refine#0"               [id=10642, stack(0x00007ff6a1103000,0x00007ff6a1203000) (1024K)]
  0x00007ff69c110e10 ConcurrentGCThread "G1 Service"                [id=10643, stack(0x00007ff6a1002000,0x00007ff6a1102000) (1024K)]
Total: 7

Threads with active compile tasks:
Total: 0

VM state: not at safepoint (normal execution)

VM Mutex/Monitor currently owned by a thread: None

Heap address: 0x0000000089800000, size: 1896 MB, Compressed Oops mode: 32-bit

CDS archive(s) mapped at: [0x00007ff62b000000-0x00007ff62bc9b000-0x00007ff62bc9b000), size 13217792, SharedBaseAddress: 0x00007ff62b000000, ArchiveRelocationMode: 1.
Compressed class space mapped at: 0x00007ff62c000000-0x00007ff66c000000, reserved size: 1073741824
Narrow klass base: 0x00007ff62b000000, Narrow klass shift: 0, Narrow klass range: 0x100000000

GC Precious Log:
 CardTable entry size: 512
 Card Set container configuration: InlinePtr #cards 5 size 8 Array Of Cards #cards 12 size 40 Howl #buckets 4 coarsen threshold 1843 Howl Bitmap #cards 512 size 80 coarsen threshold 460 Card regions per heap region 1 cards per card region 2048
 CPUs: 8 total, 8 available
 Memory: 7577M
 Large Page Support: Disabled
 NUMA Support: Disabled
 Compressed Oops: Enabled (32-bit)
 Heap Region Size: 1M
 Heap Min Capacity: 8M
 Heap Initial Capacity: 120M
 Heap Max Capacity: 1896M
 Pre-touch: Disabled
 Parallel Workers: 8
 Concurrent Workers: 2
 Concurrent Refinement Workers: 8
 Periodic GC: Disabled

Heap:
 garbage-first heap   total 124928K, used 6193K [0x0000000089800000, 0x0000000100000000)
  region size 1024K, 7 young (7168K), 0 survivors (0K)
 Metaspace       used 3632K, committed 3840K, reserved 1114112K
  class space    used 228K, committed 320K, reserved 1048576K

Heap Regions: E=young(eden), S=young(survivor), O=old, HS=humongous(starts), HC=humongous(continues), CS=collection set, F=free, TAMS=top-at-mark-start, PB=parsable bottom
|   0|0x0000000089800000, 0x0000000089800000, 0x0000000089900000|  0%| F|  |TAMS 0x0000000089800000| PB 0x0000000089800000| Untracked 
|   1|0x0000000089900000, 0x0000000089900000, 0x0000000089a00000|  0%| F|  |TAMS 0x0000000089900000| PB 0x0000000089900000| Untracked 
|   2|0x0000000089a00000, 0x0000000089a00000, 0x0000000089b00000|  0%| F|  |TAMS 0x0000000089a00000| PB 0x0000000089a00000| Untracked 
|   3|0x0000000089b00000, 0x0000000089b00000, 0x0000000089c00000|  0%| F|  |TAMS 0x0000000089b00000| PB 0x0000000089b00000| Untracked 
|   4|0x0000000089c00000, 0x0000000089c00000, 0x0000000089d00000|  0%| F|  |TAMS 0x0000000089c00000| PB 0x0000000089c00000| Untracked 
|   5|0x0000000089d00000, 0x0000000089d00000, 0x0000000089e00000|  0%| F|  |TAMS 0x0000000089d00000| PB 0x0000000089d00000| Untracked 
|   6|0x0000000089e00000, 0x0000000089e00000, 0x0000000089f00000|  0%| F|  |TAMS 0x0000000089e00000| PB 0x0000000089e00000| Untracked 
|   7|0x0000000089f00000, 0x0000000089f00000, 0x000000008a000000|  0%| F|  |TAMS 0x0000000089f00000| PB 0x0000000089f00000| Untracked 
|   8|0x000000008a000000, 0x000000008a000000, 0x000000008a100000|  0%| F|  |TAMS 0x000000008a000000| PB 0x000000008a000000| Untracked 
|   9|0x000000008a100000, 0x000000008a100000, 0x000000008a200000|  0%| F|  |TAMS 0x000000008a100000| PB 0x000000008a100000| Untracked 
|  10|0x000000008a200000, 0x000000008a200000, 0x000000008a300000|  0%| F|  |TAMS 0x000000008a200000| PB 0x000000008a200000| Untracked 
|  11|0x000000008a300000, 0x000000008a300000, 0x000000008a400000|  0%| F|  |TAMS 0x000000008a300000| PB 0x000000008a300000| Untracked 
|  12|0x000000008a400000, 0x000000008a400000, 0x000000008a500000|  0%| F|  |TAMS 0x000000008a400000| PB 0x000000008a400000| Untracked 
|  13|0x000000008a500000, 0x000000008a500000, 0x000000008a600000|  0%| F|  |TAMS 0x000000008a500000| PB 0x000000008a500000| Untracked 
|  14|0x000000008a600000, 0x000000008a600000, 0x000000008a700000|  0%| F|  |TAMS 0x000000008a600000| PB 0x000000008a600000| Untracked 
|  15|0x000000008a700000, 0x000000008a700000, 0x000000008a800000|  0%| F|  |TAMS 0x000000008a700000| PB 0x000000008a700000| Untracked 
|  16|0x000000008a800000, 0x000000008a800000, 0x000000008a900000|  0%| F|  |TAMS 0x000000008a800000| PB 0x000000008a800000| Untracked 
|  17|0x000000008a900000, 0x000000008a900000, 0x000000008aa00000|  0%| F|  |TAMS 0x000000008a900000| PB 0x000000008a900000| Untracked 
|  18|0x000000008aa00000, 0x000000008aa00000, 0x000000008ab00000|  0%| F|  |TAMS 0x000000008aa00000| PB 0x000000008aa00000| Untracked 
|  19|0x000000008ab00000, 0x000000008ab00000, 0x000000008ac00000|  0%| F|  |TAMS 0x000000008ab00000| PB 0x000000008ab00000| Untracked 
|  20|0x000000008ac00000, 0x000000008ac00000, 0x000000008ad00000|  0%| F|  |TAMS 0x000000008ac00000| PB 0x000000008ac00000| Untracked 
|  21|0x000000008ad00000, 0x000000008ad00000, 0x000000008ae00000|  0%| F|  |TAMS 0x000000008ad00000| PB 0x000000008ad00000| Untracked 
|  22|0x000000008ae00000, 0x000000008ae00000, 0x000000008af00000|  0%| F|  |TAMS 0x000000008ae00000| PB 0x000000008ae00000| Untracked 
|  23|0x000000008af00000, 0x000000008af00000, 0x000000008b000000|  0%| F|  |TAMS 0x000000008af00000| PB 0x000000008af00000| Untracked 
|  24|0x000000008b000000, 0x000000008b000000, 0x000000008b100000|  0%| F|  |TAMS 0x000000008b000000| PB 0x000000008b000000| Untracked 
|  25|0x000000008b100000, 0x000000008b100000, 0x000000008b200000|  0%| F|  |TAMS 0x000000008b100000| PB 0x000000008b100000| Untracked 
|  26|0x000000008b200000, 0x000000008b200000, 0x000000008b300000|  0%| F|  |TAMS 0x000000008b200000| PB 0x000000008b200000| Untracked 
|  27|0x000000008b300000, 0x000000008b300000, 0x000000008b400000|  0%| F|  |TAMS 0x000000008b300000| PB 0x000000008b300000| Untracked 
|  28|0x000000008b400000, 0x000000008b400000, 0x000000008b500000|  0%| F|  |TAMS 0x000000008b400000| PB 0x000000008b400000| Untracked 
|  29|0x000000008b500000, 0x000000008b500000, 0x000000008b600000|  0%| F|  |TAMS 0x000000008b500000| PB 0x000000008b500000| Untracked 
|  30|0x000000008b600000, 0x000000008b600000, 0x000000008b700000|  0%| F|  |TAMS 0x000000008b600000| PB 0x000000008b600000| Untracked 
|  31|0x000000008b700000, 0x000000008b700000, 0x000000008b800000|  0%| F|  |TAMS 0x000000008b700000| PB 0x000000008b700000| Untracked 
|  32|0x000000008b800000, 0x000000008b800000, 0x000000008b900000|  0%| F|  |TAMS 0x000000008b800000| PB 0x000000008b800000| Untracked 
|  33|0x000000008b900000, 0x000000008b900000, 0x000000008ba00000|  0%| F|  |TAMS 0x000000008b900000| PB 0x000000008b900000| Untracked 
|  34|0x000000008ba00000, 0x000000008ba00000, 0x000000008bb00000|  0%| F|  |TAMS 0x000000008ba00000| PB 0x000000008ba00000| Untracked 
|  35|0x000000008bb00000, 0x000000008bb00000, 0x000000008bc00000|  0%| F|  |TAMS 0x000000008bb00000| PB 0x000000008bb00000| Untracked 
|  36|0x000000008bc00000, 0x000000008bc00000, 0x000000008bd00000|  0%| F|  |TAMS 0x000000008bc00000| PB 0x000000008bc00000| Untracked 
|  37|0x000000008bd00000, 0x000000008bd00000, 0x000000008be00000|  0%| F|  |TAMS 0x000000008bd00000| PB 0x000000008bd00000| Untracked 
|  38|0x000000008be00000, 0x000000008be00000, 0x000000008bf00000|  0%| F|  |TAMS 0x000000008be00000| PB 0x000000008be00000| Untracked 
|  39|0x000000008bf00000, 0x000000008bf00000, 0x000000008c000000|  0%| F|  |TAMS 0x000000008bf00000| PB 0x000000008bf00000| Untracked 
|  40|0x000000008c000000, 0x000000008c000000, 0x000000008c100000|  0%| F|  |TAMS 0x000000008c000000| PB 0x000000008c000000| Untracked 
|  41|0x000000008c100000, 0x000000008c100000, 0x000000008c200000|  0%| F|  |TAMS 0x000000008c100000| PB 0x000000008c100000| Untracked 
|  42|0x000000008c200000, 0x000000008c200000, 0x000000008c300000|  0%| F|  |TAMS 0x000000008c200000| PB 0x000000008c200000| Untracked 
|  43|0x000000008c300000, 0x000000008c300000, 0x000000008c400000|  0%| F|  |TAMS 0x000000008c300000| PB 0x000000008c300000| Untracked 
|  44|0x000000008c400000, 0x000000008c400000, 0x000000008c500000|  0%| F|  |TAMS 0x000000008c400000| PB 0x000000008c400000| Untracked 
|  45|0x000000008c500000, 0x000000008c500000, 0x000000008c600000|  0%| F|  |TAMS 0x000000008c500000| PB 0x000000008c500000| Untracked 
|  46|0x000000008c600000, 0x000000008c600000, 0x000000008c700000|  0%| F|  |TAMS 0x000000008c600000| PB 0x000000008c600000| Untracked 
|  47|0x000000008c700000, 0x000000008c700000, 0x000000008c800000|  0%| F|  |TAMS 0x000000008c700000| PB 0x000000008c700000| Untracked 
|  48|0x000000008c800000, 0x000000008c800000, 0x000000008c900000|  0%| F|  |TAMS 0x000000008c800000| PB 0x000000008c800000| Untracked 
|  49|0x000000008c900000, 0x000000008c900000, 0x000000008ca00000|  0%| F|  |TAMS 0x000000008c900000| PB 0x000000008c900000| Untracked 
|  50|0x000000008ca00000, 0x000000008ca00000, 0x000000008cb00000|  0%| F|  |TAMS 0x000000008ca00000| PB 0x000000008ca00000| Untracked 
|  51|0x000000008cb00000, 0x000000008cb00000, 0x000000008cc00000|  0%| F|  |TAMS 0x000000008cb00000| PB 0x000000008cb00000| Untracked 
|  52|0x000000008cc00000, 0x000000008cc00000, 0x000000008cd00000|  0%| F|  |TAMS 0x000000008cc00000| PB 0x000000008cc00000| Untracked 
|  53|0x000000008cd00000, 0x000000008cd00000, 0x000000008ce00000|  0%| F|  |TAMS 0x000000008cd00000| PB 0x000000008cd00000| Untracked 
|  54|0x000000008ce00000, 0x000000008ce00000, 0x000000008cf00000|  0%| F|  |TAMS 0x000000008ce00000| PB 0x000000008ce00000| Untracked 
|  55|0x000000008cf00000, 0x000000008cf00000, 0x000000008d000000|  0%| F|  |TAMS 0x000000008cf00000| PB 0x000000008cf00000| Untracked 
|  56|0x000000008d000000, 0x000000008d000000, 0x000000008d100000|  0%| F|  |TAMS 0x000000008d000000| PB 0x000000008d000000| Untracked 
|  57|0x000000008d100000, 0x000000008d100000, 0x000000008d200000|  0%| F|  |TAMS 0x000000008d100000| PB 0x000000008d100000| Untracked 
|  58|0x000000008d200000, 0x000000008d200000, 0x000000008d300000|  0%| F|  |TAMS 0x000000008d200000| PB 0x000000008d200000| Untracked 
|  59|0x000000008d300000, 0x000000008d300000, 0x000000008d400000|  0%| F|  |TAMS 0x000000008d300000| PB 0x000000008d300000| Untracked 
|  60|0x000000008d400000, 0x000000008d400000, 0x000000008d500000|  0%| F|  |TAMS 0x000000008d400000| PB 0x000000008d400000| Untracked 
|  61|0x000000008d500000, 0x000000008d500000, 0x000000008d600000|  0%| F|  |TAMS 0x000000008d500000| PB 0x000000008d500000| Untracked 
|  62|0x000000008d600000, 0x000000008d600000, 0x000000008d700000|  0%| F|  |TAMS 0x000000008d600000| PB 0x000000008d600000| Untracked 
|  63|0x000000008d700000, 0x000000008d700000, 0x000000008d800000|  0%| F|  |TAMS 0x000000008d700000| PB 0x000000008d700000| Untracked 
|  64|0x000000008d800000, 0x000000008d800000, 0x000000008d900000|  0%| F|  |TAMS 0x000000008d800000| PB 0x000000008d800000| Untracked 
|  65|0x000000008d900000, 0x000000008d900000, 0x000000008da00000|  0%| F|  |TAMS 0x000000008d900000| PB 0x000000008d900000| Untracked 
|  66|0x000000008da00000, 0x000000008da00000, 0x000000008db00000|  0%| F|  |TAMS 0x000000008da00000| PB 0x000000008da00000| Untracked 
|  67|0x000000008db00000, 0x000000008db00000, 0x000000008dc00000|  0%| F|  |TAMS 0x000000008db00000| PB 0x000000008db00000| Untracked 
|  68|0x000000008dc00000, 0x000000008dc00000, 0x000000008dd00000|  0%| F|  |TAMS 0x000000008dc00000| PB 0x000000008dc00000| Untracked 
|  69|0x000000008dd00000, 0x000000008dd00000, 0x000000008de00000|  0%| F|  |TAMS 0x000000008dd00000| PB 0x000000008dd00000| Untracked 
|  70|0x000000008de00000, 0x000000008de00000, 0x000000008df00000|  0%| F|  |TAMS 0x000000008de00000| PB 0x000000008de00000| Untracked 
|  71|0x000000008df00000, 0x000000008df00000, 0x000000008e000000|  0%| F|  |TAMS 0x000000008df00000| PB 0x000000008df00000| Untracked 
|  72|0x000000008e000000, 0x000000008e000000, 0x000000008e100000|  0%| F|  |TAMS 0x000000008e000000| PB 0x000000008e000000| Untracked 
|  73|0x000000008e100000, 0x000000008e100000, 0x000000008e200000|  0%| F|  |TAMS 0x000000008e100000| PB 0x000000008e100000| Untracked 
|  74|0x000000008e200000, 0x000000008e200000, 0x000000008e300000|  0%| F|  |TAMS 0x000000008e200000| PB 0x000000008e200000| Untracked 
|  75|0x000000008e300000, 0x000000008e300000, 0x000000008e400000|  0%| F|  |TAMS 0x000000008e300000| PB 0x000000008e300000| Untracked 
|  76|0x000000008e400000, 0x000000008e400000, 0x000000008e500000|  0%| F|  |TAMS 0x000000008e400000| PB 0x000000008e400000| Untracked 
|  77|0x000000008e500000, 0x000000008e500000, 0x000000008e600000|  0%| F|  |TAMS 0x000000008e500000| PB 0x000000008e500000| Untracked 
|  78|0x000000008e600000, 0x000000008e600000, 0x000000008e700000|  0%| F|  |TAMS 0x000000008e600000| PB 0x000000008e600000| Untracked 
|  79|0x000000008e700000, 0x000000008e700000, 0x000000008e800000|  0%| F|  |TAMS 0x000000008e700000| PB 0x000000008e700000| Untracked 
|  80|0x000000008e800000, 0x000000008e800000, 0x000000008e900000|  0%| F|  |TAMS 0x000000008e800000| PB 0x000000008e800000| Untracked 
|  81|0x000000008e900000, 0x000000008e900000, 0x000000008ea00000|  0%| F|  |TAMS 0x000000008e900000| PB 0x000000008e900000| Untracked 
|  82|0x000000008ea00000, 0x000000008ea00000, 0x000000008eb00000|  0%| F|  |TAMS 0x000000008ea00000| PB 0x000000008ea00000| Untracked 
|  83|0x000000008eb00000, 0x000000008eb00000, 0x000000008ec00000|  0%| F|  |TAMS 0x000000008eb00000| PB 0x000000008eb00000| Untracked 
|  84|0x000000008ec00000, 0x000000008ec00000, 0x000000008ed00000|  0%| F|  |TAMS 0x000000008ec00000| PB 0x000000008ec00000| Untracked 
|  85|0x000000008ed00000, 0x000000008ed00000, 0x000000008ee00000|  0%| F|  |TAMS 0x000000008ed00000| PB 0x000000008ed00000| Untracked 
|  86|0x000000008ee00000, 0x000000008ee00000, 0x000000008ef00000|  0%| F|  |TAMS 0x000000008ee00000| PB 0x000000008ee00000| Untracked 
|  87|0x000000008ef00000, 0x000000008ef00000, 0x000000008f000000|  0%| F|  |TAMS 0x000000008ef00000| PB 0x000000008ef00000| Untracked 
|  88|0x000000008f000000, 0x000000008f000000, 0x000000008f100000|  0%| F|  |TAMS 0x000000008f000000| PB 0x000000008f000000| Untracked 
|  89|0x000000008f100000, 0x000000008f100000, 0x000000008f200000|  0%| F|  |TAMS 0x000000008f100000| PB 0x000000008f100000| Untracked 
|  90|0x000000008f200000, 0x000000008f200000, 0x000000008f300000|  0%| F|  |TAMS 0x000000008f200000| PB 0x000000008f200000| Untracked 
|  91|0x000000008f300000, 0x000000008f300000, 0x000000008f400000|  0%| F|  |TAMS 0x000000008f300000| PB 0x000000008f300000| Untracked 
|  92|0x000000008f400000, 0x000000008f400000, 0x000000008f500000|  0%| F|  |TAMS 0x000000008f400000| PB 0x000000008f400000| Untracked 
|  93|0x000000008f500000, 0x000000008f500000, 0x000000008f600000|  0%| F|  |TAMS 0x000000008f500000| PB 0x000000008f500000| Untracked 
|  94|0x000000008f600000, 0x000000008f600000, 0x000000008f700000|  0%| F|  |TAMS 0x000000008f600000| PB 0x000000008f600000| Untracked 
|  95|0x000000008f700000, 0x000000008f700000, 0x000000008f800000|  0%| F|  |TAMS 0x000000008f700000| PB 0x000000008f700000| Untracked 
|  96|0x000000008f800000, 0x000000008f800000, 0x000000008f900000|  0%| F|  |TAMS 0x000000008f800000| PB 0x000000008f800000| Untracked 
|  97|0x000000008f900000, 0x000000008f900000, 0x000000008fa00000|  0%| F|  |TAMS 0x000000008f900000| PB 0x000000008f900000| Untracked 
|  98|0x000000008fa00000, 0x000000008fa00000, 0x000000008fb00000|  0%| F|  |TAMS 0x000000008fa00000| PB 0x000000008fa00000| Untracked 
|  99|0x000000008fb00000, 0x000000008fb00000, 0x000000008fc00000|  0%| F|  |TAMS 0x000000008fb00000| PB 0x000000008fb00000| Untracked 
| 100|0x000000008fc00000, 0x000000008fc00000, 0x000000008fd00000|  0%| F|  |TAMS 0x000000008fc00000| PB 0x000000008fc00000| Untracked 
| 101|0x000000008fd00000, 0x000000008fd00000, 0x000000008fe00000|  0%| F|  |TAMS 0x000000008fd00000| PB 0x000000008fd00000| Untracked 
| 102|0x000000008fe00000, 0x000000008fe00000, 0x000000008ff00000|  0%| F|  |TAMS 0x000000008fe00000| PB 0x000000008fe00000| Untracked 
| 103|0x000000008ff00000, 0x000000008ff00000, 0x0000000090000000|  0%| F|  |TAMS 0x000000008ff00000| PB 0x000000008ff00000| Untracked 
| 104|0x0000000090000000, 0x0000000090000000, 0x0000000090100000|  0%| F|  |TAMS 0x0000000090000000| PB 0x0000000090000000| Untracked 
| 105|0x0000000090100000, 0x0000000090100000, 0x0000000090200000|  0%| F|  |TAMS 0x0000000090100000| PB 0x0000000090100000| Untracked 
| 106|0x0000000090200000, 0x0000000090200000, 0x0000000090300000|  0%| F|  |TAMS 0x0000000090200000| PB 0x0000000090200000| Untracked 
| 107|0x0000000090300000, 0x0000000090300000, 0x0000000090400000|  0%| F|  |TAMS 0x0000000090300000| PB 0x0000000090300000| Untracked 
| 108|0x0000000090400000, 0x0000000090400000, 0x0000000090500000|  0%| F|  |TAMS 0x0000000090400000| PB 0x0000000090400000| Untracked 
| 109|0x0000000090500000, 0x0000000090500000, 0x0000000090600000|  0%| F|  |TAMS 0x0000000090500000| PB 0x0000000090500000| Untracked 
| 110|0x0000000090600000, 0x0000000090600000, 0x0000000090700000|  0%| F|  |TAMS 0x0000000090600000| PB 0x0000000090600000| Untracked 
| 111|0x0000000090700000, 0x0000000090700000, 0x0000000090800000|  0%| F|  |TAMS 0x0000000090700000| PB 0x0000000090700000| Untracked 
| 112|0x0000000090800000, 0x0000000090800000, 0x0000000090900000|  0%| F|  |TAMS 0x0000000090800000| PB 0x0000000090800000| Untracked 
| 113|0x0000000090900000, 0x0000000090a00000, 0x0000000090a00000|100%| E|  |TAMS 0x0000000090900000| PB 0x0000000090900000| Complete 
| 114|0x0000000090a00000, 0x0000000090b00000, 0x0000000090b00000|100%| E|CS|TAMS 0x0000000090a00000| PB 0x0000000090a00000| Complete 
| 115|0x0000000090b00000, 0x0000000090c00000, 0x0000000090c00000|100%| E|CS|TAMS 0x0000000090b00000| PB 0x0000000090b00000| Complete 
| 116|0x0000000090c00000, 0x0000000090d00000, 0x0000000090d00000|100%| E|  |TAMS 0x0000000090c00000| PB 0x0000000090c00000| Complete 
| 117|0x0000000090d00000, 0x0000000090e00000, 0x0000000090e00000|100%| E|CS|TAMS 0x0000000090d00000| PB 0x0000000090d00000| Complete 
| 118|0x0000000090e00000, 0x0000000090f00000, 0x0000000090f00000|100%| E|CS|TAMS 0x0000000090e00000| PB 0x0000000090e00000| Complete 
| 119|0x0000000090f00000, 0x0000000091000000, 0x0000000091000000|100%| E|CS|TAMS 0x0000000090f00000| PB 0x0000000090f00000| Complete 
|1894|0x00000000ffe00000, 0x00000000fff00000, 0x00000000fff00000|100%| O|  |TAMS 0x00000000ffe00000| PB 0x00000000ffe00000| Untracked 
|1895|0x00000000fff00000, 0x00000000fff0c558, 0x0000000100000000|  4%| O|  |TAMS 0x00000000fff00000| PB 0x00000000fff00000| Untracked 

Card table byte_map: [0x00007ff6a1d89000,0x00007ff6a213d000] _byte_map_base: 0x00007ff6a193d000

Marking Bits: (CMBitMap*) 0x00007ff69c06fd00
 Bits: [0x00007ff682660000, 0x00007ff684400000)

Polling page: 0x00007ff6a4a68000

Metaspace:

Usage:
  Non-class:      3.32 MB used.
      Class:    228.76 KB used.
       Both:      3.55 MB used.

Virtual space:
  Non-class space:       64.00 MB reserved,       3.44 MB (  5%) committed,  1 nodes.
      Class space:        1.00 GB reserved,     320.00 KB ( <1%) committed,  1 nodes.
             Both:        1.06 GB reserved,       3.75 MB ( <1%) committed. 

Chunk freelists:
   Non-Class:  10.20 MB
       Class:  15.62 MB
        Both:  25.83 MB

MaxMetaspaceSize: unlimited
CompressedClassSpaceSize: 1.00 GB
Initial GC threshold: 21.00 MB
Current GC threshold: 21.00 MB
CDS: on
 - commit_granule_bytes: 65536.
 - commit_granule_words: 8192.
 - virtual_space_node_default_size: 8388608.
 - enlarge_chunks_in_place: 1.
 - use_allocation_guard: 0.


Internal statistics:

num_allocs_failed_limit: 0.
num_arena_births: 78.
num_arena_deaths: 0.
num_vsnodes_births: 2.
num_vsnodes_deaths: 0.
num_space_committed: 60.
num_space_uncommitted: 0.
num_chunks_returned_to_freelist: 0.
num_chunks_taken_from_freelist: 163.
num_chunk_merges: 0.
num_chunk_splits: 115.
num_chunks_enlarged: 85.
num_inconsistent_stats: 0.

CodeHeap 'non-profiled nmethods': size=120028Kb used=232Kb max_used=232Kb free=119795Kb
 bounds [0x00007ff68bec9000, 0x00007ff68c139000, 0x00007ff693400000]
CodeHeap 'profiled nmethods': size=120028Kb used=1216Kb max_used=1216Kb free=118811Kb
 bounds [0x00007ff684400000, 0x00007ff684670000, 0x00007ff68b937000]
CodeHeap 'non-nmethods': size=5704Kb used=2389Kb max_used=2402Kb free=3314Kb
 bounds [0x00007ff68b937000, 0x00007ff68bba7000, 0x00007ff68bec9000]
CodeCache: size=245760Kb, used=3837Kb, max_used=3850Kb, free=241920Kb
 total_blobs=1875, nmethods=776, adapters=1005, full_count=0
Compilation: enabled, stopped_count=0, restarted_count=0

Compilation events (20 events):
Event: 0.329 Thread 0x00007ff69c1740a0 nmethod 761 0x00007ff684525910 code [0x00007ff684525ac0, 0x00007ff684525be0]
Event: 0.435 Thread 0x00007ff69c1729d0  764       4       org.lwjgl.system.MemoryUtil::memAddressSafe (15 bytes)
Event: 0.436 Thread 0x00007ff69c1729d0 nmethod 764 0x00007ff68bf00b90 code [0x00007ff68bf00d20, 0x00007ff68bf00dc8]
Event: 0.870 Thread 0x00007ff69c1729d0  765       4       org.lwjgl.sdl.SDLEvents::nSDL_PollEvent (10 bytes)
Event: 0.871 Thread 0x00007ff69c1729d0 nmethod 765 0x00007ff68bf00e90 code [0x00007ff68bf01020, 0x00007ff68bf010c0]
Event: 0.871 Thread 0x00007ff69c1729d0  766       4       org.lwjgl.sdl.SDL_FRect::h (10 bytes)
Event: 0.871 Thread 0x00007ff69c1729d0 nmethod 766 0x00007ff68bf01190 code [0x00007ff68bf01300, 0x00007ff68bf01398]
Event: 0.933 Thread 0x00007ff69c1740a0  767 %     3       com.minesweeper.Main::init @ 231 (399 bytes)
Event: 0.935 Thread 0x00007ff69c1740a0 nmethod 767% 0x00007ff684525c90 code [0x00007ff6845262e0, 0x00007ff6845291c0]
Event: 0.936 Thread 0x00007ff69c1740a0  768 %     3       com.minesweeper.Main::init @ 225 (399 bytes)
Event: 0.936 Thread 0x00007ff69c1729d0  769       4       org.lwjgl.sdl.SDL_FRect::y (8 bytes)
Event: 0.936 Thread 0x00007ff69c1729d0 nmethod 769 0x00007ff68bf01490 code [0x00007ff68bf01600, 0x00007ff68bf01690]
Event: 0.938 Thread 0x00007ff69c1740a0 nmethod 768% 0x00007ff68452a310 code [0x00007ff68452a960, 0x00007ff68452d800]
Event: 0.954 Thread 0x00007ff69c1729d0  770 %     4       com.minesweeper.Main::init @ 231 (399 bytes)
Event: 0.963 Thread 0x00007ff69c1729d0 nmethod 770% 0x00007ff68bf01790 code [0x00007ff68bf01a60, 0x00007ff68bf02260]
Event: 0.985 Thread 0x00007ff69c1729d0  771       4       org.lwjgl.sdl.SDL_FRect::w (10 bytes)
Event: 0.986 Thread 0x00007ff69c1729d0 nmethod 771 0x00007ff68bf02b90 code [0x00007ff68bf02d00, 0x00007ff68bf02d98]
Event: 2.274 Thread 0x00007ff69c1740a0  772       3       java.util.WeakHashMap::getTable (9 bytes)
Event: 2.274 Thread 0x00007ff69c1740a0 nmethod 772 0x00007ff68452e910 code [0x00007ff68452eac0, 0x00007ff68452ec10]
Event: 2.274 Thread 0x00007ff69c1740a0  773   !   3       java.util.WeakHashMap::expungeStaleEntries (139 bytes)

GC Heap History (0 events):
No events

Dll operation events (7 events):
Event: 0.001 Loaded shared library /usr/lib/jvm/java-21-openjdk/lib/libjava.so
Event: 0.017 Loaded shared library /usr/lib/jvm/java-21-openjdk/lib/libjsvml.so
Event: 0.021 Loaded shared library /usr/lib/jvm/java-21-openjdk/lib/libnio.so
Event: 0.023 Loaded shared library /usr/lib/jvm/java-21-openjdk/lib/libzip.so
Event: 0.047 Loaded shared library /usr/lib/jvm/java-21-openjdk/lib/libjimage.so
Event: 0.051 Loaded shared library /usr/lib/jvm/java-21-openjdk/lib/libnet.so
Event: 0.056 Loaded shared library /tmp/lwjgl_oli/3.4.1+2/x64/liblwjgl.so

Deoptimization events (20 events):
Event: 0.203 Thread 0x00007ff69c019ca0 Uncommon trap: trap_request=0xffffff45 fr.pc=0x00007ff68bed1fd8 relative=0x00000000000000b8
Event: 0.203 Thread 0x00007ff69c019ca0 Uncommon trap: reason=unstable_if action=reinterpret pc=0x00007ff68bed1fd8 method=java.lang.String.isLatin1()Z @ 10 c2
Event: 0.203 Thread 0x00007ff69c019ca0 DEOPT PACKING pc=0x00007ff68bed1fd8 sp=0x00007ff6a33fdfd0
Event: 0.203 Thread 0x00007ff69c019ca0 DEOPT UNPACKING pc=0x00007ff68b98e619 sp=0x00007ff6a33fdf30 mode 2
Event: 0.203 Thread 0x00007ff69c019ca0 Uncommon trap: trap_request=0xffffff45 fr.pc=0x00007ff68bedeaec relative=0x000000000000006c
Event: 0.203 Thread 0x00007ff69c019ca0 Uncommon trap: reason=unstable_if action=reinterpret pc=0x00007ff68bedeaec method=java.lang.String.isLatin1()Z @ 10 c2
Event: 0.203 Thread 0x00007ff69c019ca0 DEOPT PACKING pc=0x00007ff68bedeaec sp=0x00007ff6a33fd630
Event: 0.203 Thread 0x00007ff69c019ca0 DEOPT UNPACKING pc=0x00007ff68b98e619 sp=0x00007ff6a33fd5e0 mode 2
Event: 0.323 Thread 0x00007ff69c019ca0 DEOPT PACKING pc=0x00007ff68451ddb2 sp=0x00007ff6a33fe7e0
Event: 0.323 Thread 0x00007ff69c019ca0 DEOPT UNPACKING pc=0x00007ff68b98f14f sp=0x00007ff6a33fddb8 mode 0
Event: 0.932 Thread 0x00007ff69c019ca0 Uncommon trap: trap_request=0xffffff45 fr.pc=0x00007ff68beffefc relative=0x00000000000005bc
Event: 0.932 Thread 0x00007ff69c019ca0 Uncommon trap: reason=unstable_if action=reinterpret pc=0x00007ff68beffefc method=com.minesweeper.Main.init()V @ 198 c2
Event: 0.932 Thread 0x00007ff69c019ca0 DEOPT PACKING pc=0x00007ff68beffefc sp=0x00007ff6a33fe920
Event: 0.932 Thread 0x00007ff69c019ca0 DEOPT UNPACKING pc=0x00007ff68b98e619 sp=0x00007ff6a33fe8d0 mode 2
Event: 0.964 Thread 0x00007ff69c019ca0 DEOPT PACKING pc=0x00007ff684528c62 sp=0x00007ff6a33fe7e0
Event: 0.964 Thread 0x00007ff69c019ca0 DEOPT UNPACKING pc=0x00007ff68b98f14f sp=0x00007ff6a33fddb8 mode 0
Event: 2.273 Thread 0x00007ff69c019ca0 Uncommon trap: trap_request=0xffffff3d fr.pc=0x00007ff68bf020c0 relative=0x0000000000000660
Event: 2.273 Thread 0x00007ff69c019ca0 Uncommon trap: reason=unstable_fused_if action=reinterpret pc=0x00007ff68bf020c0 method=com.minesweeper.Main.init()V @ 128 c2
Event: 2.273 Thread 0x00007ff69c019ca0 DEOPT PACKING pc=0x00007ff68bf020c0 sp=0x00007ff6a33fe920
Event: 2.273 Thread 0x00007ff69c019ca0 DEOPT UNPACKING pc=0x00007ff68b98e619 sp=0x00007ff6a33fe8d0 mode 2

Classes loaded (20 events):
Event: 0.122 Loading class jdk/internal/foreign/MemorySessionImpl
Event: 0.122 Loading class java/lang/foreign/MemorySegment$Scope
Event: 0.122 Loading class java/lang/foreign/MemorySegment$Scope done
Event: 0.123 Loading class jdk/internal/foreign/MemorySessionImpl done
Event: 0.141 Loading class java/nio/InvalidMarkException
Event: 0.141 Loading class java/nio/InvalidMarkException done
Event: 0.141 Loading class java/nio/BufferUnderflowException
Event: 0.141 Loading class java/nio/BufferUnderflowException done
Event: 0.170 Loading class java/lang/Math$RandomNumberGeneratorHolder
Event: 0.170 Loading class java/lang/Math$RandomNumberGeneratorHolder done
Event: 0.197 Loading class java/util/Formatter$FixedString
Event: 0.197 Loading class java/util/Formatter$FixedString done
Event: 0.199 Loading class jdk/internal/module/ModulePatcher$PatchedModuleReader
Event: 0.199 Loading class jdk/internal/module/ModulePatcher$PatchedModuleReader done
Event: 0.199 Loading class sun/net/www/protocol/jrt/Handler
Event: 0.199 Loading class sun/net/www/protocol/jrt/Handler done
Event: 0.202 Loading class sun/text/resources/cldr/FormatData_en
Event: 0.202 Loading class sun/text/resources/cldr/FormatData_en done
Event: 2.273 Loading class java/nio/HeapFloatBuffer
Event: 2.273 Loading class java/nio/HeapFloatBuffer done

Classes unloaded (0 events):
No events

Classes redefined (0 events):
No events

Internal exceptions (13 events):
Event: 0.040 Thread 0x00007ff69c019ca0 Exception <a 'java/lang/NoSuchMethodError'{0x0000000090ee9538}: 'void java.lang.invoke.DirectMethodHandle$Holder.invokeStatic(java.lang.Object, java.lang.Object)'> (0x0000000090ee9538) 
thrown [src/hotspot/share/interpreter/linkResolver.cpp, line 772]
Event: 0.040 Thread 0x00007ff69c019ca0 Exception <a 'java/lang/NoSuchMethodError'{0x0000000090d015f8}: 'void java.lang.System.load(java.lang.String, java.lang.Class)'> (0x0000000090d015f8) 
thrown [src/hotspot/share/interpreter/linkResolver.cpp, line 772]
Event: 0.040 Thread 0x00007ff69c019ca0 Exception <a 'java/lang/NoSuchMethodError'{0x0000000090d022c8}: 'void java.lang.invoke.DirectMethodHandle$Holder.invokeSpecial(java.lang.Object, java.lang.Object, java.lang.Object)'> (0x0000000090d022c8) 
thrown [src/hotspot/share/interpreter/linkResolver.cpp, line 772]
Event: 0.042 Thread 0x00007ff69c019ca0 Exception <a 'java/lang/NoSuchMethodError'{0x0000000090d142e8}: 'java.lang.Object java.lang.invoke.DirectMethodHandle$Holder.invokeStatic(java.lang.Object, java.lang.Object, int)'> (0x0000000090d142e8) 
thrown [src/hotspot/share/interpreter/linkResolver.cpp, line 772]
Event: 0.043 Thread 0x00007ff69c019ca0 Exception <a 'java/lang/NoSuchMethodError'{0x0000000090d1fb40}: 'void java.lang.invoke.DelegatingMethodHandle$Holder.delegate(java.lang.Object, java.lang.Object, int, java.lang.Object)'> (0x0000000090d1fb40) 
thrown [src/hotspot/share/interpreter/linkResolver.cpp, line 772]
Event: 0.043 Thread 0x00007ff69c019ca0 Exception <a 'java/lang/NoSuchMethodError'{0x0000000090d23b38}: 'int java.lang.invoke.DirectMethodHandle$Holder.invokeSpecial(java.lang.Object, java.lang.Object, java.lang.Object)'> (0x0000000090d23b38) 
thrown [src/hotspot/share/interpreter/linkResolver.cpp, line 772]
Event: 0.046 Thread 0x00007ff69c019ca0 Exception <a 'java/lang/NoSuchMethodError'{0x0000000090d3e260}: 'void java.lang.System.loadLibrary(java.lang.String, java.lang.Class)'> (0x0000000090d3e260) 
thrown [src/hotspot/share/interpreter/linkResolver.cpp, line 772]
Event: 0.117 Thread 0x00007ff69c019ca0 Exception <a 'java/lang/NoSuchMethodError'{0x0000000090c8dd68}: 'int java.lang.invoke.DirectMethodHandle$Holder.invokeStaticInit(java.lang.Object, java.lang.Object, int, long)'> (0x0000000090c8dd68) 
thrown [src/hotspot/share/interpreter/linkResolver.cpp, line 772]
Event: 0.117 Thread 0x00007ff69c019ca0 Exception <a 'java/lang/NoSuchMethodError'{0x0000000090c93140}: 'java.lang.Object java.lang.invoke.DirectMethodHandle$Holder.newInvokeSpecial(java.lang.Object, java.lang.Object, int)'> (0x0000000090c93140) 
thrown [src/hotspot/share/interpreter/linkResolver.cpp, line 772]
Event: 0.118 Thread 0x00007ff69c019ca0 Exception <a 'java/lang/NoSuchMethodError'{0x0000000090ca16d8}: 'int java.lang.invoke.DirectMethodHandle$Holder.invokeStaticInit(java.lang.Object, java.lang.Object, long, long)'> (0x0000000090ca16d8) 
thrown [src/hotspot/share/interpreter/linkResolver.cpp, line 772]
Event: 0.119 Thread 0x00007ff69c019ca0 Exception <a 'java/lang/NoSuchMethodError'{0x0000000090ca7430}: 'java.lang.Object java.lang.invoke.DirectMethodHandle$Holder.newInvokeSpecial(java.lang.Object, java.lang.Object, long)'> (0x0000000090ca7430) 
thrown [src/hotspot/share/interpreter/linkResolver.cpp, line 772]
Event: 0.119 Thread 0x00007ff69c019ca0 Exception <a 'java/lang/NoSuchMethodError'{0x0000000090cab558}: 'java.lang.Object java.lang.invoke.Invokers$Holder.linkToTargetMethod(java.lang.Object, long, java.lang.Object)'> (0x0000000090cab558) 
thrown [src/hotspot/share/interpreter/linkResolver.cpp, line 772]
Event: 0.119 Thread 0x00007ff69c019ca0 Exception <a 'java/lang/NoSuchMethodError'{0x0000000090cb2a50}: 'int java.lang.invoke.DirectMethodHandle$Holder.invokeStaticInit(java.lang.Object, java.lang.Object, java.lang.Object, long)'> (0x0000000090cb2a50) 
thrown [src/hotspot/share/interpreter/linkResolver.cpp, line 772]

ZGC Phase Switch (0 events):
No events

VM Operations (4 events):
Event: 0.114 Executing non-safepoint VM operation: HandshakeAllThreads (Deoptimize)
Event: 0.114 Executing non-safepoint VM operation: HandshakeAllThreads (Deoptimize) done
Event: 1.114 Executing safepoint VM operation: Cleanup
Event: 1.114 Executing safepoint VM operation: Cleanup done

Memory protections (11 events):
Event: 0.001 Protecting memory [0x00007ff6a3300000,0x00007ff6a3304000] with protection modes 0
Event: 0.015 Protecting memory [0x00007ff6a08a5000,0x00007ff6a08a9000] with protection modes 0
Event: 0.015 Protecting memory [0x00007ff6a07a4000,0x00007ff6a07a8000] with protection modes 0
Event: 0.015 Protecting memory [0x00007ff6a06a3000,0x00007ff6a06a7000] with protection modes 0
Event: 0.015 Protecting memory [0x00007ff6a05a2000,0x00007ff6a05a6000] with protection modes 0
Event: 0.015 Protecting memory [0x00007ff6a04a1000,0x00007ff6a04a5000] with protection modes 0
Event: 0.015 Protecting memory [0x00007ff6a03a0000,0x00007ff6a03a4000] with protection modes 0
Event: 0.016 Protecting memory [0x00007ff6a029f000,0x00007ff6a02a3000] with protection modes 0
Event: 0.018 Protecting memory [0x00007ff6a00cd000,0x00007ff6a00d1000] with protection modes 0
Event: 0.018 Protecting memory [0x00007ff69bf00000,0x00007ff69bf04000] with protection modes 0
Event: 0.209 Protecting memory [0x00007ff6286fe000,0x00007ff628702000] with protection modes 0

Nmethod flushes (0 events):
No events

Events (12 events):
Event: 0.009 Thread 0x00007ff69c019ca0 Thread added: 0x00007ff69c019ca0
Event: 0.015 Thread 0x00007ff69c019ca0 Thread added: 0x00007ff69c14c240
Event: 0.015 Thread 0x00007ff69c019ca0 Thread added: 0x00007ff69c16d1d0
Event: 0.015 Thread 0x00007ff69c019ca0 Thread added: 0x00007ff69c16e280
Event: 0.015 Thread 0x00007ff69c019ca0 Thread added: 0x00007ff69c16f8d0
Event: 0.015 Thread 0x00007ff69c019ca0 Thread added: 0x00007ff69c170e80
Event: 0.015 Thread 0x00007ff69c019ca0 Thread added: 0x00007ff69c1729d0
Event: 0.016 Thread 0x00007ff69c019ca0 Thread added: 0x00007ff69c1740a0
Event: 0.018 Thread 0x00007ff69c019ca0 Thread added: 0x00007ff69c1804b0
Event: 0.018 Thread 0x00007ff69c019ca0 Thread added: 0x00007ff69c18b540
Event: 0.209 Thread 0x00007ff69c1740a0 Thread added: 0x00007ff6042487c0
Event: 0.435 Thread 0x00007ff6042487c0 Thread exited: 0x00007ff6042487c0


Dynamic libraries:
89800000-91000000 rw-p 00000000 00:00 0 
91000000-ffe00000 ---p 00000000 00:00 0 
ffe00000-fff0d000 rw-p 00cda000 103:03 6422945                           /usr/lib/jvm/java-21-openjdk/lib/server/classes.jsa
fff0d000-100000000 rw-p 00000000 00:00 0 
555c65b9c000-555c65b9d000 r--p 00000000 103:03 6422671                   /usr/lib/jvm/java-21-openjdk/bin/java
555c65b9d000-555c65b9e000 r-xp 00001000 103:03 6422671                   /usr/lib/jvm/java-21-openjdk/bin/java
555c65b9e000-555c65b9f000 r--p 00002000 103:03 6422671                   /usr/lib/jvm/java-21-openjdk/bin/java
555c65b9f000-555c65ba0000 r--p 00002000 103:03 6422671                   /usr/lib/jvm/java-21-openjdk/bin/java
555c65ba0000-555c65ba1000 rw-p 00003000 103:03 6422671                   /usr/lib/jvm/java-21-openjdk/bin/java
555c66704000-555c6674c000 rw-p 00000000 00:00 0                          [heap]
7ff5cc000000-7ff5cc021000 rw-p 00000000 00:00 0 
7ff5cc021000-7ff5d0000000 ---p 00000000 00:00 0 
7ff5d0000000-7ff5d0021000 rw-p 00000000 00:00 0 
7ff5d0021000-7ff5d4000000 ---p 00000000 00:00 0 
7ff5d4000000-7ff5d4021000 rw-p 00000000 00:00 0 
7ff5d4021000-7ff5d8000000 ---p 00000000 00:00 0 
7ff5d8000000-7ff5d8021000 rw-p 00000000 00:00 0 
7ff5d8021000-7ff5dc000000 ---p 00000000 00:00 0 
7ff5dc000000-7ff5dc021000 rw-p 00000000 00:00 0 
7ff5dc021000-7ff5e0000000 ---p 00000000 00:00 0 
7ff5e2fff000-7ff5e31ff000 rw-s 108b52000 00:11 1094                      anon_inode:i915.gem
7ff5e31ff000-7ff5e3a00000 rw-p 00000000 00:00 0 
7ff5e3a00000-7ff5e5994000 r--p 00000000 103:03 5788072                   /usr/lib/libicudata.so.78.3
7ff5e5994000-7ff5e5995000 r--p 01f93000 103:03 5788072                   /usr/lib/libicudata.so.78.3
7ff5e5a00000-7ff5e5f5b000 r--p 00000000 103:03 5806847                   /usr/lib/libLLVM.so.22.1
7ff5e5f5b000-7ff5ebc2e000 r-xp 0055b000 103:03 5806847                   /usr/lib/libLLVM.so.22.1
7ff5ebc2e000-7ff5efcc0000 r--p 0622e000 103:03 5806847                   /usr/lib/libLLVM.so.22.1
7ff5efcc0000-7ff5efedc000 r--p 0a2c0000 103:03 5806847                   /usr/lib/libLLVM.so.22.1
7ff5efedc000-7ff5efee6000 rw-p 0a4dc000 103:03 5806847                   /usr/lib/libLLVM.so.22.1
7ff5efee6000-7ff5effb6000 rw-p 00000000 00:00 0 
7ff5f0000000-7ff5f0021000 rw-p 00000000 00:00 0 
7ff5f0021000-7ff5f4000000 ---p 00000000 00:00 0 
7ff5f41ff000-7ff5f4a00000 rw-p 00000000 00:00 0 
7ff5f4a00000-7ff5f4a1a000 r--p 00000000 103:03 5806938                   /usr/lib/libgallium-26.1.2-arch1.1.so
7ff5f4a1a000-7ff5f69c6000 r-xp 0001a000 103:03 5806938                   /usr/lib/libgallium-26.1.2-arch1.1.so
7ff5f69c6000-7ff5f7c07000 r--p 01fc6000 103:03 5806938                   /usr/lib/libgallium-26.1.2-arch1.1.so
7ff5f7c07000-7ff5f7d78000 r--p 03207000 103:03 5806938                   /usr/lib/libgallium-26.1.2-arch1.1.so
7ff5f7d78000-7ff5f7dae000 rw-p 03378000 103:03 5806938                   /usr/lib/libgallium-26.1.2-arch1.1.so
7ff5f7dae000-7ff5f7f7b000 rw-p 00000000 00:00 0 
7ff5f8000000-7ff5f8021000 rw-p 00000000 00:00 0 
7ff5f8021000-7ff5fc000000 ---p 00000000 00:00 0 
7ff5fc000000-7ff5fc021000 rw-p 00000000 00:00 0 
7ff5fc021000-7ff600000000 ---p 00000000 00:00 0 
7ff600000000-7ff60028c000 rw-p 00000000 00:00 0 
7ff60028c000-7ff604000000 ---p 00000000 00:00 0 
7ff604000000-7ff604253000 rw-p 00000000 00:00 0 
7ff604253000-7ff608000000 ---p 00000000 00:00 0 
7ff608000000-7ff608021000 rw-p 00000000 00:00 0 
7ff608021000-7ff60c000000 ---p 00000000 00:00 0 
7ff60c000000-7ff60c021000 rw-p 00000000 00:00 0 
7ff60c021000-7ff610000000 ---p 00000000 00:00 0 
7ff610000000-7ff610021000 rw-p 00000000 00:00 0 
7ff610021000-7ff614000000 ---p 00000000 00:00 0 
7ff614000000-7ff614021000 rw-p 00000000 00:00 0 
7ff614021000-7ff618000000 ---p 00000000 00:00 0 
7ff618000000-7ff618021000 rw-p 00000000 00:00 0 
7ff618021000-7ff61c000000 ---p 00000000 00:00 0 
7ff61c000000-7ff61c021000 rw-p 00000000 00:00 0 
7ff61c021000-7ff620000000 ---p 00000000 00:00 0 
7ff620000000-7ff6201a0000 rw-p 00000000 00:00 0 
7ff6201a0000-7ff620400000 ---p 00000000 00:00 0 
7ff620400000-7ff6205d0000 rw-p 00000000 00:00 0 
7ff6205d0000-7ff624000000 ---p 00000000 00:00 0 
7ff624000000-7ff624021000 rw-p 00000000 00:00 0 
7ff624021000-7ff628000000 ---p 00000000 00:00 0 
7ff62801d000-7ff62809d000 rw-s 108652000 00:11 1094                      anon_inode:i915.gem
7ff62809d000-7ff6280ad000 rw-s 104850000 00:11 1094                      anon_inode:i915.gem
7ff6280ad000-7ff6280bd000 rw-s 1073f2000 00:11 1094                      anon_inode:i915.gem
7ff6280bd000-7ff6280cd000 rw-s 1071e2000 00:11 1094                      anon_inode:i915.gem
7ff6280cd000-7ff6280dd000 rw-s 1071d2000 00:11 1094                      anon_inode:i915.gem
7ff6280dd000-7ff6282dd000 rw-s 108452000 00:11 1094                      anon_inode:i915.gem
7ff6282dd000-7ff6282fd000 rw-s 107192000 00:11 1094                      anon_inode:i915.gem
7ff6282fd000-7ff6284fd000 rw-s 108252000 00:11 1094                      anon_inode:i915.gem
7ff6284fd000-7ff6286fd000 rw-s 107451000 00:11 1094                      anon_inode:i915.gem
7ff6286fd000-7ff6286fe000 rw-p 00000000 00:00 0 
7ff6286fe000-7ff628702000 ---p 00000000 00:00 0 
7ff628702000-7ff629800000 rw-p 00000000 00:00 0 
7ff629800000-7ff629a01000 rw-s 00000000 103:04 6029652                   /home/oli/.cache/mesa_shader_cache/index
7ff629a02000-7ff629a22000 rw-s 107ba6000 00:11 1094                      anon_inode:i915.gem
7ff629a22000-7ff629a42000 rw-s 107b86000 00:11 1094                      anon_inode:i915.gem
7ff629a42000-7ff629a52000 rw-s 107b46000 00:11 1094                      anon_inode:i915.gem
7ff629a52000-7ff629a62000 rw-s 107b36000 00:11 1094                      anon_inode:i915.gem
7ff629ab2000-7ff629b32000 rw-s 104a98000 00:11 1094                      anon_inode:i915.gem
7ff629b32000-7ff629c00000 rw-p 00000000 00:00 0 
7ff629c00000-7ff629e00000 rw-s 108052000 00:11 1094                      anon_inode:i915.gem
7ff629e00000-7ff629e48000 r--p 00000000 103:03 5788087                   /usr/lib/libicuuc.so.78.3
7ff629e48000-7ff629f61000 r-xp 00048000 103:03 5788087                   /usr/lib/libicuuc.so.78.3
7ff629f61000-7ff629ffa000 r--p 00161000 103:03 5788087                   /usr/lib/libicuuc.so.78.3
7ff629ffa000-7ff62a00d000 r--p 001fa000 103:03 5788087                   /usr/lib/libicuuc.so.78.3
7ff62a00d000-7ff62a00e000 rw-p 0020d000 103:03 5788087                   /usr/lib/libicuuc.so.78.3
7ff62a00e000-7ff62a010000 rw-p 00000000 00:00 0 
7ff62a089000-7ff62a0a9000 rw-s 1057b8000 00:11 1094                      anon_inode:i915.gem
7ff62a0a9000-7ff62a0c9000 rw-s 100dbd000 00:11 1094                      anon_inode:i915.gem
7ff62a0c9000-7ff62a0e9000 rw-s 10105d000 00:11 1094                      anon_inode:i915.gem
7ff62a0e9000-7ff62a169000 rw-s 104678000 00:11 1094                      anon_inode:i915.gem
7ff62a169000-7ff62a1a9000 rw-s 103fa6000 00:11 1094                      anon_inode:i915.gem
7ff62a1a9000-7ff62a1b6000 r--p 00000000 103:03 5771154                   /usr/lib/libncursesw.so.6.6
7ff62a1b6000-7ff62a1fc000 r-xp 0000d000 103:03 5771154                   /usr/lib/libncursesw.so.6.6
7ff62a1fc000-7ff62a213000 r--p 00053000 103:03 5771154                   /usr/lib/libncursesw.so.6.6
7ff62a213000-7ff62a218000 r--p 00069000 103:03 5771154                   /usr/lib/libncursesw.so.6.6
7ff62a218000-7ff62a219000 rw-p 0006e000 103:03 5771154                   /usr/lib/libncursesw.so.6.6
7ff62a219000-7ff62a21b000 r--p 00000000 103:03 5806727                   /usr/lib/libpciaccess.so.0.11.1
7ff62a21b000-7ff62a220000 r-xp 00002000 103:03 5806727                   /usr/lib/libpciaccess.so.0.11.1
7ff62a220000-7ff62a222000 r--p 00007000 103:03 5806727                   /usr/lib/libpciaccess.so.0.11.1
7ff62a222000-7ff62a223000 r--p 00008000 103:03 5806727                   /usr/lib/libpciaccess.so.0.11.1
7ff62a223000-7ff62a224000 rw-p 00009000 103:03 5806727                   /usr/lib/libpciaccess.so.0.11.1
7ff62a224000-7ff62a23e000 r--p 00000000 103:03 5788170                   /usr/lib/libxml2.so.16.1.3
7ff62a23e000-7ff62a30f000 r-xp 0001a000 103:03 5788170                   /usr/lib/libxml2.so.16.1.3
7ff62a30f000-7ff62a354000 r--p 000eb000 103:03 5788170                   /usr/lib/libxml2.so.16.1.3
7ff62a354000-7ff62a35d000 r--p 00130000 103:03 5788170                   /usr/lib/libxml2.so.16.1.3
7ff62a35d000-7ff62a35e000 rw-p 00139000 103:03 5788170                   /usr/lib/libxml2.so.16.1.3
7ff62a35e000-7ff62a35f000 rw-p 00000000 00:00 0 
7ff62a35f000-7ff62a365000 r--p 00000000 103:03 5806798                   /usr/lib/libedit.so.0.0.78
7ff62a365000-7ff62a387000 r-xp 00006000 103:03 5806798                   /usr/lib/libedit.so.0.0.78
7ff62a387000-7ff62a395000 r--p 00028000 103:03 5806798                   /usr/lib/libedit.so.0.0.78
7ff62a395000-7ff62a398000 r--p 00035000 103:03 5806798                   /usr/lib/libedit.so.0.0.78
7ff62a398000-7ff62a399000 rw-p 00038000 103:03 5806798                   /usr/lib/libedit.so.0.0.78
7ff62a399000-7ff62a39c000 rw-p 00000000 00:00 0 
7ff62a39c000-7ff62a39f000 r--p 00000000 103:03 5806749                   /usr/lib/libdrm_intel.so.1.134.0
7ff62a39f000-7ff62a3b6000 r-xp 00003000 103:03 5806749                   /usr/lib/libdrm_intel.so.1.134.0
7ff62a3b6000-7ff62a3c0000 r--p 0001a000 103:03 5806749                   /usr/lib/libdrm_intel.so.1.134.0
7ff62a3c0000-7ff62a3c1000 r--p 00024000 103:03 5806749                   /usr/lib/libdrm_intel.so.1.134.0
7ff62a3c1000-7ff62a3c2000 rw-p 00025000 103:03 5806749                   /usr/lib/libdrm_intel.so.1.134.0
7ff62a3c2000-7ff62a3c5000 r--p 00000000 103:03 5806745                   /usr/lib/libdrm_amdgpu.so.1.134.0
7ff62a3c5000-7ff62a3cb000 r-xp 00003000 103:03 5806745                   /usr/lib/libdrm_amdgpu.so.1.134.0
7ff62a3cb000-7ff62a3cd000 r--p 00009000 103:03 5806745                   /usr/lib/libdrm_amdgpu.so.1.134.0
7ff62a3cd000-7ff62a3ce000 r--p 0000a000 103:03 5806745                   /usr/lib/libdrm_amdgpu.so.1.134.0
7ff62a3ce000-7ff62a3cf000 rw-p 0000b000 103:03 5806745                   /usr/lib/libdrm_amdgpu.so.1.134.0
7ff62a3cf000-7ff62a3d2000 r--p 00000000 103:03 5791963                   /usr/lib/libelf-0.195.so
7ff62a3d2000-7ff62a3e5000 r-xp 00003000 103:03 5791963                   /usr/lib/libelf-0.195.so
7ff62a3e5000-7ff62a3e9000 r--p 00016000 103:03 5791963                   /usr/lib/libelf-0.195.so
7ff62a3e9000-7ff62a3ea000 r--p 0001a000 103:03 5791963                   /usr/lib/libelf-0.195.so
7ff62a3ea000-7ff62a3eb000 rw-p 0001b000 103:03 5791963                   /usr/lib/libelf-0.195.so
7ff62a3eb000-7ff62a3ec000 r--p 00000000 103:03 5806766                   /usr/lib/libxshmfence.so.1.0.0
7ff62a3ec000-7ff62a3ed000 r-xp 00001000 103:03 5806766                   /usr/lib/libxshmfence.so.1.0.0
7ff62a3ed000-7ff62a3ee000 r--p 00002000 103:03 5806766                   /usr/lib/libxshmfence.so.1.0.0
7ff62a3ee000-7ff62a3ef000 r--p 00002000 103:03 5806766                   /usr/lib/libxshmfence.so.1.0.0
7ff62a3ef000-7ff62a3f0000 rw-p 00003000 103:03 5806766                   /usr/lib/libxshmfence.so.1.0.0
7ff62a3f0000-7ff62a3f3000 r--p 00000000 103:03 5803478                   /usr/lib/libxcb-sync.so.1.0.0
7ff62a3f3000-7ff62a3f6000 r-xp 00003000 103:03 5803478                   /usr/lib/libxcb-sync.so.1.0.0
7ff62a3f6000-7ff62a3f7000 r--p 00006000 103:03 5803478                   /usr/lib/libxcb-sync.so.1.0.0
7ff62a3f7000-7ff62a3f8000 r--p 00007000 103:03 5803478                   /usr/lib/libxcb-sync.so.1.0.0
7ff62a3f8000-7ff62a3f9000 rw-p 00008000 103:03 5803478                   /usr/lib/libxcb-sync.so.1.0.0
7ff62a3f9000-7ff62a3fb000 r--p 00000000 103:03 5806863                   /usr/lib/libsensors.so.5.0.0
7ff62a3fb000-7ff62a402000 r-xp 00002000 103:03 5806863                   /usr/lib/libsensors.so.5.0.0
7ff62a402000-7ff62a406000 r--p 00009000 103:03 5806863                   /usr/lib/libsensors.so.5.0.0
7ff62a406000-7ff62a407000 r--p 0000d000 103:03 5806863                   /usr/lib/libsensors.so.5.0.0
7ff62a407000-7ff62a408000 rw-p 0000e000 103:03 5806863                   /usr/lib/libsensors.so.5.0.0
7ff62a408000-7ff62a41f000 r--p 00000000 103:03 5806894                   /usr/lib/libSPIRV-Tools.so
7ff62a41f000-7ff62a54a000 r-xp 00017000 103:03 5806894                   /usr/lib/libSPIRV-Tools.so
7ff62a54a000-7ff62a5cf000 r--p 00142000 103:03 5806894                   /usr/lib/libSPIRV-Tools.so
7ff62a5cf000-7ff62a5d2000 r--p 001c6000 103:03 5806894                   /usr/lib/libSPIRV-Tools.so
7ff62a5d2000-7ff62a5d3000 rw-p 001c9000 103:03 5806894                   /usr/lib/libSPIRV-Tools.so
7ff62a5d3000-7ff62a5df000 r--p 00000000 103:03 5775762                   /usr/lib/libzstd.so.1.5.7
7ff62a5df000-7ff62a6a0000 r-xp 0000c000 103:03 5775762                   /usr/lib/libzstd.so.1.5.7
7ff62a6a0000-7ff62a6b5000 r--p 000cd000 103:03 5775762                   /usr/lib/libzstd.so.1.5.7
7ff62a6b5000-7ff62a6b6000 r--p 000e2000 103:03 5775762                   /usr/lib/libzstd.so.1.5.7
7ff62a6b6000-7ff62a6b7000 rw-p 000e3000 103:03 5775762                   /usr/lib/libzstd.so.1.5.7
7ff62a6b7000-7ff62a6b8000 r--p 00000000 103:03 5803454                   /usr/lib/libxcb-present.so.0.0.0
7ff62a6b8000-7ff62a6b9000 r-xp 00001000 103:03 5803454                   /usr/lib/libxcb-present.so.0.0.0
7ff62a6b9000-7ff62a6ba000 r--p 00002000 103:03 5803454                   /usr/lib/libxcb-present.so.0.0.0
7ff62a6ba000-7ff62a6bb000 r--p 00002000 103:03 5803454                   /usr/lib/libxcb-present.so.0.0.0
7ff62a6bb000-7ff62a6bc000 rw-p 00003000 103:03 5803454                   /usr/lib/libxcb-present.so.0.0.0
7ff62a6bc000-7ff62a6d3000 r--p 00000000 103:03 5805847                   /usr/lib/libX11.so.6.4.0
7ff62a6d3000-7ff62a764000 r-xp 00017000 103:03 5805847                   /usr/lib/libX11.so.6.4.0
7ff62a764000-7ff62a7f8000 r--p 000a8000 103:03 5805847                   /usr/lib/libX11.so.6.4.0
7ff62a7f8000-7ff62a7fb000 r--p 0013c000 103:03 5805847                   /usr/lib/libX11.so.6.4.0
7ff62a7fb000-7ff62a7ff000 rw-p 0013f000 103:03 5805847                   /usr/lib/libX11.so.6.4.0
7ff62a7ff000-7ff62b000000 rw-p 00000000 00:00 0 
7ff62b000000-7ff62bc9b000 rw-p 00001000 103:03 6422945                   /usr/lib/jvm/java-21-openjdk/lib/server/classes.jsa
7ff62bc9b000-7ff62c000000 ---p 00000000 00:00 0 
7ff62c000000-7ff62c030000 rw-p 00000000 00:00 0 
7ff62c030000-7ff62c040000 ---p 00000000 00:00 0 
7ff62c040000-7ff62c060000 rw-p 00000000 00:00 0 
7ff62c060000-7ff66c000000 ---p 00000000 00:00 0 
7ff66c000000-7ff66c021000 rw-p 00000000 00:00 0 
7ff66c021000-7ff670000000 ---p 00000000 00:00 0 
7ff670000000-7ff670021000 rw-p 00000000 00:00 0 
7ff670021000-7ff674000000 ---p 00000000 00:00 0 
7ff674000000-7ff674021000 rw-p 00000000 00:00 0 
7ff674021000-7ff678000000 ---p 00000000 00:00 0 
7ff678000000-7ff678021000 rw-p 00000000 00:00 0 
7ff678021000-7ff67c000000 ---p 00000000 00:00 0 
7ff67c000000-7ff67c021000 rw-p 00000000 00:00 0 
7ff67c021000-7ff680000000 ---p 00000000 00:00 0 
7ff680003000-7ff680008000 r--p 00000000 103:03 5806741                   /usr/lib/libdrm.so.2.134.0
7ff680008000-7ff680014000 r-xp 00005000 103:03 5806741                   /usr/lib/libdrm.so.2.134.0
7ff680014000-7ff680018000 r--p 00011000 103:03 5806741                   /usr/lib/libdrm.so.2.134.0
7ff680018000-7ff680019000 r--p 00015000 103:03 5806741                   /usr/lib/libdrm.so.2.134.0
7ff680019000-7ff68001a000 rw-p 00016000 103:03 5806741                   /usr/lib/libdrm.so.2.134.0
7ff68001a000-7ff68001d000 r--p 00000000 103:03 5803484                   /usr/lib/libxcb-xfixes.so.0.0.0
7ff68001d000-7ff680020000 r-xp 00003000 103:03 5803484                   /usr/lib/libxcb-xfixes.so.0.0.0
7ff680020000-7ff680021000 r--p 00006000 103:03 5803484                   /usr/lib/libxcb-xfixes.so.0.0.0
7ff680021000-7ff680022000 r--p 00007000 103:03 5803484                   /usr/lib/libxcb-xfixes.so.0.0.0
7ff680022000-7ff680023000 rw-p 00008000 103:03 5803484                   /usr/lib/libxcb-xfixes.so.0.0.0
7ff680023000-7ff680025000 r--p 00000000 103:03 5792773                   /usr/lib/libexpat.so.1.12.1
7ff680025000-7ff680046000 r-xp 00002000 103:03 5792773                   /usr/lib/libexpat.so.1.12.1
7ff680046000-7ff68004f000 r--p 00023000 103:03 5792773                   /usr/lib/libexpat.so.1.12.1
7ff68004f000-7ff680051000 r--p 0002b000 103:03 5792773                   /usr/lib/libexpat.so.1.12.1
7ff680051000-7ff680052000 rw-p 0002d000 103:03 5792773                   /usr/lib/libexpat.so.1.12.1
7ff680052000-7ff680058000 r--p 00000000 103:03 5806933                   /usr/lib/libEGL_mesa.so.0.0.0
7ff680058000-7ff680092000 r-xp 00006000 103:03 5806933                   /usr/lib/libEGL_mesa.so.0.0.0
7ff680092000-7ff6800a5000 r--p 00040000 103:03 5806933                   /usr/lib/libEGL_mesa.so.0.0.0
7ff6800a5000-7ff6800b2000 r--p 00052000 103:03 5806933                   /usr/lib/libEGL_mesa.so.0.0.0
7ff6800b2000-7ff6800b3000 rw-p 0005f000 103:03 5806933                   /usr/lib/libEGL_mesa.so.0.0.0
7ff6800b3000-7ff6800b4000 rw-p 00000000 00:00 0 
7ff6800b4000-7ff6800b6000 r--p 00000000 103:03 5806958                   /usr/lib/libGLdispatch.so.0.0.0
7ff6800b6000-7ff6800f5000 r-xp 00002000 103:03 5806958                   /usr/lib/libGLdispatch.so.0.0.0
7ff6800f5000-7ff680108000 r--p 00041000 103:03 5806958                   /usr/lib/libGLdispatch.so.0.0.0
7ff680108000-7ff680124000 r--p 00054000 103:03 5806958                   /usr/lib/libGLdispatch.so.0.0.0
7ff680124000-7ff680125000 rw-p 00070000 103:03 5806958                   /usr/lib/libGLdispatch.so.0.0.0
7ff680125000-7ff68012d000 rw-p 00000000 00:00 0 
7ff68012d000-7ff68015c000 r--p 00000000 103:03 5806949                   /usr/lib/libGL.so.1.7.0
7ff68015c000-7ff68017b000 r-xp 0002f000 103:03 5806949                   /usr/lib/libGL.so.1.7.0
7ff68017b000-7ff680190000 r--p 0004e000 103:03 5806949                   /usr/lib/libGL.so.1.7.0
7ff680190000-7ff68019e000 r--p 00062000 103:03 5806949                   /usr/lib/libGL.so.1.7.0
7ff68019e000-7ff68019f000 rw-p 00070000 103:03 5806949                   /usr/lib/libGL.so.1.7.0
7ff68019f000-7ff6801a0000 rw-p 00000000 00:00 0 
7ff6801a0000-7ff6801a4000 r--p 00000000 103:03 5808451                   /usr/lib/libxkbcommon.so.0.13.2
7ff6801a4000-7ff6801d3000 r-xp 00004000 103:03 5808451                   /usr/lib/libxkbcommon.so.0.13.2
7ff6801d3000-7ff6801fd000 r--p 00033000 103:03 5808451                   /usr/lib/libxkbcommon.so.0.13.2
7ff6801fd000-7ff6801ff000 r--p 0005d000 103:03 5808451                   /usr/lib/libxkbcommon.so.0.13.2
7ff6801ff000-7ff680200000 rw-p 0005f000 103:03 5808451                   /usr/lib/libxkbcommon.so.0.13.2
7ff680200000-7ff6804c4000 r-xp 00000000 103:03 524373                    /tmp/lwjgl_oli/3.4.1+2/x64/libSDL3.so
7ff6804c4000-7ff6805ba000 r--p 002c4000 103:03 524373                    /tmp/lwjgl_oli/3.4.1+2/x64/libSDL3.so
7ff6805ba000-7ff6805c8000 r--p 003ba000 103:03 524373                    /tmp/lwjgl_oli/3.4.1+2/x64/libSDL3.so
7ff6805c8000-7ff6805d5000 rw-p 003c8000 103:03 524373                    /tmp/lwjgl_oli/3.4.1+2/x64/libSDL3.so
7ff6805d5000-7ff6805dc000 rw-p 00000000 00:00 0 
7ff6805dd000-7ff6805e4000 r--p 00000000 103:03 5803457                   /usr/lib/libxcb-randr.so.0.1.0
7ff6805e4000-7ff6805ea000 r-xp 00007000 103:03 5803457                   /usr/lib/libxcb-randr.so.0.1.0
7ff6805ea000-7ff6805ed000 r--p 0000d000 103:03 5803457                   /usr/lib/libxcb-randr.so.0.1.0
7ff6805ed000-7ff6805ee000 r--p 00010000 103:03 5803457                   /usr/lib/libxcb-randr.so.0.1.0
7ff6805ee000-7ff6805ef000 rw-p 00011000 103:03 5803457                   /usr/lib/libxcb-randr.so.0.1.0
7ff6805ef000-7ff6805f1000 r--p 00000000 103:03 5806946                   /usr/lib/libEGL.so.1.1.0
7ff6805f1000-7ff6805fa000 r-xp 00002000 103:03 5806946                   /usr/lib/libEGL.so.1.1.0
7ff6805fa000-7ff6805fe000 r--p 0000b000 103:03 5806946                   /usr/lib/libEGL.so.1.1.0
7ff6805fe000-7ff6805ff000 r--p 0000e000 103:03 5806946                   /usr/lib/libEGL.so.1.1.0
7ff6805ff000-7ff680600000 rw-p 0000f000 103:03 5806946                   /usr/lib/libEGL.so.1.1.0
7ff680600000-7ff682600000 rw-p 00000000 00:00 0 
7ff682601000-7ff682603000 r--p 00000000 103:03 5803448                   /usr/lib/libxcb-dri3.so.0.1.0
7ff682603000-7ff682605000 r-xp 00002000 103:03 5803448                   /usr/lib/libxcb-dri3.so.0.1.0
7ff682605000-7ff682606000 r--p 00004000 103:03 5803448                   /usr/lib/libxcb-dri3.so.0.1.0
7ff682606000-7ff682607000 r--p 00004000 103:03 5803448                   /usr/lib/libxcb-dri3.so.0.1.0
7ff682607000-7ff682608000 rw-p 00005000 103:03 5803448                   /usr/lib/libxcb-dri3.so.0.1.0
7ff682608000-7ff68260a000 r--p 00000000 103:03 5806941                   /usr/lib/libgbm.so.1.0.0
7ff68260a000-7ff68260b000 r-xp 00002000 103:03 5806941                   /usr/lib/libgbm.so.1.0.0
7ff68260b000-7ff68260c000 r--p 00003000 103:03 5806941                   /usr/lib/libgbm.so.1.0.0
7ff68260c000-7ff68260d000 r--p 00003000 103:03 5806941                   /usr/lib/libgbm.so.1.0.0
7ff68260d000-7ff68260e000 rw-p 00004000 103:03 5806941                   /usr/lib/libgbm.so.1.0.0
7ff68260e000-7ff68261c000 r--p 00000000 103:03 5792820                   /usr/lib/libdbus-1.so.3.38.3
7ff68261c000-7ff68264b000 r-xp 0000e000 103:03 5792820                   /usr/lib/libdbus-1.so.3.38.3
7ff68264b000-7ff68265d000 r--p 0003d000 103:03 5792820                   /usr/lib/libdbus-1.so.3.38.3
7ff68265d000-7ff68265f000 r--p 0004f000 103:03 5792820                   /usr/lib/libdbus-1.so.3.38.3
7ff68265f000-7ff682660000 rw-p 00051000 103:03 5792820                   /usr/lib/libdbus-1.so.3.38.3
7ff682660000-7ff682840000 rw-p 00000000 00:00 0 
7ff682840000-7ff6843f8000 ---p 00000000 00:00 0 
7ff6843f8000-7ff684400000 rw-p 00000000 00:00 0 
7ff684400000-7ff684670000 rwxp 00000000 00:00 0 
7ff684670000-7ff68b937000 ---p 00000000 00:00 0 
7ff68b937000-7ff68bba7000 rwxp 00000000 00:00 0 
7ff68bba7000-7ff68bec9000 ---p 00000000 00:00 0 
7ff68bec9000-7ff68c139000 rwxp 00000000 00:00 0 
7ff68c139000-7ff693400000 ---p 00000000 00:00 0 
7ff693400000-7ff69becf000 r--s 00000000 103:03 6422936                   /usr/lib/jvm/java-21-openjdk/lib/modules
7ff69becf000-7ff69bed0000 r--p 00000000 103:03 5803475                   /usr/lib/libxcb-shm.so.0.0.0
7ff69bed0000-7ff69bed1000 r-xp 00001000 103:03 5803475                   /usr/lib/libxcb-shm.so.0.0.0
7ff69bed1000-7ff69bed2000 r--p 00002000 103:03 5803475                   /usr/lib/libxcb-shm.so.0.0.0
7ff69bed2000-7ff69bed3000 r--p 00002000 103:03 5803475                   /usr/lib/libxcb-shm.so.0.0.0
7ff69bed3000-7ff69bed4000 rw-p 00003000 103:03 5803475                   /usr/lib/libxcb-shm.so.0.0.0
7ff69bed4000-7ff69bee0000 r--p 00000000 103:03 5803505                   /usr/lib/libxcb.so.1.1.0
7ff69bee0000-7ff69bef4000 r-xp 0000c000 103:03 5803505                   /usr/lib/libxcb.so.1.1.0
7ff69bef4000-7ff69befd000 r--p 00020000 103:03 5803505                   /usr/lib/libxcb.so.1.1.0
7ff69befd000-7ff69befe000 r--p 00028000 103:03 5803505                   /usr/lib/libxcb.so.1.1.0
7ff69befe000-7ff69beff000 rw-p 00029000 103:03 5803505                   /usr/lib/libxcb.so.1.1.0
7ff69beff000-7ff69bf00000 rw-p 00000000 00:00 0 
7ff69bf00000-7ff69bf04000 ---p 00000000 00:00 0 
7ff69bf04000-7ff69c000000 rw-p 00000000 00:00 0 
7ff69c000000-7ff69d016000 rw-p 00000000 00:00 0 
7ff69d016000-7ff6a0000000 ---p 00000000 00:00 0 
7ff6a0000000-7ff6a0001000 r--p 00000000 103:03 5805844                   /usr/lib/libX11-xcb.so.1.0.0
7ff6a0001000-7ff6a0002000 r-xp 00001000 103:03 5805844                   /usr/lib/libX11-xcb.so.1.0.0
7ff6a0002000-7ff6a0003000 r--p 00002000 103:03 5805844                   /usr/lib/libX11-xcb.so.1.0.0
7ff6a0003000-7ff6a0004000 r--p 00002000 103:03 5805844                   /usr/lib/libX11-xcb.so.1.0.0
7ff6a0004000-7ff6a0005000 rw-p 00003000 103:03 5805844                   /usr/lib/libX11-xcb.so.1.0.0
7ff6a0005000-7ff6a0007000 r--p 00000000 103:03 5803416                   /usr/lib/libXdmcp.so.6.0.0
7ff6a0007000-7ff6a0009000 r-xp 00002000 103:03 5803416                   /usr/lib/libXdmcp.so.6.0.0
7ff6a0009000-7ff6a000b000 r--p 00004000 103:03 5803416                   /usr/lib/libXdmcp.so.6.0.0
7ff6a000b000-7ff6a000c000 r--p 00005000 103:03 5803416                   /usr/lib/libXdmcp.so.6.0.0
7ff6a000c000-7ff6a000d000 rw-p 00006000 103:03 5803416                   /usr/lib/libXdmcp.so.6.0.0
7ff6a000d000-7ff6a000e000 r--p 00000000 103:03 5803420                   /usr/lib/libXau.so.6.0.0
7ff6a000e000-7ff6a000f000 r-xp 00001000 103:03 5803420                   /usr/lib/libXau.so.6.0.0
7ff6a000f000-7ff6a0010000 r--p 00002000 103:03 5803420                   /usr/lib/libXau.so.6.0.0
7ff6a0010000-7ff6a0011000 r--p 00002000 103:03 5803420                   /usr/lib/libXau.so.6.0.0
7ff6a0011000-7ff6a0012000 rw-p 00003000 103:03 5803420                   /usr/lib/libXau.so.6.0.0
7ff6a0012000-7ff6a0014000 r--p 00000000 103:03 5806955                   /usr/lib/libGLX.so.0.0.0
7ff6a0014000-7ff6a002e000 r-xp 00002000 103:03 5806955                   /usr/lib/libGLX.so.0.0.0
7ff6a002e000-7ff6a0031000 r--p 0001c000 103:03 5806955                   /usr/lib/libGLX.so.0.0.0
7ff6a0031000-7ff6a0032000 r--p 0001f000 103:03 5806955                   /usr/lib/libGLX.so.0.0.0
7ff6a0032000-7ff6a0033000 rw-p 00020000 103:03 5806955                   /usr/lib/libGLX.so.0.0.0
7ff6a0033000-7ff6a0043000 rw-p 00000000 00:00 0 
7ff6a0043000-7ff6a0046000 r--p 00000000 103:03 5808431                   /usr/lib/libdecor-0.so.0.200.5
7ff6a0046000-7ff6a0049000 r-xp 00003000 103:03 5808431                   /usr/lib/libdecor-0.so.0.200.5
7ff6a0049000-7ff6a004b000 r--p 00006000 103:03 5808431                   /usr/lib/libdecor-0.so.0.200.5
7ff6a004b000-7ff6a004c000 r--p 00007000 103:03 5808431                   /usr/lib/libdecor-0.so.0.200.5
7ff6a004c000-7ff6a004d000 rw-p 00008000 103:03 5808431                   /usr/lib/libdecor-0.so.0.200.5
7ff6a004d000-7ff6a0082000 r-xp 00000000 103:03 524310                    /tmp/lwjgl_oli/3.4.1+2/x64/liblwjgl.so
7ff6a0082000-7ff6a00ca000 r--p 00035000 103:03 524310                    /tmp/lwjgl_oli/3.4.1+2/x64/liblwjgl.so
7ff6a00ca000-7ff6a00cb000 r--p 0007c000 103:03 524310                    /tmp/lwjgl_oli/3.4.1+2/x64/liblwjgl.so
7ff6a00cb000-7ff6a00cc000 rw-p 0007d000 103:03 524310                    /tmp/lwjgl_oli/3.4.1+2/x64/liblwjgl.so
7ff6a00cc000-7ff6a00cd000 rw-p 00000000 00:00 0 
7ff6a00cd000-7ff6a00d1000 ---p 00000000 00:00 0 
7ff6a00d1000-7ff6a01cd000 rw-p 00000000 00:00 0 
7ff6a01cd000-7ff6a01d2000 r--p 00000000 103:03 6422919                   /usr/lib/jvm/java-21-openjdk/lib/libjsvml.so
7ff6a01d2000-7ff6a0213000 r-xp 00005000 103:03 6422919                   /usr/lib/jvm/java-21-openjdk/lib/libjsvml.so
7ff6a0213000-7ff6a029c000 r--p 00046000 103:03 6422919                   /usr/lib/jvm/java-21-openjdk/lib/libjsvml.so
7ff6a029c000-7ff6a029d000 r--p 000ce000 103:03 6422919                   /usr/lib/jvm/java-21-openjdk/lib/libjsvml.so
7ff6a029d000-7ff6a029e000 rw-p 000cf000 103:03 6422919                   /usr/lib/jvm/java-21-openjdk/lib/libjsvml.so
7ff6a029e000-7ff6a029f000 rw-p 00000000 00:00 0 
7ff6a029f000-7ff6a02a3000 ---p 00000000 00:00 0 
7ff6a02a3000-7ff6a03a0000 rw-p 00000000 00:00 0 
7ff6a03a0000-7ff6a03a4000 ---p 00000000 00:00 0 
7ff6a03a4000-7ff6a04a1000 rw-p 00000000 00:00 0 
7ff6a04a1000-7ff6a04a5000 ---p 00000000 00:00 0 
7ff6a04a5000-7ff6a05a2000 rw-p 00000000 00:00 0 
7ff6a05a2000-7ff6a05a6000 ---p 00000000 00:00 0 
7ff6a05a6000-7ff6a06a3000 rw-p 00000000 00:00 0 
7ff6a06a3000-7ff6a06a7000 ---p 00000000 00:00 0 
7ff6a06a7000-7ff6a07a4000 rw-p 00000000 00:00 0 
7ff6a07a4000-7ff6a07a8000 ---p 00000000 00:00 0 
7ff6a07a8000-7ff6a08a5000 rw-p 00000000 00:00 0 
7ff6a08a5000-7ff6a08a9000 ---p 00000000 00:00 0 
7ff6a08a9000-7ff6a09a5000 rw-p 00000000 00:00 0 
7ff6a09a5000-7ff6a0a00000 r--p 00000000 103:03 5770283                   /usr/lib/locale/C.utf8/LC_CTYPE
7ff6a0a00000-7ff6a0ced000 r--p 00000000 103:03 5802412                   /usr/lib/locale/locale-archive
7ff6a0cf1000-7ff6a0cf2000 r--p 00000000 103:03 5806915                   /usr/lib/libwayland-cursor.so.0.25.0
7ff6a0cf2000-7ff6a0cf4000 r-xp 00001000 103:03 5806915                   /usr/lib/libwayland-cursor.so.0.25.0
7ff6a0cf4000-7ff6a0cf5000 r--p 00003000 103:03 5806915                   /usr/lib/libwayland-cursor.so.0.25.0
7ff6a0cf5000-7ff6a0cf6000 r--p 00003000 103:03 5806915                   /usr/lib/libwayland-cursor.so.0.25.0
7ff6a0cf6000-7ff6a0cfa000 rw-p 00004000 103:03 5806915                   /usr/lib/libwayland-cursor.so.0.25.0
7ff6a0cfa000-7ff6a0cfb000 r--p 00000000 103:03 5806918                   /usr/lib/libwayland-egl.so.1.25.0
7ff6a0cfb000-7ff6a0cfc000 r-xp 00001000 103:03 5806918                   /usr/lib/libwayland-egl.so.1.25.0
7ff6a0cfc000-7ff6a0cfd000 r--p 00002000 103:03 5806918                   /usr/lib/libwayland-egl.so.1.25.0
7ff6a0cfd000-7ff6a0cfe000 r--p 00002000 103:03 5806918                   /usr/lib/libwayland-egl.so.1.25.0
7ff6a0cfe000-7ff6a0cff000 rw-p 00003000 103:03 5806918                   /usr/lib/libwayland-egl.so.1.25.0
7ff6a0d00000-7ff6a0d10000 rw-s 1015eb000 00:11 1094                      anon_inode:i915.gem
7ff6a0d10000-7ff6a0d11000 r--p 00000000 00:01 4096                       /memfd:kwin-dmabuf-feedback-table (deleted)
7ff6a0d11000-7ff6a0d12000 rw-s 104ba9000 00:11 1094                      anon_inode:i915.gem
7ff6a0d12000-7ff6a0d13000 rw-s 104ba8000 00:11 1094                      anon_inode:i915.gem
7ff6a0d13000-7ff6a0d23000 rw-s 101230000 00:11 1094                      anon_inode:i915.gem
7ff6a0d23000-7ff6a0f25000 rw-p 00000000 00:00 0 
7ff6a0f25000-7ff6a1001000 rw-p 00000000 00:00 0 
7ff6a1001000-7ff6a1203000 rw-p 00000000 00:00 0 
7ff6a1203000-7ff6a1a0b000 rw-p 00000000 00:00 0 
7ff6a1a0b000-7ff6a1d0e000 rw-p 00000000 00:00 0 
7ff6a1d0e000-7ff6a1dc5000 rw-p 00000000 00:00 0 
7ff6a1dc5000-7ff6a213c000 ---p 00000000 00:00 0 
7ff6a213c000-7ff6a2179000 rw-p 00000000 00:00 0 
7ff6a2179000-7ff6a24f0000 ---p 00000000 00:00 0 
7ff6a24f0000-7ff6a2cfe000 rw-p 00000000 00:00 0 
7ff6a2cfe000-7ff6a2de4000 ---p 00000000 00:00 0 
7ff6a2de4000-7ff6a2de9000 rw-p 00000000 00:00 0 
7ff6a2de9000-7ff6a2ecf000 ---p 00000000 00:00 0 
7ff6a2ecf000-7ff6a2edf000 r--p 00000000 103:03 5770252                   /usr/lib/libm.so.6
7ff6a2edf000-7ff6a2f78000 r-xp 00010000 103:03 5770252                   /usr/lib/libm.so.6
7ff6a2f78000-7ff6a2ffe000 r--p 000a9000 103:03 5770252                   /usr/lib/libm.so.6
7ff6a2ffe000-7ff6a2fff000 r--p 0012f000 103:03 5770252                   /usr/lib/libm.so.6
7ff6a2fff000-7ff6a3000000 rw-p 00130000 103:03 5770252                   /usr/lib/libm.so.6
7ff6a3000000-7ff6a309a000 r--p 00000000 103:03 5771053                   /usr/lib/libstdc++.so.6.0.35
7ff6a309a000-7ff6a321e000 r-xp 0009a000 103:03 5771053                   /usr/lib/libstdc++.so.6.0.35
7ff6a321e000-7ff6a32bf000 r--p 0021e000 103:03 5771053                   /usr/lib/libstdc++.so.6.0.35
7ff6a32bf000-7ff6a32d0000 r--p 002be000 103:03 5771053                   /usr/lib/libstdc++.so.6.0.35
7ff6a32d0000-7ff6a32d1000 rw-p 002cf000 103:03 5771053                   /usr/lib/libstdc++.so.6.0.35
7ff6a32d1000-7ff6a32d5000 rw-p 00000000 00:00 0 
7ff6a32d5000-7ff6a32d6000 rw-s 103dc6000 00:11 1094                      anon_inode:i915.gem
7ff6a32d6000-7ff6a32d8000 r--p 00000000 103:03 5785193                   /usr/lib/libffi.so.8.2.0
7ff6a32d8000-7ff6a32de000 r-xp 00002000 103:03 5785193                   /usr/lib/libffi.so.8.2.0
7ff6a32de000-7ff6a32df000 r--p 00008000 103:03 5785193                   /usr/lib/libffi.so.8.2.0
7ff6a32df000-7ff6a32e0000 r--p 00009000 103:03 5785193                   /usr/lib/libffi.so.8.2.0
7ff6a32e0000-7ff6a32e1000 rw-p 0000a000 103:03 5785193                   /usr/lib/libffi.so.8.2.0
7ff6a32e1000-7ff6a32e4000 r--p 00000000 103:03 5806912                   /usr/lib/libwayland-client.so.0.25.0
7ff6a32e4000-7ff6a32eb000 r-xp 00003000 103:03 5806912                   /usr/lib/libwayland-client.so.0.25.0
7ff6a32eb000-7ff6a32ee000 r--p 0000a000 103:03 5806912                   /usr/lib/libwayland-client.so.0.25.0
7ff6a32ee000-7ff6a32f0000 r--p 0000c000 103:03 5806912                   /usr/lib/libwayland-client.so.0.25.0
7ff6a32f0000-7ff6a32f1000 rw-p 0000e000 103:03 5806912                   /usr/lib/libwayland-client.so.0.25.0
7ff6a32f1000-7ff6a32f2000 r--p 00000000 103:03 5770269                   /usr/lib/libpthread.so.0
7ff6a32f2000-7ff6a32f3000 r-xp 00001000 103:03 5770269                   /usr/lib/libpthread.so.0
7ff6a32f3000-7ff6a32f4000 r--p 00002000 103:03 5770269                   /usr/lib/libpthread.so.0
7ff6a32f4000-7ff6a32f5000 r--p 00002000 103:03 5770269                   /usr/lib/libpthread.so.0
7ff6a32f5000-7ff6a32f6000 rw-p 00003000 103:03 5770269                   /usr/lib/libpthread.so.0
7ff6a32f6000-7ff6a32f8000 r--p 00000000 103:03 6422935                   /usr/lib/jvm/java-21-openjdk/lib/libzip.so
7ff6a32f8000-7ff6a32fc000 r-xp 00002000 103:03 6422935                   /usr/lib/jvm/java-21-openjdk/lib/libzip.so
7ff6a32fc000-7ff6a32fe000 r--p 00006000 103:03 6422935                   /usr/lib/jvm/java-21-openjdk/lib/libzip.so
7ff6a32fe000-7ff6a32ff000 r--p 00007000 103:03 6422935                   /usr/lib/jvm/java-21-openjdk/lib/libzip.so
7ff6a32ff000-7ff6a3300000 rw-p 00008000 103:03 6422935                   /usr/lib/jvm/java-21-openjdk/lib/libzip.so
7ff6a3300000-7ff6a3304000 ---p 00000000 00:00 0 
7ff6a3304000-7ff6a3400000 rw-p 00000000 00:00 0 
7ff6a3400000-7ff6a3410000 r--p 00000000 103:03 6422948                   /usr/lib/jvm/java-21-openjdk/lib/server/libjvm.so
7ff6a3410000-7ff6a4317000 r-xp 00010000 103:03 6422948                   /usr/lib/jvm/java-21-openjdk/lib/server/libjvm.so
7ff6a4317000-7ff6a45ea000 r--p 00f17000 103:03 6422948                   /usr/lib/jvm/java-21-openjdk/lib/server/libjvm.so
7ff6a45ea000-7ff6a46c0000 r--p 011ea000 103:03 6422948                   /usr/lib/jvm/java-21-openjdk/lib/server/libjvm.so
7ff6a46c0000-7ff6a46f0000 rw-p 012c0000 103:03 6422948                   /usr/lib/jvm/java-21-openjdk/lib/server/libjvm.so
7ff6a46f0000-7ff6a4756000 rw-p 00000000 00:00 0 
7ff6a4756000-7ff6a4757000 r--p 00000000 103:03 5770247                   /usr/lib/libdl.so.2
7ff6a4757000-7ff6a4758000 r-xp 00001000 103:03 5770247                   /usr/lib/libdl.so.2
7ff6a4758000-7ff6a4759000 r--p 00002000 103:03 5770247                   /usr/lib/libdl.so.2
7ff6a4759000-7ff6a475a000 r--p 00002000 103:03 5770247                   /usr/lib/libdl.so.2
7ff6a475a000-7ff6a475b000 rw-p 00003000 103:03 5770247                   /usr/lib/libdl.so.2
7ff6a475b000-7ff6a4762000 r--p 00000000 103:03 6422927                   /usr/lib/jvm/java-21-openjdk/lib/libnio.so
7ff6a4762000-7ff6a476b000 r-xp 00007000 103:03 6422927                   /usr/lib/jvm/java-21-openjdk/lib/libnio.so
7ff6a476b000-7ff6a476f000 r--p 00010000 103:03 6422927                   /usr/lib/jvm/java-21-openjdk/lib/libnio.so
7ff6a476f000-7ff6a4770000 r--p 00014000 103:03 6422927                   /usr/lib/jvm/java-21-openjdk/lib/libnio.so
7ff6a4770000-7ff6a4771000 rw-p 00015000 103:03 6422927                   /usr/lib/jvm/java-21-openjdk/lib/libnio.so
7ff6a4771000-7ff6a47b2000 rw-p 00000000 00:00 0 
7ff6a47b2000-7ff6a47bc000 r--p 00000000 103:03 6422911                   /usr/lib/jvm/java-21-openjdk/lib/libjava.so
7ff6a47bc000-7ff6a47ca000 r-xp 0000a000 103:03 6422911                   /usr/lib/jvm/java-21-openjdk/lib/libjava.so
7ff6a47ca000-7ff6a47cf000 r--p 00018000 103:03 6422911                   /usr/lib/jvm/java-21-openjdk/lib/libjava.so
7ff6a47cf000-7ff6a47d0000 r--p 0001d000 103:03 6422911                   /usr/lib/jvm/java-21-openjdk/lib/libjava.so
7ff6a47d0000-7ff6a47d1000 rw-p 0001e000 103:03 6422911                   /usr/lib/jvm/java-21-openjdk/lib/libjava.so
7ff6a47d1000-7ff6a47d2000 rw-p 00000000 00:00 0 
7ff6a47d2000-7ff6a47d6000 r--p 00000000 103:03 5771047                   /usr/lib/libgcc_s.so.1
7ff6a47d6000-7ff6a47fa000 r-xp 00004000 103:03 5771047                   /usr/lib/libgcc_s.so.1
7ff6a47fa000-7ff6a47fe000 r--p 00028000 103:03 5771047                   /usr/lib/libgcc_s.so.1
7ff6a47fe000-7ff6a47ff000 r--p 0002c000 103:03 5771047                   /usr/lib/libgcc_s.so.1
7ff6a47ff000-7ff6a4800000 rw-p 0002d000 103:03 5771047                   /usr/lib/libgcc_s.so.1
7ff6a4800000-7ff6a4824000 r--p 00000000 103:03 5770242                   /usr/lib/libc.so.6
7ff6a4824000-7ff6a498e000 r-xp 00024000 103:03 5770242                   /usr/lib/libc.so.6
7ff6a498e000-7ff6a4a0d000 r--p 0018e000 103:03 5770242                   /usr/lib/libc.so.6
7ff6a4a0d000-7ff6a4a11000 r--p 0020c000 103:03 5770242                   /usr/lib/libc.so.6
7ff6a4a11000-7ff6a4a13000 rw-p 00210000 103:03 5770242                   /usr/lib/libc.so.6
7ff6a4a13000-7ff6a4a1b000 rw-p 00000000 00:00 0 
7ff6a4a1b000-7ff6a4a1c000 rw-s 103f11000 00:11 1094                      anon_inode:i915.gem
7ff6a4a1c000-7ff6a4a1d000 rw-p 00000000 00:00 0 
7ff6a4a1d000-7ff6a4a1e000 rw-p 00000000 00:00 0 
7ff6a4a1e000-7ff6a4a21000 r--p 00000000 103:03 6422926                   /usr/lib/jvm/java-21-openjdk/lib/libnet.so
7ff6a4a21000-7ff6a4a29000 r-xp 00003000 103:03 6422926                   /usr/lib/jvm/java-21-openjdk/lib/libnet.so
7ff6a4a29000-7ff6a4a2b000 r--p 0000b000 103:03 6422926                   /usr/lib/jvm/java-21-openjdk/lib/libnet.so
7ff6a4a2b000-7ff6a4a2c000 r--p 0000c000 103:03 6422926                   /usr/lib/jvm/java-21-openjdk/lib/libnet.so
7ff6a4a2c000-7ff6a4a2d000 rw-p 0000d000 103:03 6422926                   /usr/lib/jvm/java-21-openjdk/lib/libnet.so
7ff6a4a2d000-7ff6a4a2e000 r--p 00000000 103:03 5770290                   /usr/lib/locale/C.utf8/LC_NUMERIC
7ff6a4a2e000-7ff6a4a2f000 r--p 00000000 103:03 5770293                   /usr/lib/locale/C.utf8/LC_TIME
7ff6a4a2f000-7ff6a4a30000 r--p 00000000 103:03 5770282                   /usr/lib/locale/C.utf8/LC_COLLATE
7ff6a4a30000-7ff6a4a31000 r--p 00000000 103:03 5770288                   /usr/lib/locale/C.utf8/LC_MONETARY
7ff6a4a31000-7ff6a4a33000 rw-p 00000000 00:00 0 
7ff6a4a33000-7ff6a4a36000 r--p 00000000 103:03 5774960                   /usr/lib/libz.so.1.3.2
7ff6a4a36000-7ff6a4a45000 r-xp 00003000 103:03 5774960                   /usr/lib/libz.so.1.3.2
7ff6a4a45000-7ff6a4a4b000 r--p 00012000 103:03 5774960                   /usr/lib/libz.so.1.3.2
7ff6a4a4b000-7ff6a4a4c000 r--p 00018000 103:03 5774960                   /usr/lib/libz.so.1.3.2
7ff6a4a4c000-7ff6a4a4d000 rw-p 00019000 103:03 5774960                   /usr/lib/libz.so.1.3.2
7ff6a4a4d000-7ff6a4a4e000 r--p 00000000 103:03 5770287                   /usr/lib/locale/C.utf8/LC_MESSAGES/SYS_LC_MESSAGES
7ff6a4a4e000-7ff6a4a4f000 r--p 00000000 103:03 5770291                   /usr/lib/locale/C.utf8/LC_PAPER
7ff6a4a4f000-7ff6a4a50000 r--p 00000000 103:03 5770289                   /usr/lib/locale/C.utf8/LC_NAME
7ff6a4a50000-7ff6a4a51000 r--p 00000000 103:03 5770281                   /usr/lib/locale/C.utf8/LC_ADDRESS
7ff6a4a51000-7ff6a4a52000 r--p 00000000 103:03 5770292                   /usr/lib/locale/C.utf8/LC_TELEPHONE
7ff6a4a52000-7ff6a4a53000 r--p 00000000 103:03 5770285                   /usr/lib/locale/C.utf8/LC_MEASUREMENT
7ff6a4a53000-7ff6a4a54000 r--p 00000000 103:03 5770284                   /usr/lib/locale/C.utf8/LC_IDENTIFICATION
7ff6a4a54000-7ff6a4a59000 rw-p 00000000 00:00 0 
7ff6a4a59000-7ff6a4a60000 ---p 00000000 00:00 0 
7ff6a4a60000-7ff6a4a68000 rw-s 00000000 103:03 524409                    /tmp/hsperfdata_oli/10637
7ff6a4a68000-7ff6a4a69000 ---p 00000000 00:00 0 
7ff6a4a69000-7ff6a4a6a000 r--p 00000000 00:00 0 
7ff6a4a6a000-7ff6a4a6b000 ---p 00000000 00:00 0 
7ff6a4a6b000-7ff6a4a6c000 r--p 00000000 103:03 6422915                   /usr/lib/jvm/java-21-openjdk/lib/libjimage.so
7ff6a4a6c000-7ff6a4a6e000 r-xp 00001000 103:03 6422915                   /usr/lib/jvm/java-21-openjdk/lib/libjimage.so
7ff6a4a6e000-7ff6a4a6f000 r--p 00003000 103:03 6422915                   /usr/lib/jvm/java-21-openjdk/lib/libjimage.so
7ff6a4a6f000-7ff6a4a70000 r--p 00004000 103:03 6422915                   /usr/lib/jvm/java-21-openjdk/lib/libjimage.so
7ff6a4a70000-7ff6a4a71000 rw-p 00005000 103:03 6422915                   /usr/lib/jvm/java-21-openjdk/lib/libjimage.so
7ff6a4a71000-7ff6a4a73000 r--p 00000000 103:03 6422916                   /usr/lib/jvm/java-21-openjdk/lib/libjli.so
7ff6a4a73000-7ff6a4a7d000 r-xp 00002000 103:03 6422916                   /usr/lib/jvm/java-21-openjdk/lib/libjli.so
7ff6a4a7d000-7ff6a4a80000 r--p 0000c000 103:03 6422916                   /usr/lib/jvm/java-21-openjdk/lib/libjli.so
7ff6a4a80000-7ff6a4a81000 r--p 0000f000 103:03 6422916                   /usr/lib/jvm/java-21-openjdk/lib/libjli.so
7ff6a4a81000-7ff6a4a82000 rw-p 00010000 103:03 6422916                   /usr/lib/jvm/java-21-openjdk/lib/libjli.so
7ff6a4a82000-7ff6a4a84000 rw-p 00000000 00:00 0 
7ff6a4a84000-7ff6a4a88000 r--p 00000000 00:00 0                          [vvar]
7ff6a4a88000-7ff6a4a8a000 r--p 00000000 00:00 0                          [vvar_vclock]
7ff6a4a8a000-7ff6a4a8c000 r-xp 00000000 00:00 0                          [vdso]
7ff6a4a8c000-7ff6a4a8d000 r--p 00000000 103:03 5770233                   /usr/lib/ld-linux-x86-64.so.2
7ff6a4a8d000-7ff6a4ab6000 r-xp 00001000 103:03 5770233                   /usr/lib/ld-linux-x86-64.so.2
7ff6a4ab6000-7ff6a4ac6000 r--p 0002a000 103:03 5770233                   /usr/lib/ld-linux-x86-64.so.2
7ff6a4ac6000-7ff6a4ac8000 r--p 0003a000 103:03 5770233                   /usr/lib/ld-linux-x86-64.so.2
7ff6a4ac8000-7ff6a4ac9000 rw-p 0003c000 103:03 5770233                   /usr/lib/ld-linux-x86-64.so.2
7ff6a4ac9000-7ff6a4aca000 rw-p 00000000 00:00 0 
7ffda68b9000-7ffda68db000 rw-p 00000000 00:00 0                          [stack]
ffffffffff600000-ffffffffff601000 --xp 00000000 00:00 0                  [vsyscall]
Total number of mappings: 483

JVMTI agents: none


VM Arguments:
jvm_args: -Dfile.encoding=UTF-8 
java_command: com.minesweeper.Main
java_class_path (initial): /home/oli/Programming/MineSweeper/target/classes:/home/oli/.m2/repository/org/lwjgl/lwjgl/3.4.1/lwjgl-3.4.1.jar:/home/oli/.m2/repository/org/lwjgl/lwjgl-freetype/3.4.1/lwjgl-freetype-3.4.1.jar:/home/oli/.m2/repository/org/lwjgl/lwjgl-glfw/3.4.1/lwjgl-glfw-3.4.1.jar:/home/oli/.m2/repository/org/lwjgl/lwjgl-nuklear/3.4.1/lwjgl-nuklear-3.4.1.jar:/home/oli/.m2/repository/org/lwjgl/lwjgl-opengl/3.4.1/lwjgl-opengl-3.4.1.jar:/home/oli/.m2/repository/org/lwjgl/lwjgl-sdl/3.4.1/lwjgl-sdl-3.4.1.jar:/home/oli/.m2/repository/org/lwjgl/lwjgl-stb/3.4.1/lwjgl-stb-3.4.1.jar:/home/oli/.m2/repository/org/lwjgl/lwjgl/3.4.1/lwjgl-3.4.1-natives-linux.jar:/home/oli/.m2/repository/org/lwjgl/lwjgl-freetype/3.4.1/lwjgl-freetype-3.4.1-natives-linux.jar:/home/oli/.m2/repository/org/lwjgl/lwjgl-glfw/3.4.1/lwjgl-glfw-3.4.1-natives-linux.jar:/home/oli/.m2/repository/org/lwjgl/lwjgl-nuklear/3.4.1/lwjgl-nuklear-3.4.1-natives-linux.jar:/home/oli/.m2/repository/org/lwjgl/lwjgl-opengl/3.4.1/lwjgl-opengl-3.4.1-natives-linux.jar:/home/oli/.m2/repository/org/lwjgl/lwjgl-sdl/3.4.1/lwjgl-sdl-3.4.1-natives-linux.jar:/home/oli/.m2/repository/org/lwjgl/lwjgl-stb/3.4.1/lwjgl-stb-3.4.1-natives-linux.jar:/home/oli/.m2/repository/org/joml/joml/1.10.8/joml-1.10.8.jar
Launcher Type: SUN_STANDARD

[Global flags]
     intx CICompilerCount                          = 4                                         {product} {ergonomic}
     uint ConcGCThreads                            = 2                                         {product} {ergonomic}
     uint G1ConcRefinementThreads                  = 8                                         {product} {ergonomic}
   size_t G1HeapRegionSize                         = 1048576                                   {product} {ergonomic}
    uintx GCDrainStackTargetSize                   = 64                                        {product} {ergonomic}
   size_t InitialHeapSize                          = 125829120                                 {product} {ergonomic}
   size_t MarkStackSize                            = 4194304                                   {product} {ergonomic}
   size_t MaxHeapSize                              = 1988100096                                {product} {ergonomic}
   size_t MaxNewSize                               = 1192230912                                {product} {ergonomic}
   size_t MinHeapDeltaBytes                        = 1048576                                   {product} {ergonomic}
   size_t MinHeapSize                              = 8388608                                   {product} {ergonomic}
    uintx NonNMethodCodeHeapSize                   = 5839372                                {pd product} {ergonomic}
    uintx NonProfiledCodeHeapSize                  = 122909434                              {pd product} {ergonomic}
    uintx ProfiledCodeHeapSize                     = 122909434                              {pd product} {ergonomic}
    uintx ReservedCodeCacheSize                    = 251658240                              {pd product} {ergonomic}
     bool SegmentedCodeCache                       = true                                      {product} {ergonomic}
   size_t SoftMaxHeapSize                          = 1988100096                             {manageable} {ergonomic}
     bool UseCompressedOops                        = true                           {product lp64_product} {ergonomic}
     bool UseG1GC                                  = true                                      {product} {ergonomic}

Logging:
Log output configuration:
 #0: stdout all=warning uptime,level,tags foldmultilines=false
 #1: stderr all=off uptime,level,tags foldmultilines=false

Release file:
IMPLEMENTOR="Artix Linux"
JAVA_RUNTIME_VERSION="21.0.11+10"
JAVA_VERSION="21.0.11"
JAVA_VERSION_DATE="2026-04-21"
LIBC="gnu"
MODULES="java.base java.compiler java.datatransfer java.xml java.prefs java.desktop java.instrument java.logging java.management java.security.sasl java.naming java.rmi java.management.rmi java.net.http java.scripting java.security.jgss java.transaction.xa java.sql java.sql.rowset java.xml.crypto java.se java.smartcardio jdk.accessibility jdk.internal.jvmstat jdk.attach jdk.charsets jdk.internal.opt jdk.zipfs jdk.compiler jdk.crypto.ec jdk.crypto.cryptoki jdk.dynalink jdk.internal.ed jdk.editpad jdk.hotspot.agent jdk.httpserver jdk.incubator.vector jdk.internal.le jdk.internal.vm.ci jdk.internal.vm.compiler jdk.internal.vm.compiler.management jdk.jartool jdk.javadoc jdk.jcmd jdk.management jdk.management.agent jdk.jconsole jdk.jdeps jdk.jdwp.agent jdk.jdi jdk.jfr jdk.jlink jdk.jpackage jdk.jshell jdk.jsobject jdk.jstatd jdk.localedata jdk.management.jfr jdk.naming.dns jdk.naming.rmi jdk.net jdk.nio.mapmode jdk.random jdk.sctp jdk.security.auth jdk.security.jgss jdk.unsupported jdk.unsupported.desktop jdk.xml.dom"
OS_ARCH="x86_64"
OS_NAME="Linux"
SOURCE=""

Environment Variables:
JAVA_HOME=/usr/lib/jvm/default
PATH=/usr/local/sbin:/usr/local/bin:/usr/bin:/usr/lib/jvm/default/bin:/usr/bin/site_perl:/usr/bin/vendor_perl:/usr/bin/core_perl
SHELL=/usr/bin/fish
DISPLAY=:1
WAYLAND_DISPLAY=wayland-0
LANG=C.UTF-8

Active Locale:
LC_ALL=C.UTF-8
LC_COLLATE=C.UTF-8
LC_CTYPE=C.UTF-8
LC_MESSAGES=C.UTF-8
LC_MONETARY=C.UTF-8
LC_NUMERIC=C.UTF-8
LC_TIME=C.UTF-8

Signal Handlers:
   SIGSEGV: 0x00007ff6a420e240 in libjvm.so+14737984, mask=11100100010111111101111111111110, flags=SA_RESTART|SA_SIGINFO, unblocked
    SIGBUS: 0x00007ff6a420e240 in libjvm.so+14737984, mask=11100100010111111101111111111110, flags=SA_RESTART|SA_SIGINFO, unblocked
    SIGFPE: 0x00007ff6a420e240 in libjvm.so+14737984, mask=11100100010111111101111111111110, flags=SA_RESTART|SA_SIGINFO, unblocked
   SIGPIPE: 0x00007ff6a4067700 in libjvm.so+13006592, mask=11100100010111111101111111111110, flags=SA_RESTART|SA_SIGINFO, blocked
   SIGXFSZ: 0x00007ff6a4067700 in libjvm.so+13006592, mask=11100100010111111101111111111110, flags=SA_RESTART|SA_SIGINFO, blocked
    SIGILL: 0x00007ff6a420e240 in libjvm.so+14737984, mask=11100100010111111101111111111110, flags=SA_RESTART|SA_SIGINFO, unblocked
   SIGUSR2: 0x00007ff6a4069020 in libjvm.so+13013024, mask=00000000000000000000000000000000, flags=SA_RESTART|SA_SIGINFO, blocked
    SIGHUP: 0x00007ff6a4066a60 in libjvm.so+13003360, mask=11100100010111111101111111111110, flags=SA_RESTART|SA_SIGINFO, blocked
    SIGINT: SIG_IGN, mask=00000000000000000000000000000000, flags=none, blocked
   SIGTERM: 0x00007ff6a4066a60 in libjvm.so+13003360, mask=11100100010111111101111111111110, flags=SA_RESTART|SA_SIGINFO, blocked
   SIGQUIT: 0x00007ff6a4066a60 in libjvm.so+13003360, mask=11100100010111111101111111111110, flags=SA_RESTART|SA_SIGINFO, blocked
   SIGTRAP: 0x00007ff6a420e240 in libjvm.so+14737984, mask=11100100010111111101111111111110, flags=SA_RESTART|SA_SIGINFO, unblocked


Periodic native trim disabled

---------------  S Y S T E M  ---------------

OS:
NAME="Artix Linux"
PRETTY_NAME="Artix Linux"
ID=artix
BUILD_ID=rolling
ANSI_COLOR="38;2;23;147;209"
HOME_URL="https://artixlinux.org/"
DOCUMENTATION_URL="https://wiki.artixlinux.org/"
SUPPORT_URL="https://forum.artixlinux.org/"
BUG_REPORT_URL="https://bugs.artixlinux.org/"
PRIVACY_POLICY_URL="https://terms.artixlinux.org/docs/privacy-policy/"
LOGO=artixlinux-logo
uname: Linux 7.0.10-artix1-1 #1 SMP PREEMPT_DYNAMIC Sat, 23 May 2026 18:01:41 +0000 x86_64
OS uptime: 0 days 5:12 hours
libc: glibc 2.43 NPTL 2.43 
rlimit (soft/hard): STACK 8192k/infinity , CORE 0k/infinity , NPROC 30192/30192 , NOFILE 4096/4096 , AS infinity/infinity , CPU infinity/infinity , DATA infinity/infinity , FSIZE infinity/infinity , MEMLOCK 8192k/8192k
load average: 1.02 1.06 0.91

/proc/meminfo:
MemTotal:        7759256 kB
MemFree:         1827112 kB
MemAvailable:    2623756 kB
Buffers:           56980 kB
Cached:          1357960 kB
SwapCached:      2136632 kB
Active:          3328072 kB
Inactive:         895472 kB
Active(anon):    3202100 kB
Inactive(anon):    28488 kB
Active(file):     125972 kB
Inactive(file):   866984 kB
Unevictable:      511048 kB
Mlocked:               0 kB
SwapTotal:      16777212 kB
SwapFree:       12566132 kB
Zswap:            717344 kB
Zswapped:        1946148 kB
Dirty:               636 kB
Writeback:             0 kB
AnonPages:       3161648 kB
Mapped:           573140 kB
Shmem:            582952 kB
KReclaimable:      57596 kB
Slab:             257460 kB
SReclaimable:      57596 kB
SUnreclaim:       199864 kB
KernelStack:       22608 kB
PageTables:        51328 kB
SecPageTables:      2056 kB
NFS_Unstable:          0 kB
Bounce:                0 kB
WritebackTmp:          0 kB
CommitLimit:    20656840 kB
Committed_AS:   15490068 kB
VmallocTotal:   34359738367 kB
VmallocUsed:       72292 kB
VmallocChunk:          0 kB
Percpu:             3072 kB
HardwareCorrupted:     0 kB
AnonHugePages:      8192 kB
ShmemHugePages:   301056 kB
ShmemPmdMapped:    10240 kB
FileHugePages:     63488 kB
FilePmdMapped:     63488 kB
CmaTotal:              0 kB
CmaFree:               0 kB
Unaccepted:            0 kB
Balloon:               0 kB
HugePages_Total:       0
HugePages_Free:        0
HugePages_Rsvd:        0
HugePages_Surp:        0
Hugepagesize:       2048 kB
Hugetlb:               0 kB
DirectMap4k:      158624 kB
DirectMap2M:     3670016 kB
DirectMap1G:     4194304 kB

/sys/kernel/mm/transparent_hugepage/enabled: [always] madvise never
/sys/kernel/mm/transparent_hugepage/hpage_pmd_size: 2097152
/sys/kernel/mm/transparent_hugepage/defrag (defrag/compaction efforts parameter): always defer defer+madvise [madvise] never

Process Memory:
Virtual Size: 5438528K (peak: 5439296K)
Resident Set Size: 146880K (peak: 146880K) (anon: 51804K, file: 95072K, shmem: 4K)
Swapped out: 0K
C-Heap outstanding allocations: 38568K, retained: 3551K
glibc malloc tunables: (default)

/proc/sys/kernel/threads-max (system-wide limit on the number of threads): 60384
/proc/sys/vm/max_map_count (maximum number of memory map areas a process may have): 1048576
/proc/sys/vm/swappiness (control to define how aggressively the kernel swaps out anonymous memory): 60
/proc/sys/kernel/pid_max (system-wide limit on number of process identifiers): 32768

container information not found.
Steal ticks since vm start: 0
Steal ticks percentage since vm start:  0.000

CPU: total 8 (initial active 8) (4 cores per cpu, 2 threads per core) family 6 model 140 stepping 1 microcode 0xa6, cx8, cmov, fxsr, ht, mmx, 3dnowpref, sse, sse2, sse3, ssse3, sse4.1, sse4.2, popcnt, lzcnt, tsc, tscinvbit, avx, avx2, aes, erms, clmul, bmi1, bmi2, adx, avx512f, avx512dq, avx512cd, avx512bw, avx512vl, sha, fma, vzeroupper, avx512_vpopcntdq, avx512_vpclmulqdq, avx512_vaes, avx512_vnni, clflush, clflushopt, clwb, avx512_vbmi2, avx512_vbmi, rdtscp, rdpid, fsrm, gfni, avx512_bitalg, f16c, pku, ospke, cet_ibt, cet_ss, avx512_ifma
CPU Model and flags from /proc/cpuinfo:
model name	: 11th Gen Intel(R) Core(TM) i7-1165G7 @ 2.80GHz
flags		: fpu vme de pse tsc msr pae mce cx8 apic sep mtrr pge mca cmov pat pse36 clflush dts acpi mmx fxsr sse sse2 ss ht tm pbe syscall nx pdpe1gb rdtscp lm constant_tsc art arch_perfmon pebs bts rep_good nopl xtopology nonstop_tsc cpuid aperfmperf tsc_known_freq pni pclmulqdq dtes64 monitor ds_cpl vmx est tm2 ssse3 sdbg fma cx16 xtpr pdcm pcid sse4_1 sse4_2 x2apic movbe popcnt tsc_deadline_timer aes xsave avx f16c rdrand lahf_lm abm 3dnowprefetch cpuid_fault epb cat_l2 cdp_l2 ssbd ibrs ibpb stibp ibrs_enhanced tpr_shadow flexpriority ept vpid ept_ad fsgsbase tsc_adjust bmi1 avx2 smep bmi2 erms invpcid rdt_a avx512f avx512dq rdseed adx smap avx512ifma clflushopt clwb intel_pt avx512cd sha_ni avx512bw avx512vl xsaveopt xsavec xgetbv1 xsaves split_lock_detect user_shstk dtherm ida arat pln pts hwp hwp_notify hwp_act_window hwp_epp hwp_pkg_req vnmi avx512vbmi umip pku ospke avx512_vbmi2 gfni vaes vpclmulqdq avx512_vnni avx512_bitalg avx512_vpopcntdq rdpid movdiri movdir64b fsrm avx512_vp2intersect md_clear ibt flush_l1d arch_capabilities

Online cpus: 0-7
Offline cpus: 
BIOS frequency limitation: <Not Available>
Frequency switch latency (ns): 0
Available cpu frequencies: <Not Available>
Current governor: powersave
Core performance/turbo boost: <Not Available>

Memory: 4k page, physical 7759256k(2625804k free), swap 16777212k(12566132k free)
Page Sizes: 4k

vm_info: OpenJDK 64-Bit Server VM (21.0.11+10) for linux-amd64 JRE (21.0.11+10), built on 2026-04-24T10:43:20Z by "builduser" with gcc 15.2.1 20260209

END.
