#
# A fatal error has been detected by the Java Runtime Environment:
#
#  SIGSEGV (0xb) at pc=0x00007f335d2496ed, pid=7753, tid=7754
#
# JRE version: OpenJDK Runtime Environment (21.0.11+10) (build 21.0.11+10)
# Java VM: OpenJDK 64-Bit Server VM (21.0.11+10, mixed mode, sharing, tiered, compressed oops, compressed class ptrs, g1 gc, linux-amd64)
# Problematic frame:
# C  [libSDL3.so+0x496ed]
#
# No core dump will be written. Core dumps have been disabled. To enable core dumping, try "ulimit -c unlimited" before starting Java again
#
# If you would like to submit a bug report, please visit:
#   https://bugreport.java.com/bugreport/crash.jsp
# The crash happened outside the Java Virtual Machine in native code.
# See problematic frame for where to report the bug.
#

---------------  S U M M A R Y ------------

Command Line: -Dfile.encoding=UTF-8 com.minesweeper.Main

Host: 11th Gen Intel(R) Core(TM) i7-1165G7 @ 2.80GHz, 8 cores, 7G, Artix Linux
Time: Tue Jun 16 13:09:08 2026 NZST elapsed time: 0.978358 seconds (0d 0h 0m 0s)

---------------  T H R E A D  ---------------

Current thread (0x00007f3384019ca0):  JavaThread "main"             [_thread_in_native, id=7754, stack(0x00007f338c500000,0x00007f338c600000) (1024K)]

Stack: [0x00007f338c500000,0x00007f338c600000],  sp=0x00007f338c5fe728,  free space=1017k
Native frames: (J=compiled Java code, j=interpreted, Vv=VM code, C=native code)
C  [libSDL3.so+0x496ed]
j  org.lwjgl.sdl.SDLMouse.nSDL_GetMouseState(JJ)I+9
j  org.lwjgl.sdl.SDLMouse.SDL_GetMouseState(Ljava/nio/FloatBuffer;Ljava/nio/FloatBuffer;)I+24
j  com.minesweeper.Main.init()V+188
j  com.minesweeper.Main.main([Ljava/lang/String;)V+8
v  ~StubRoutines::call_stub 0x00007f3373937cc6
V  [libjvm.so+0x6c776a]
V  [libjvm.so+0x777356]
V  [libjvm.so+0x779ca5]
C  [libjli.so+0x4db5]
C  [libjli.so+0x7e6e]
Java frames: (J=compiled Java code, j=interpreted, Vv=VM code)
j  org.lwjgl.system.JNI.invokePPI(JJJ)I+0
j  org.lwjgl.sdl.SDLMouse.nSDL_GetMouseState(JJ)I+9
j  org.lwjgl.sdl.SDLMouse.SDL_GetMouseState(Ljava/nio/FloatBuffer;Ljava/nio/FloatBuffer;)I+24
j  com.minesweeper.Main.init()V+188
j  com.minesweeper.Main.main([Ljava/lang/String;)V+8
v  ~StubRoutines::call_stub 0x00007f3373937cc6

siginfo: si_signo: 11 (SIGSEGV), si_code: 1 (SEGV_MAPERR), si_addr: 0x0000000000000010

Registers:
RAX=0x00007f335d87fbe0, RBX=0x00007f330b480140, RCX=0x0000000000000010, RDX=0x0000000000000010
RSP=0x00007f338c5fe728, RBP=0x00007f338c5fe7a8, RSI=0x0000000000000010, RDI=0x0000000000000010
R8 =0x00007f335d23a1b0, R9 =0x00007f33841cd560, R10=0x00007f3373943a91, R11=0x0000000090b46f78
R12=0x0000000000000000, R13=0x00007f330b480140, R14=0x00007f338c5fe7f0, R15=0x00007f3384019ca0
RIP=0x00007f335d2496ed, EFLAGS=0x0000000000210202, CSGSFS=0x002b000000000033, ERR=0x0000000000000006
  TRAPNO=0x000000000000000e

XMM[0]=0x0000000000000000 0x00000000431b5300
XMM[1]=0xc300007f3373940f 0xd5b848d8468b4de8
XMM[2]=0x00007f338401a400 0x00007f338401a3f0
XMM[3]=0x0000000000013700 0x39000c004a4a4a5f
XMM[4]=0x0000000000000601 0x7465475f4c445311
XMM[5]=0x0000000000000000 0x00007f338401b6a4
XMM[6]=0x0000000000000000 0x00007f331001e098
XMM[7]=0x0000000000000000 0x00007f331001e098
XMM[8]=0x0000000000000000 0x01b3f322a8150760
XMM[9]=0x0000000000000000 0x438dbbfb409d82e7
XMM[10]=0x0000000000000000 0x00000000fd0fc6ec
XMM[11]=0x0000000000000000 0x6e4f296faeecac56
XMM[12]=0x0000000000000000 0x00000000409d82e7
XMM[13]=0x0000000000000000 0x00c0000000c00000
XMM[14]=0x0000000000000000 0x0000000300000003
XMM[15]=0x0000000000000000 0x000000c0000000c0
  MXCSR=0x00001fa2


Register to memory mapping:

RAX=0x00007f335d87fbe0: Java_org_lwjgl_system_JNI_invokePPI__JJJ+0x0000000000000000 in /tmp/lwjgl_oli/3.4.1+2/x64/liblwjgl.so at 0x00007f335d87e000
RBX={method} {0x00007f330b480140} 'invokePPI' '(JJJ)I' in 'org/lwjgl/system/JNI'
RCX=0x0000000000000010 is an unknown value
RDX=0x0000000000000010 is an unknown value
RSP=0x00007f338c5fe728 is pointing into the stack for thread: 0x00007f3384019ca0
RBP=0x00007f338c5fe7a8 is pointing into the stack for thread: 0x00007f3384019ca0
RSI=0x0000000000000010 is an unknown value
RDI=0x0000000000000010 is an unknown value
R8 =0x00007f335d23a1b0: SDL_GetMouseState+0x0000000000000000 in /tmp/lwjgl_oli/3.4.1+2/x64/libSDL3.so at 0x00007f335d200000
R9 =0x00007f33841cd560 points into unknown readable memory: 0x00007f330b4011c8 | c8 11 40 0b 33 7f 00 00
R10=0x00007f3373943a91 is at code_begin+1009 in an Interpreter codelet
native method entry point (kind = native)  [0x00007f33739436a0, 0x00007f3373944210]  2928 bytes
R11=0x0000000090b46f78 is an oop: java.lang.Class 
{0x0000000090b46f78} - klass: 'java/lang/Class'
 - ---- fields (total size 14 words):
 - private volatile transient 'classRedefinedCount' 'I' @12  0 (0x00000000)
 - injected 'klass' 'J' @16  139857288550056 (0x00007f331000d6a8)
 - injected 'array_klass' 'J' @24  0 (0x0000000000000000)
 - injected 'oop_size' 'I' @32  14 (0x0000000e)
 - injected 'static_oop_field_count' 'I' @36  0 (0x00000000)
 - private volatile transient 'cachedConstructor' 'Ljava/lang/reflect/Constructor;' @40  null (0x00000000)
 - private transient 'name' 'Ljava/lang/String;' @44  "org.lwjgl.system.JNI"{0x0000000090b46ff8} (0x90b46ff8)
 - private transient 'module' 'Ljava/lang/Module;' @48  a 'java/lang/Module'{0x00000000ffeecf10} (0xffeecf10)
 - private final 'classLoader' 'Ljava/lang/ClassLoader;' @52  a 'jdk/internal/loader/ClassLoaders$AppClassLoader'{0x00000000ffeecea8} (0xffeecea8)
 - private transient 'classData' 'Ljava/lang/Object;' @56  null (0x00000000)
 - private transient 'packageName' 'Ljava/lang/String;' @60  "org.lwjgl.system"{0x0000000090e7db00} (0x90e7db00)
 - private final 'componentType' 'Ljava/lang/Class;' @64  null (0x00000000)
 - private volatile transient 'reflectionData' 'Ljava/lang/ref/SoftReference;' @68  null (0x00000000)
 - private volatile transient 'genericInfo' 'Lsun/reflect/generics/repository/ClassRepository;' @72  null (0x00000000)
 - private volatile transient 'enumConstants' '[Ljava/lang/Object;' @76  null (0x00000000)
 - private volatile transient 'enumConstantDirectory' 'Ljava/util/Map;' @80  null (0x00000000)
 - private volatile transient 'annotationData' 'Ljava/lang/Class$AnnotationData;' @84  null (0x00000000)
 - private volatile transient 'annotationType' 'Lsun/reflect/annotation/AnnotationType;' @88  null (0x00000000)
 - transient 'classValueMap' 'Ljava/lang/ClassValue$ClassValueMap;' @92  null (0x00000000)
 - injected 'protection_domain' 'Ljava/lang/Object;' @96  a 'java/security/ProtectionDomain'{0x0000000090e81a10} (0x90e81a10)
 - injected 'signers_name' 'Ljava/lang/Object;' @100  null (0x00000000)
 - injected 'source_file' 'Ljava/lang/Object;' @104  null (0x00000000)
 - injected '<init_lock>' 'Ljava/lang/Object;' @108  null (0x00000000)
 - signature: Lorg/lwjgl/system/JNI;
 - ---- static fields (0):
R12=0x0 is null
R13={method} {0x00007f330b480140} 'invokePPI' '(JJJ)I' in 'org/lwjgl/system/JNI'
R14=0x00007f338c5fe7f0 is pointing into the stack for thread: 0x00007f3384019ca0
R15=0x00007f3384019ca0 is a thread

Top of Stack: (sp=0x00007f338c5fe728)
0x00007f338c5fe728:   00007f3373943ac0 00007f330b480140   .:.s3...@.H.3...
0x00007f338c5fe738:   0000000000000000 00007f338c5fe7a8   .........._.3...
0x00007f338c5fe748:   00007f3373943797 00007f337393ea90   .7.s3......s3...
0x00007f338c5fe758:   00007f337394375f 00007f338c5fe760   _7.s3...`._.3...
0x00007f338c5fe768:   00007f330b480140 0000000000000009   @.H.3...........
0x00007f338c5fe778:   00007f330b4c3d30 0000000000000000   0=L.3...........
0x00007f338c5fe788:   0000000090b46f78 00007f330b480140   xo......@.H.3...
0x00007f338c5fe798:   0000000000000000 00007f338c5fe7c8   .........._.3...
0x00007f338c5fe7a8:   00007f338c5fe840 00007f337393f2a8   @._.3......s3...
0x00007f338c5fe7b8:   0000000090b46f78 00007f3373940fd5   xo.........s3...
0x00007f338c5fe7c8:   00007f335d23a1b0 0000000000000000   ..#]3...........
0x00007f338c5fe7d8:   0000000000000010 0000000000000000   ................
0x00007f338c5fe7e8:   0000000000000010 0000000000000000   ................
0x00007f338c5fe7f8:   00007f338c5fe7f8 00007f330b5c6659   .._.3...Yf\.3...
0x00007f338c5fe808:   0000000000000007 00007f330b5c83a0   ..........\.3...
0x00007f338c5fe818:   0000000000000000 00000000908370e8   .........p......
0x00007f338c5fe828:   00007f330b5c6690 00007f338c5fe7c8   .f\.3....._.3...
0x00007f338c5fe838:   00007f338c5fe860 00007f338c5fe8c8   `._.3....._.3...
0x00007f338c5fe848:   00007f337393f2a8 00007f335d23a1b0   ...s3.....#]3...
0x00007f338c5fe858:   0000000000000000 0000000000000010   ................
0x00007f338c5fe868:   0000000000000000 0000000000000010   ................
0x00007f338c5fe878:   0000000000000000 00007f338c5fe880   .........._.3...
0x00007f338c5fe888:   00007f330b5c6738 0000000000000003   8g\.3...........
0x00007f338c5fe898:   00007f330b5c83a0 0000000000000000   ..\.3...........
0x00007f338c5fe8a8:   00000000908370e8 00007f330b5c6778   .p......xg\.3...
0x00007f338c5fe8b8:   00007f338c5fe860 00007f338c5fe8d8   `._.3....._.3...
0x00007f338c5fe8c8:   00007f338c5fe930 00007f337393f2a8   0._.3......s3...
0x00007f338c5fe8d8:   000000009082e040 000000009082dfe8   @...............
0x00007f338c5fe8e8:   00007f338c5fe8e8 00007f330b401314   .._.3.....@.3...
0x00007f338c5fe8f8:   0000000000000009 00007f330b402000   ......... @.3...
0x00007f338c5fe908:   00007f330b5c0798 0000000090f18ee8   ..\.3...........
0x00007f338c5fe918:   00007f330b4014f0 00007f338c5fe8d8   ..@.3....._.3...

Instructions: (pc=0x00007f335d2496ed)
0x00007f335d2495ed:   83 c4 18 c3 0f 1f 80 00 00 00 00 48 8b 3d 19 cb
0x00007f335d2495fd:   38 00 48 85 ff 74 da 48 8b 07 48 85 c0 74 0c 48
0x00007f335d24960d:   63 50 0c 48 8b 40 10 48 8b 3c d0 48 8b 05 f9 c9
0x00007f335d24961d:   38 00 48 85 c0 74 c8 48 83 c4 18 ff e0 66 0f 1f
0x00007f335d24962d:   44 00 00 80 3d 8a ca 38 00 00 48 8b 3d e2 ca 38
0x00007f335d24963d:   00 74 bf 80 3d 7c ca 38 00 00 74 b6 31 ff eb 93
0x00007f335d24964d:   0f 1f 00 c3 66 66 2e 0f 1f 84 00 00 00 00 00 0f
0x00007f335d24965d:   1f 40 00 48 85 ff 74 3b b8 01 00 00 00 f6 47 49
0x00007f335d24966d:   40 75 32 66 0f ef d2 31 c0 0f 2f d0 77 27 0f 2f
0x00007f335d24967d:   d1 77 22 66 0f ef d2 f3 0f 2a 57 20 0f 2f c2 73
0x00007f335d24968d:   14 66 0f ef c0 f3 0f 2a 47 24 0f 2f c8 0f 92 c0
0x00007f335d24969d:   c3 66 90 31 c0 c3 66 66 2e 0f 1f 84 00 00 00 00
0x00007f335d2496ad:   00 66 90 80 3d 0a ca 38 00 00 75 17 48 89 3d a8
0x00007f335d2496bd:   c9 38 00 b8 01 00 00 00 48 89 35 a4 c9 38 00 c3
0x00007f335d2496cd:   0f 1f 00 48 8d 3d f1 bc 2c 00 31 c0 e9 32 9a fb
0x00007f335d2496dd:   ff 66 90 48 85 ff 74 0c f3 0f 10 05 a3 c9 38 00
0x00007f335d2496ed:   f3 0f 11 07 48 85 f6 74 0c f3 0f 10 05 96 c9 38
0x00007f335d2496fd:   00 f3 0f 11 06 48 63 15 f7 c9 38 00 85 d2 7e 44
0x00007f335d24970d:   48 8b 3d f4 c9 38 00 48 8d 34 52 31 d2 48 8d 47
0x00007f335d24971d:   04 48 8d 0c f0 83 e6 01 74 19 8b 10 48 8d 47 1c
0x00007f335d24972d:   48 39 c1 74 1c 66 66 2e 0f 1f 84 00 00 00 00 00
0x00007f335d24973d:   0f 1f 00 0b 10 48 83 c0 30 0b 50 e8 48 39 c1 75
0x00007f335d24974d:   f2 89 d0 c3 31 d2 eb f9 66 66 2e 0f 1f 84 00 00
0x00007f335d24975d:   00 00 00 48 85 ff 74 0c f3 0f 10 05 2b c9 38 00
0x00007f335d24976d:   f3 0f 11 07 48 85 f6 74 0c f3 0f 10 05 1e c9 38
0x00007f335d24977d:   00 f3 0f 11 06 48 63 15 77 c9 38 00 48 c7 05 04
0x00007f335d24978d:   c9 38 00 00 00 00 00 85 d2 7e 39 48 8b 3d 69 c9
0x00007f335d24979d:   38 00 48 8d 34 52 31 d2 48 8d 47 04 48 8d 0c f0
0x00007f335d2497ad:   83 e6 01 74 0e 8b 10 48 8d 47 1c 48 39 c1 74 11
0x00007f335d2497bd:   0f 1f 00 0b 10 48 83 c0 30 0b 50 e8 48 39 c1 75
0x00007f335d2497cd:   f2 89 d0 c3 31 d2 eb f9 66 66 2e 0f 1f 84 00 00
0x00007f335d2497dd:   00 00 00 48 83 3d 68 c8 38 00 00 74 36 48 83 ec


Stack slot to memory mapping:

stack at sp + 0 slots: 0x00007f3373943ac0 is at code_begin+1056 in an Interpreter codelet
native method entry point (kind = native)  [0x00007f33739436a0, 0x00007f3373944210]  2928 bytes
stack at sp + 1 slots: {method} {0x00007f330b480140} 'invokePPI' '(JJJ)I' in 'org/lwjgl/system/JNI'
stack at sp + 2 slots: 0x0 is null
stack at sp + 3 slots: 0x00007f338c5fe7a8 is pointing into the stack for thread: 0x00007f3384019ca0
stack at sp + 4 slots: 0x00007f3373943797 is at code_begin+247 in an Interpreter codelet
native method entry point (kind = native)  [0x00007f33739436a0, 0x00007f3373944210]  2928 bytes
stack at sp + 5 slots: 0x00007f337393ea90 is at code_begin+-112 in 
[CodeBlob (0x00007f337393ea90)]
Framesize: 0
BufferBlob (0x00007f337393ea90) used for Interpreter
stack at sp + 6 slots: 0x00007f337394375f is at code_begin+191 in an Interpreter codelet
native method entry point (kind = native)  [0x00007f33739436a0, 0x00007f3373944210]  2928 bytes
stack at sp + 7 slots: 0x00007f338c5fe760 is pointing into the stack for thread: 0x00007f3384019ca0


---------------  P R O C E S S  ---------------

Threads class SMR info:
_java_thread_list=0x00007f32e0000bf0, length=10, elements={
0x00007f3384019ca0, 0x00007f338414c200, 0x00007f338416d190, 0x00007f338416e240,
0x00007f338416f890, 0x00007f3384170e40, 0x00007f3384172990, 0x00007f3384174060,
0x00007f3384180470, 0x00007f3384183510
}

Java Threads: ( => current thread )
=>0x00007f3384019ca0 JavaThread "main"                              [_thread_in_native, id=7754, stack(0x00007f338c500000,0x00007f338c600000) (1024K)]
  0x00007f338414c200 JavaThread "Reference Handler"          daemon [_thread_blocked, id=7766, stack(0x00007f3388062000,0x00007f3388162000) (1024K)]
  0x00007f338416d190 JavaThread "Finalizer"                  daemon [_thread_blocked, id=7767, stack(0x00007f3383f00000,0x00007f3384000000) (1024K)]
  0x00007f338416e240 JavaThread "Signal Dispatcher"          daemon [_thread_blocked, id=7768, stack(0x00007f336c300000,0x00007f336c400000) (1024K)]
  0x00007f338416f890 JavaThread "Service Thread"             daemon [_thread_blocked, id=7769, stack(0x00007f336c1ff000,0x00007f336c2ff000) (1024K)]
  0x00007f3384170e40 JavaThread "Monitor Deflation Thread"   daemon [_thread_blocked, id=7770, stack(0x00007f336c0fe000,0x00007f336c1fe000) (1024K)]
  0x00007f3384172990 JavaThread "C2 CompilerThread0"         daemon [_thread_blocked, id=7771, stack(0x00007f335df00000,0x00007f335e000000) (1024K)]
  0x00007f3384174060 JavaThread "C1 CompilerThread0"         daemon [_thread_blocked, id=7772, stack(0x00007f335db00000,0x00007f335dc00000) (1024K)]
  0x00007f3384180470 JavaThread "Notification Thread"        daemon [_thread_blocked, id=7773, stack(0x00007f335d9ff000,0x00007f335daff000) (1024K)]
  0x00007f3384183510 JavaThread "Common-Cleaner"             daemon [_thread_blocked, id=7774, stack(0x00007f335d8fe000,0x00007f335d9fe000) (1024K)]
Total: 10

Other Threads:
  0x00007f338413d6c0 VMThread "VM Thread"                           [id=7763, stack(0x00007f33881be000,0x00007f33882be000) (1024K)]
  0x00007f338412ba00 WatcherThread "VM Periodic Task Thread"        [id=7761, stack(0x00007f33882bf000,0x00007f33883bf000) (1024K)]
  0x00007f338406f1c0 WorkerThread "GC Thread#0"                     [id=7755, stack(0x00007f33890e9000,0x00007f33891e9000) (1024K)]
  0x00007f338407f4f0 ConcurrentGCThread "G1 Main Marker"            [id=7756, stack(0x00007f3388fe8000,0x00007f33890e8000) (1024K)]
  0x00007f33840804a0 WorkerThread "G1 Conc#0"                       [id=7757, stack(0x00007f3388ee7000,0x00007f3388fe7000) (1024K)]
  0x00007f338410fe40 ConcurrentGCThread "G1 Refine#0"               [id=7758, stack(0x00007f33885de000,0x00007f33886de000) (1024K)]
  0x00007f3384110e10 ConcurrentGCThread "G1 Service"                [id=7759, stack(0x00007f33884dd000,0x00007f33885dd000) (1024K)]
Total: 7

Threads with active compile tasks:
Total: 0

VM state: not at safepoint (normal execution)

VM Mutex/Monitor currently owned by a thread: None

Heap address: 0x0000000089800000, size: 1896 MB, Compressed Oops mode: 32-bit

CDS archive(s) mapped at: [0x00007f330f000000-0x00007f330fc9b000-0x00007f330fc9b000), size 13217792, SharedBaseAddress: 0x00007f330f000000, ArchiveRelocationMode: 1.
Compressed class space mapped at: 0x00007f3310000000-0x00007f3350000000, reserved size: 1073741824
Narrow klass base: 0x00007f330f000000, Narrow klass shift: 0, Narrow klass range: 0x100000000

GC Precious Log:
 CardTable entry size: 512
 Card Set container configuration: InlinePtr #cards 5 size 8 Array Of Cards #cards 12 size 40 Howl #buckets 4 coarsen threshold 1843 Howl Bitmap #cards 512 size 80 coarsen threshold 460 Card regions per heap region 1 cards per card region 2048
 CPUs: 8 total, 8 available
 Memory: 7577M
 Large Page Support: Disabled
 NUMA Support: Disabled
 Compressed Oops: Enabled (32-bit)
 Heap Region Size: 1M
 Heap Min Capacity: 8M
 Heap Initial Capacity: 120M
 Heap Max Capacity: 1896M
 Pre-touch: Disabled
 Parallel Workers: 8
 Concurrent Workers: 2
 Concurrent Refinement Workers: 8
 Periodic GC: Disabled

Heap:
 garbage-first heap   total 124928K, used 7217K [0x0000000089800000, 0x0000000100000000)
  region size 1024K, 8 young (8192K), 0 survivors (0K)
 Metaspace       used 3634K, committed 3840K, reserved 1114112K
  class space    used 227K, committed 320K, reserved 1048576K

Heap Regions: E=young(eden), S=young(survivor), O=old, HS=humongous(starts), HC=humongous(continues), CS=collection set, F=free, TAMS=top-at-mark-start, PB=parsable bottom
|   0|0x0000000089800000, 0x0000000089800000, 0x0000000089900000|  0%| F|  |TAMS 0x0000000089800000| PB 0x0000000089800000| Untracked 
|   1|0x0000000089900000, 0x0000000089900000, 0x0000000089a00000|  0%| F|  |TAMS 0x0000000089900000| PB 0x0000000089900000| Untracked 
|   2|0x0000000089a00000, 0x0000000089a00000, 0x0000000089b00000|  0%| F|  |TAMS 0x0000000089a00000| PB 0x0000000089a00000| Untracked 
|   3|0x0000000089b00000, 0x0000000089b00000, 0x0000000089c00000|  0%| F|  |TAMS 0x0000000089b00000| PB 0x0000000089b00000| Untracked 
|   4|0x0000000089c00000, 0x0000000089c00000, 0x0000000089d00000|  0%| F|  |TAMS 0x0000000089c00000| PB 0x0000000089c00000| Untracked 
|   5|0x0000000089d00000, 0x0000000089d00000, 0x0000000089e00000|  0%| F|  |TAMS 0x0000000089d00000| PB 0x0000000089d00000| Untracked 
|   6|0x0000000089e00000, 0x0000000089e00000, 0x0000000089f00000|  0%| F|  |TAMS 0x0000000089e00000| PB 0x0000000089e00000| Untracked 
|   7|0x0000000089f00000, 0x0000000089f00000, 0x000000008a000000|  0%| F|  |TAMS 0x0000000089f00000| PB 0x0000000089f00000| Untracked 
|   8|0x000000008a000000, 0x000000008a000000, 0x000000008a100000|  0%| F|  |TAMS 0x000000008a000000| PB 0x000000008a000000| Untracked 
|   9|0x000000008a100000, 0x000000008a100000, 0x000000008a200000|  0%| F|  |TAMS 0x000000008a100000| PB 0x000000008a100000| Untracked 
|  10|0x000000008a200000, 0x000000008a200000, 0x000000008a300000|  0%| F|  |TAMS 0x000000008a200000| PB 0x000000008a200000| Untracked 
|  11|0x000000008a300000, 0x000000008a300000, 0x000000008a400000|  0%| F|  |TAMS 0x000000008a300000| PB 0x000000008a300000| Untracked 
|  12|0x000000008a400000, 0x000000008a400000, 0x000000008a500000|  0%| F|  |TAMS 0x000000008a400000| PB 0x000000008a400000| Untracked 
|  13|0x000000008a500000, 0x000000008a500000, 0x000000008a600000|  0%| F|  |TAMS 0x000000008a500000| PB 0x000000008a500000| Untracked 
|  14|0x000000008a600000, 0x000000008a600000, 0x000000008a700000|  0%| F|  |TAMS 0x000000008a600000| PB 0x000000008a600000| Untracked 
|  15|0x000000008a700000, 0x000000008a700000, 0x000000008a800000|  0%| F|  |TAMS 0x000000008a700000| PB 0x000000008a700000| Untracked 
|  16|0x000000008a800000, 0x000000008a800000, 0x000000008a900000|  0%| F|  |TAMS 0x000000008a800000| PB 0x000000008a800000| Untracked 
|  17|0x000000008a900000, 0x000000008a900000, 0x000000008aa00000|  0%| F|  |TAMS 0x000000008a900000| PB 0x000000008a900000| Untracked 
|  18|0x000000008aa00000, 0x000000008aa00000, 0x000000008ab00000|  0%| F|  |TAMS 0x000000008aa00000| PB 0x000000008aa00000| Untracked 
|  19|0x000000008ab00000, 0x000000008ab00000, 0x000000008ac00000|  0%| F|  |TAMS 0x000000008ab00000| PB 0x000000008ab00000| Untracked 
|  20|0x000000008ac00000, 0x000000008ac00000, 0x000000008ad00000|  0%| F|  |TAMS 0x000000008ac00000| PB 0x000000008ac00000| Untracked 
|  21|0x000000008ad00000, 0x000000008ad00000, 0x000000008ae00000|  0%| F|  |TAMS 0x000000008ad00000| PB 0x000000008ad00000| Untracked 
|  22|0x000000008ae00000, 0x000000008ae00000, 0x000000008af00000|  0%| F|  |TAMS 0x000000008ae00000| PB 0x000000008ae00000| Untracked 
|  23|0x000000008af00000, 0x000000008af00000, 0x000000008b000000|  0%| F|  |TAMS 0x000000008af00000| PB 0x000000008af00000| Untracked 
|  24|0x000000008b000000, 0x000000008b000000, 0x000000008b100000|  0%| F|  |TAMS 0x000000008b000000| PB 0x000000008b000000| Untracked 
|  25|0x000000008b100000, 0x000000008b100000, 0x000000008b200000|  0%| F|  |TAMS 0x000000008b100000| PB 0x000000008b100000| Untracked 
|  26|0x000000008b200000, 0x000000008b200000, 0x000000008b300000|  0%| F|  |TAMS 0x000000008b200000| PB 0x000000008b200000| Untracked 
|  27|0x000000008b300000, 0x000000008b300000, 0x000000008b400000|  0%| F|  |TAMS 0x000000008b300000| PB 0x000000008b300000| Untracked 
|  28|0x000000008b400000, 0x000000008b400000, 0x000000008b500000|  0%| F|  |TAMS 0x000000008b400000| PB 0x000000008b400000| Untracked 
|  29|0x000000008b500000, 0x000000008b500000, 0x000000008b600000|  0%| F|  |TAMS 0x000000008b500000| PB 0x000000008b500000| Untracked 
|  30|0x000000008b600000, 0x000000008b600000, 0x000000008b700000|  0%| F|  |TAMS 0x000000008b600000| PB 0x000000008b600000| Untracked 
|  31|0x000000008b700000, 0x000000008b700000, 0x000000008b800000|  0%| F|  |TAMS 0x000000008b700000| PB 0x000000008b700000| Untracked 
|  32|0x000000008b800000, 0x000000008b800000, 0x000000008b900000|  0%| F|  |TAMS 0x000000008b800000| PB 0x000000008b800000| Untracked 
|  33|0x000000008b900000, 0x000000008b900000, 0x000000008ba00000|  0%| F|  |TAMS 0x000000008b900000| PB 0x000000008b900000| Untracked 
|  34|0x000000008ba00000, 0x000000008ba00000, 0x000000008bb00000|  0%| F|  |TAMS 0x000000008ba00000| PB 0x000000008ba00000| Untracked 
|  35|0x000000008bb00000, 0x000000008bb00000, 0x000000008bc00000|  0%| F|  |TAMS 0x000000008bb00000| PB 0x000000008bb00000| Untracked 
|  36|0x000000008bc00000, 0x000000008bc00000, 0x000000008bd00000|  0%| F|  |TAMS 0x000000008bc00000| PB 0x000000008bc00000| Untracked 
|  37|0x000000008bd00000, 0x000000008bd00000, 0x000000008be00000|  0%| F|  |TAMS 0x000000008bd00000| PB 0x000000008bd00000| Untracked 
|  38|0x000000008be00000, 0x000000008be00000, 0x000000008bf00000|  0%| F|  |TAMS 0x000000008be00000| PB 0x000000008be00000| Untracked 
|  39|0x000000008bf00000, 0x000000008bf00000, 0x000000008c000000|  0%| F|  |TAMS 0x000000008bf00000| PB 0x000000008bf00000| Untracked 
|  40|0x000000008c000000, 0x000000008c000000, 0x000000008c100000|  0%| F|  |TAMS 0x000000008c000000| PB 0x000000008c000000| Untracked 
|  41|0x000000008c100000, 0x000000008c100000, 0x000000008c200000|  0%| F|  |TAMS 0x000000008c100000| PB 0x000000008c100000| Untracked 
|  42|0x000000008c200000, 0x000000008c200000, 0x000000008c300000|  0%| F|  |TAMS 0x000000008c200000| PB 0x000000008c200000| Untracked 
|  43|0x000000008c300000, 0x000000008c300000, 0x000000008c400000|  0%| F|  |TAMS 0x000000008c300000| PB 0x000000008c300000| Untracked 
|  44|0x000000008c400000, 0x000000008c400000, 0x000000008c500000|  0%| F|  |TAMS 0x000000008c400000| PB 0x000000008c400000| Untracked 
|  45|0x000000008c500000, 0x000000008c500000, 0x000000008c600000|  0%| F|  |TAMS 0x000000008c500000| PB 0x000000008c500000| Untracked 
|  46|0x000000008c600000, 0x000000008c600000, 0x000000008c700000|  0%| F|  |TAMS 0x000000008c600000| PB 0x000000008c600000| Untracked 
|  47|0x000000008c700000, 0x000000008c700000, 0x000000008c800000|  0%| F|  |TAMS 0x000000008c700000| PB 0x000000008c700000| Untracked 
|  48|0x000000008c800000, 0x000000008c800000, 0x000000008c900000|  0%| F|  |TAMS 0x000000008c800000| PB 0x000000008c800000| Untracked 
|  49|0x000000008c900000, 0x000000008c900000, 0x000000008ca00000|  0%| F|  |TAMS 0x000000008c900000| PB 0x000000008c900000| Untracked 
|  50|0x000000008ca00000, 0x000000008ca00000, 0x000000008cb00000|  0%| F|  |TAMS 0x000000008ca00000| PB 0x000000008ca00000| Untracked 
|  51|0x000000008cb00000, 0x000000008cb00000, 0x000000008cc00000|  0%| F|  |TAMS 0x000000008cb00000| PB 0x000000008cb00000| Untracked 
|  52|0x000000008cc00000, 0x000000008cc00000, 0x000000008cd00000|  0%| F|  |TAMS 0x000000008cc00000| PB 0x000000008cc00000| Untracked 
|  53|0x000000008cd00000, 0x000000008cd00000, 0x000000008ce00000|  0%| F|  |TAMS 0x000000008cd00000| PB 0x000000008cd00000| Untracked 
|  54|0x000000008ce00000, 0x000000008ce00000, 0x000000008cf00000|  0%| F|  |TAMS 0x000000008ce00000| PB 0x000000008ce00000| Untracked 
|  55|0x000000008cf00000, 0x000000008cf00000, 0x000000008d000000|  0%| F|  |TAMS 0x000000008cf00000| PB 0x000000008cf00000| Untracked 
|  56|0x000000008d000000, 0x000000008d000000, 0x000000008d100000|  0%| F|  |TAMS 0x000000008d000000| PB 0x000000008d000000| Untracked 
|  57|0x000000008d100000, 0x000000008d100000, 0x000000008d200000|  0%| F|  |TAMS 0x000000008d100000| PB 0x000000008d100000| Untracked 
|  58|0x000000008d200000, 0x000000008d200000, 0x000000008d300000|  0%| F|  |TAMS 0x000000008d200000| PB 0x000000008d200000| Untracked 
|  59|0x000000008d300000, 0x000000008d300000, 0x000000008d400000|  0%| F|  |TAMS 0x000000008d300000| PB 0x000000008d300000| Untracked 
|  60|0x000000008d400000, 0x000000008d400000, 0x000000008d500000|  0%| F|  |TAMS 0x000000008d400000| PB 0x000000008d400000| Untracked 
|  61|0x000000008d500000, 0x000000008d500000, 0x000000008d600000|  0%| F|  |TAMS 0x000000008d500000| PB 0x000000008d500000| Untracked 
|  62|0x000000008d600000, 0x000000008d600000, 0x000000008d700000|  0%| F|  |TAMS 0x000000008d600000| PB 0x000000008d600000| Untracked 
|  63|0x000000008d700000, 0x000000008d700000, 0x000000008d800000|  0%| F|  |TAMS 0x000000008d700000| PB 0x000000008d700000| Untracked 
|  64|0x000000008d800000, 0x000000008d800000, 0x000000008d900000|  0%| F|  |TAMS 0x000000008d800000| PB 0x000000008d800000| Untracked 
|  65|0x000000008d900000, 0x000000008d900000, 0x000000008da00000|  0%| F|  |TAMS 0x000000008d900000| PB 0x000000008d900000| Untracked 
|  66|0x000000008da00000, 0x000000008da00000, 0x000000008db00000|  0%| F|  |TAMS 0x000000008da00000| PB 0x000000008da00000| Untracked 
|  67|0x000000008db00000, 0x000000008db00000, 0x000000008dc00000|  0%| F|  |TAMS 0x000000008db00000| PB 0x000000008db00000| Untracked 
|  68|0x000000008dc00000, 0x000000008dc00000, 0x000000008dd00000|  0%| F|  |TAMS 0x000000008dc00000| PB 0x000000008dc00000| Untracked 
|  69|0x000000008dd00000, 0x000000008dd00000, 0x000000008de00000|  0%| F|  |TAMS 0x000000008dd00000| PB 0x000000008dd00000| Untracked 
|  70|0x000000008de00000, 0x000000008de00000, 0x000000008df00000|  0%| F|  |TAMS 0x000000008de00000| PB 0x000000008de00000| Untracked 
|  71|0x000000008df00000, 0x000000008df00000, 0x000000008e000000|  0%| F|  |TAMS 0x000000008df00000| PB 0x000000008df00000| Untracked 
|  72|0x000000008e000000, 0x000000008e000000, 0x000000008e100000|  0%| F|  |TAMS 0x000000008e000000| PB 0x000000008e000000| Untracked 
|  73|0x000000008e100000, 0x000000008e100000, 0x000000008e200000|  0%| F|  |TAMS 0x000000008e100000| PB 0x000000008e100000| Untracked 
|  74|0x000000008e200000, 0x000000008e200000, 0x000000008e300000|  0%| F|  |TAMS 0x000000008e200000| PB 0x000000008e200000| Untracked 
|  75|0x000000008e300000, 0x000000008e300000, 0x000000008e400000|  0%| F|  |TAMS 0x000000008e300000| PB 0x000000008e300000| Untracked 
|  76|0x000000008e400000, 0x000000008e400000, 0x000000008e500000|  0%| F|  |TAMS 0x000000008e400000| PB 0x000000008e400000| Untracked 
|  77|0x000000008e500000, 0x000000008e500000, 0x000000008e600000|  0%| F|  |TAMS 0x000000008e500000| PB 0x000000008e500000| Untracked 
|  78|0x000000008e600000, 0x000000008e600000, 0x000000008e700000|  0%| F|  |TAMS 0x000000008e600000| PB 0x000000008e600000| Untracked 
|  79|0x000000008e700000, 0x000000008e700000, 0x000000008e800000|  0%| F|  |TAMS 0x000000008e700000| PB 0x000000008e700000| Untracked 
|  80|0x000000008e800000, 0x000000008e800000, 0x000000008e900000|  0%| F|  |TAMS 0x000000008e800000| PB 0x000000008e800000| Untracked 
|  81|0x000000008e900000, 0x000000008e900000, 0x000000008ea00000|  0%| F|  |TAMS 0x000000008e900000| PB 0x000000008e900000| Untracked 
|  82|0x000000008ea00000, 0x000000008ea00000, 0x000000008eb00000|  0%| F|  |TAMS 0x000000008ea00000| PB 0x000000008ea00000| Untracked 
|  83|0x000000008eb00000, 0x000000008eb00000, 0x000000008ec00000|  0%| F|  |TAMS 0x000000008eb00000| PB 0x000000008eb00000| Untracked 
|  84|0x000000008ec00000, 0x000000008ec00000, 0x000000008ed00000|  0%| F|  |TAMS 0x000000008ec00000| PB 0x000000008ec00000| Untracked 
|  85|0x000000008ed00000, 0x000000008ed00000, 0x000000008ee00000|  0%| F|  |TAMS 0x000000008ed00000| PB 0x000000008ed00000| Untracked 
|  86|0x000000008ee00000, 0x000000008ee00000, 0x000000008ef00000|  0%| F|  |TAMS 0x000000008ee00000| PB 0x000000008ee00000| Untracked 
|  87|0x000000008ef00000, 0x000000008ef00000, 0x000000008f000000|  0%| F|  |TAMS 0x000000008ef00000| PB 0x000000008ef00000| Untracked 
|  88|0x000000008f000000, 0x000000008f000000, 0x000000008f100000|  0%| F|  |TAMS 0x000000008f000000| PB 0x000000008f000000| Untracked 
|  89|0x000000008f100000, 0x000000008f100000, 0x000000008f200000|  0%| F|  |TAMS 0x000000008f100000| PB 0x000000008f100000| Untracked 
|  90|0x000000008f200000, 0x000000008f200000, 0x000000008f300000|  0%| F|  |TAMS 0x000000008f200000| PB 0x000000008f200000| Untracked 
|  91|0x000000008f300000, 0x000000008f300000, 0x000000008f400000|  0%| F|  |TAMS 0x000000008f300000| PB 0x000000008f300000| Untracked 
|  92|0x000000008f400000, 0x000000008f400000, 0x000000008f500000|  0%| F|  |TAMS 0x000000008f400000| PB 0x000000008f400000| Untracked 
|  93|0x000000008f500000, 0x000000008f500000, 0x000000008f600000|  0%| F|  |TAMS 0x000000008f500000| PB 0x000000008f500000| Untracked 
|  94|0x000000008f600000, 0x000000008f600000, 0x000000008f700000|  0%| F|  |TAMS 0x000000008f600000| PB 0x000000008f600000| Untracked 
|  95|0x000000008f700000, 0x000000008f700000, 0x000000008f800000|  0%| F|  |TAMS 0x000000008f700000| PB 0x000000008f700000| Untracked 
|  96|0x000000008f800000, 0x000000008f800000, 0x000000008f900000|  0%| F|  |TAMS 0x000000008f800000| PB 0x000000008f800000| Untracked 
|  97|0x000000008f900000, 0x000000008f900000, 0x000000008fa00000|  0%| F|  |TAMS 0x000000008f900000| PB 0x000000008f900000| Untracked 
|  98|0x000000008fa00000, 0x000000008fa00000, 0x000000008fb00000|  0%| F|  |TAMS 0x000000008fa00000| PB 0x000000008fa00000| Untracked 
|  99|0x000000008fb00000, 0x000000008fb00000, 0x000000008fc00000|  0%| F|  |TAMS 0x000000008fb00000| PB 0x000000008fb00000| Untracked 
| 100|0x000000008fc00000, 0x000000008fc00000, 0x000000008fd00000|  0%| F|  |TAMS 0x000000008fc00000| PB 0x000000008fc00000| Untracked 
| 101|0x000000008fd00000, 0x000000008fd00000, 0x000000008fe00000|  0%| F|  |TAMS 0x000000008fd00000| PB 0x000000008fd00000| Untracked 
| 102|0x000000008fe00000, 0x000000008fe00000, 0x000000008ff00000|  0%| F|  |TAMS 0x000000008fe00000| PB 0x000000008fe00000| Untracked 
| 103|0x000000008ff00000, 0x000000008ff00000, 0x0000000090000000|  0%| F|  |TAMS 0x000000008ff00000| PB 0x000000008ff00000| Untracked 
| 104|0x0000000090000000, 0x0000000090000000, 0x0000000090100000|  0%| F|  |TAMS 0x0000000090000000| PB 0x0000000090000000| Untracked 
| 105|0x0000000090100000, 0x0000000090100000, 0x0000000090200000|  0%| F|  |TAMS 0x0000000090100000| PB 0x0000000090100000| Untracked 
| 106|0x0000000090200000, 0x0000000090200000, 0x0000000090300000|  0%| F|  |TAMS 0x0000000090200000| PB 0x0000000090200000| Untracked 
| 107|0x0000000090300000, 0x0000000090300000, 0x0000000090400000|  0%| F|  |TAMS 0x0000000090300000| PB 0x0000000090300000| Untracked 
| 108|0x0000000090400000, 0x0000000090400000, 0x0000000090500000|  0%| F|  |TAMS 0x0000000090400000| PB 0x0000000090400000| Untracked 
| 109|0x0000000090500000, 0x0000000090500000, 0x0000000090600000|  0%| F|  |TAMS 0x0000000090500000| PB 0x0000000090500000| Untracked 
| 110|0x0000000090600000, 0x0000000090600000, 0x0000000090700000|  0%| F|  |TAMS 0x0000000090600000| PB 0x0000000090600000| Untracked 
| 111|0x0000000090700000, 0x0000000090700000, 0x0000000090800000|  0%| F|  |TAMS 0x0000000090700000| PB 0x0000000090700000| Untracked 
| 112|0x0000000090800000, 0x0000000090878448, 0x0000000090900000| 46%| E|  |TAMS 0x0000000090800000| PB 0x0000000090800000| Complete 
| 113|0x0000000090900000, 0x00000000909ff5b8, 0x0000000090a00000| 99%| E|  |TAMS 0x0000000090900000| PB 0x0000000090900000| Complete 
| 114|0x0000000090a00000, 0x0000000090b00000, 0x0000000090b00000|100%| E|CS|TAMS 0x0000000090a00000| PB 0x0000000090a00000| Complete 
| 115|0x0000000090b00000, 0x0000000090c00000, 0x0000000090c00000|100%| E|CS|TAMS 0x0000000090b00000| PB 0x0000000090b00000| Complete 
| 116|0x0000000090c00000, 0x0000000090d00000, 0x0000000090d00000|100%| E|CS|TAMS 0x0000000090c00000| PB 0x0000000090c00000| Complete 
| 117|0x0000000090d00000, 0x0000000090e00000, 0x0000000090e00000|100%| E|CS|TAMS 0x0000000090d00000| PB 0x0000000090d00000| Complete 
| 118|0x0000000090e00000, 0x0000000090f00000, 0x0000000090f00000|100%| E|CS|TAMS 0x0000000090e00000| PB 0x0000000090e00000| Complete 
| 119|0x0000000090f00000, 0x0000000091000000, 0x0000000091000000|100%| E|CS|TAMS 0x0000000090f00000| PB 0x0000000090f00000| Complete 
|1894|0x00000000ffe00000, 0x00000000fff00000, 0x00000000fff00000|100%| O|  |TAMS 0x00000000ffe00000| PB 0x00000000ffe00000| Untracked 
|1895|0x00000000fff00000, 0x00000000fff0c558, 0x0000000100000000|  4%| O|  |TAMS 0x00000000fff00000| PB 0x00000000fff00000| Untracked 

Card table byte_map: [0x00007f338af89000,0x00007f338b33d000] _byte_map_base: 0x00007f338ab3d000

Marking Bits: (CMBitMap*) 0x00007f338406fd00
 Bits: [0x00007f33891e9000, 0x00007f338af89000)

Polling page: 0x00007f338dcbf000

Metaspace:

Usage:
  Non-class:      3.33 MB used.
      Class:    227.59 KB used.
       Both:      3.55 MB used.

Virtual space:
  Non-class space:       64.00 MB reserved,       3.44 MB (  5%) committed,  1 nodes.
      Class space:        1.00 GB reserved,     320.00 KB ( <1%) committed,  1 nodes.
             Both:        1.06 GB reserved,       3.75 MB ( <1%) committed. 

Chunk freelists:
   Non-Class:  10.20 MB
       Class:  15.62 MB
        Both:  25.83 MB

MaxMetaspaceSize: unlimited
CompressedClassSpaceSize: 1.00 GB
Initial GC threshold: 21.00 MB
Current GC threshold: 21.00 MB
CDS: on
 - commit_granule_bytes: 65536.
 - commit_granule_words: 8192.
 - virtual_space_node_default_size: 8388608.
 - enlarge_chunks_in_place: 1.
 - use_allocation_guard: 0.


Internal statistics:

num_allocs_failed_limit: 0.
num_arena_births: 78.
num_arena_deaths: 0.
num_vsnodes_births: 2.
num_vsnodes_deaths: 0.
num_space_committed: 60.
num_space_uncommitted: 0.
num_chunks_returned_to_freelist: 0.
num_chunks_taken_from_freelist: 163.
num_chunk_merges: 0.
num_chunk_splits: 115.
num_chunks_enlarged: 85.
num_inconsistent_stats: 0.

CodeHeap 'non-profiled nmethods': size=120028Kb used=229Kb max_used=229Kb free=119798Kb
 bounds [0x00007f3373ec9000, 0x00007f3374139000, 0x00007f337b400000]
CodeHeap 'profiled nmethods': size=120028Kb used=1235Kb max_used=1235Kb free=118792Kb
 bounds [0x00007f336c400000, 0x00007f336c670000, 0x00007f3373937000]
CodeHeap 'non-nmethods': size=5704Kb used=2388Kb max_used=2415Kb free=3315Kb
 bounds [0x00007f3373937000, 0x00007f3373ba7000, 0x00007f3373ec9000]
CodeCache: size=245760Kb, used=3852Kb, max_used=3879Kb, free=241905Kb
 total_blobs=1875, nmethods=776, adapters=1005, full_count=0
Compilation: enabled, stopped_count=0, restarted_count=0

Compilation events (20 events):
Event: 0.447 Thread 0x00007f32f00f8ee0  763       4       org.lwjgl.system.MemoryUtil::memAddressSafe (15 bytes)
Event: 0.447 Thread 0x00007f3384172990 nmethod 762 0x00007f3373f00010 code [0x00007f3373f00180, 0x00007f3373f00218]
Event: 0.447 Thread 0x00007f32f00f8ee0 nmethod 763 0x00007f3373f00310 code [0x00007f3373f004a0, 0x00007f3373f00548]
Event: 0.734 Thread 0x00007f3384174060  764 %     3       com.minesweeper.Main::init @ 269 (437 bytes)
Event: 0.736 Thread 0x00007f3384174060 nmethod 764% 0x00007f336c528e10 code [0x00007f336c5294e0, 0x00007f336c52c640]
Event: 0.736 Thread 0x00007f3384174060  765       3       org.lwjgl.sdl.SDLEvents::SDL_PollEvent (8 bytes)
Event: 0.737 Thread 0x00007f3384174060 nmethod 765 0x00007f336c52d910 code [0x00007f336c52dac0, 0x00007f336c52dd20]
Event: 0.737 Thread 0x00007f3384174060  766       3       org.lwjgl.sdl.SDL_FRect::set (27 bytes)
Event: 0.737 Thread 0x00007f3384174060 nmethod 766 0x00007f336c52de10 code [0x00007f336c52e020, 0x00007f336c52e768]
Event: 0.737 Thread 0x00007f3384174060  767 %     3       com.minesweeper.Main::init @ 263 (437 bytes)
Event: 0.739 Thread 0x00007f3384174060 nmethod 767% 0x00007f336c52ea90 code [0x00007f336c52f160, 0x00007f336c532288]
Event: 0.752 Thread 0x00007f3384172990  768 %     4       com.minesweeper.Main::init @ 269 (437 bytes)
Event: 0.764 Thread 0x00007f3384172990 nmethod 768% 0x00007f3373f00610 code [0x00007f3373f008e0, 0x00007f3373f010e0]
Event: 0.882 Thread 0x00007f3384172990  769       4       org.lwjgl.sdl.SDLEvents::nSDL_PollEvent (10 bytes)
Event: 0.882 Thread 0x00007f3384172990 nmethod 769 0x00007f3373f01a10 code [0x00007f3373f01ba0, 0x00007f3373f01c40]
Event: 0.884 Thread 0x00007f3384172990  770       4       org.lwjgl.sdl.SDL_FRect::w (10 bytes)
Event: 0.884 Thread 0x00007f3384172990 nmethod 770 0x00007f3373f01d10 code [0x00007f3373f01e80, 0x00007f3373f01f18]
Event: 0.976 Thread 0x00007f3384174060  771       3       java.util.WeakHashMap::getTable (9 bytes)
Event: 0.976 Thread 0x00007f3384172990  776       4       java.lang.String::charAt (25 bytes)
Event: 0.976 Thread 0x00007f3384174060 nmethod 771 0x00007f336c533590 code [0x00007f336c533740, 0x00007f336c533890]

GC Heap History (0 events):
No events

Dll operation events (7 events):
Event: 0.001 Loaded shared library /usr/lib/jvm/java-21-openjdk/lib/libjava.so
Event: 0.016 Loaded shared library /usr/lib/jvm/java-21-openjdk/lib/libjsvml.so
Event: 0.021 Loaded shared library /usr/lib/jvm/java-21-openjdk/lib/libnio.so
Event: 0.023 Loaded shared library /usr/lib/jvm/java-21-openjdk/lib/libzip.so
Event: 0.049 Loaded shared library /usr/lib/jvm/java-21-openjdk/lib/libjimage.so
Event: 0.054 Loaded shared library /usr/lib/jvm/java-21-openjdk/lib/libnet.so
Event: 0.060 Loaded shared library /tmp/lwjgl_oli/3.4.1+2/x64/liblwjgl.so

Deoptimization events (20 events):
Event: 0.272 Thread 0x00007f3384019ca0 Uncommon trap: trap_request=0xffffff45 fr.pc=0x00007f3373ed1fd8 relative=0x00000000000000b8
Event: 0.272 Thread 0x00007f3384019ca0 Uncommon trap: reason=unstable_if action=reinterpret pc=0x00007f3373ed1fd8 method=java.lang.String.isLatin1()Z @ 10 c2
Event: 0.272 Thread 0x00007f3384019ca0 DEOPT PACKING pc=0x00007f3373ed1fd8 sp=0x00007f338c5fdfd0
Event: 0.272 Thread 0x00007f3384019ca0 DEOPT UNPACKING pc=0x00007f337398e619 sp=0x00007f338c5fdf30 mode 2
Event: 0.272 Thread 0x00007f3384019ca0 Uncommon trap: trap_request=0xffffff45 fr.pc=0x00007f3373edf4ec relative=0x000000000000006c
Event: 0.272 Thread 0x00007f3384019ca0 Uncommon trap: reason=unstable_if action=reinterpret pc=0x00007f3373edf4ec method=java.lang.String.isLatin1()Z @ 10 c2
Event: 0.272 Thread 0x00007f3384019ca0 DEOPT PACKING pc=0x00007f3373edf4ec sp=0x00007f338c5fd630
Event: 0.272 Thread 0x00007f3384019ca0 DEOPT UNPACKING pc=0x00007f337398e619 sp=0x00007f338c5fd5e0 mode 2
Event: 0.387 Thread 0x00007f3384019ca0 DEOPT PACKING pc=0x00007f336c5208a6 sp=0x00007f338c5fe7d0
Event: 0.387 Thread 0x00007f3384019ca0 DEOPT UNPACKING pc=0x00007f337398f14f sp=0x00007f338c5fddb8 mode 0
Event: 0.734 Thread 0x00007f3384019ca0 Uncommon trap: trap_request=0xffffff45 fr.pc=0x00007f3373eff37c relative=0x00000000000005bc
Event: 0.734 Thread 0x00007f3384019ca0 Uncommon trap: reason=unstable_if action=reinterpret pc=0x00007f3373eff37c method=com.minesweeper.Main.init()V @ 236 c2
Event: 0.734 Thread 0x00007f3384019ca0 DEOPT PACKING pc=0x00007f3373eff37c sp=0x00007f338c5fe920
Event: 0.734 Thread 0x00007f3384019ca0 DEOPT UNPACKING pc=0x00007f337398e619 sp=0x00007f338c5fe8d0 mode 2
Event: 0.767 Thread 0x00007f3384019ca0 DEOPT PACKING pc=0x00007f336c52c0b6 sp=0x00007f338c5fe7d0
Event: 0.767 Thread 0x00007f3384019ca0 DEOPT UNPACKING pc=0x00007f337398f14f sp=0x00007f338c5fddb8 mode 0
Event: 0.975 Thread 0x00007f3384019ca0 Uncommon trap: trap_request=0xffffff3d fr.pc=0x00007f3373f00f40 relative=0x0000000000000660
Event: 0.975 Thread 0x00007f3384019ca0 Uncommon trap: reason=unstable_fused_if action=reinterpret pc=0x00007f3373f00f40 method=com.minesweeper.Main.init()V @ 128 c2
Event: 0.975 Thread 0x00007f3384019ca0 DEOPT PACKING pc=0x00007f3373f00f40 sp=0x00007f338c5fe920
Event: 0.975 Thread 0x00007f3384019ca0 DEOPT UNPACKING pc=0x00007f337398e619 sp=0x00007f338c5fe8d0 mode 2

Classes loaded (20 events):
Event: 0.124 Loading class java/util/function/LongPredicate
Event: 0.124 Loading class java/util/function/LongPredicate done
Event: 0.126 Loading class java/lang/foreign/MemorySegment
Event: 0.126 Loading class java/lang/foreign/MemorySegment done
Event: 0.151 Loading class java/nio/InvalidMarkException
Event: 0.152 Loading class java/nio/InvalidMarkException done
Event: 0.152 Loading class java/nio/BufferUnderflowException
Event: 0.152 Loading class java/nio/BufferUnderflowException done
Event: 0.231 Loading class java/lang/Math$RandomNumberGeneratorHolder
Event: 0.231 Loading class java/lang/Math$RandomNumberGeneratorHolder done
Event: 0.265 Loading class java/util/Formatter$FixedString
Event: 0.265 Loading class java/util/Formatter$FixedString done
Event: 0.267 Loading class jdk/internal/module/ModulePatcher$PatchedModuleReader
Event: 0.267 Loading class jdk/internal/module/ModulePatcher$PatchedModuleReader done
Event: 0.267 Loading class sun/net/www/protocol/jrt/Handler
Event: 0.267 Loading class sun/net/www/protocol/jrt/Handler done
Event: 0.271 Loading class sun/text/resources/cldr/FormatData_en
Event: 0.271 Loading class sun/text/resources/cldr/FormatData_en done
Event: 0.975 Loading class java/nio/HeapFloatBuffer
Event: 0.975 Loading class java/nio/HeapFloatBuffer done

Classes unloaded (0 events):
No events

Classes redefined (0 events):
No events

Internal exceptions (13 events):
Event: 0.042 Thread 0x00007f3384019ca0 Exception <a 'java/lang/NoSuchMethodError'{0x0000000090ee9538}: 'void java.lang.invoke.DirectMethodHandle$Holder.invokeStatic(java.lang.Object, java.lang.Object)'> (0x0000000090ee9538) 
thrown [src/hotspot/share/interpreter/linkResolver.cpp, line 772]
Event: 0.042 Thread 0x00007f3384019ca0 Exception <a 'java/lang/NoSuchMethodError'{0x0000000090eee8b8}: 'void java.lang.System.load(java.lang.String, java.lang.Class)'> (0x0000000090eee8b8) 
thrown [src/hotspot/share/interpreter/linkResolver.cpp, line 772]
Event: 0.042 Thread 0x00007f3384019ca0 Exception <a 'java/lang/NoSuchMethodError'{0x0000000090eef588}: 'void java.lang.invoke.DirectMethodHandle$Holder.invokeSpecial(java.lang.Object, java.lang.Object, java.lang.Object)'> (0x0000000090eef588) 
thrown [src/hotspot/share/interpreter/linkResolver.cpp, line 772]
Event: 0.044 Thread 0x00007f3384019ca0 Exception <a 'java/lang/NoSuchMethodError'{0x0000000090d017e8}: 'java.lang.Object java.lang.invoke.DirectMethodHandle$Holder.invokeStatic(java.lang.Object, java.lang.Object, int)'> (0x0000000090d017e8) 
thrown [src/hotspot/share/interpreter/linkResolver.cpp, line 772]
Event: 0.045 Thread 0x00007f3384019ca0 Exception <a 'java/lang/NoSuchMethodError'{0x0000000090d0d040}: 'void java.lang.invoke.DelegatingMethodHandle$Holder.delegate(java.lang.Object, java.lang.Object, int, java.lang.Object)'> (0x0000000090d0d040) 
thrown [src/hotspot/share/interpreter/linkResolver.cpp, line 772]
Event: 0.046 Thread 0x00007f3384019ca0 Exception <a 'java/lang/NoSuchMethodError'{0x0000000090d11038}: 'int java.lang.invoke.DirectMethodHandle$Holder.invokeSpecial(java.lang.Object, java.lang.Object, java.lang.Object)'> (0x0000000090d11038) 
thrown [src/hotspot/share/interpreter/linkResolver.cpp, line 772]
Event: 0.048 Thread 0x00007f3384019ca0 Exception <a 'java/lang/NoSuchMethodError'{0x0000000090d2b760}: 'void java.lang.System.loadLibrary(java.lang.String, java.lang.Class)'> (0x0000000090d2b760) 
thrown [src/hotspot/share/interpreter/linkResolver.cpp, line 772]
Event: 0.125 Thread 0x00007f3384019ca0 Exception <a 'java/lang/NoSuchMethodError'{0x0000000090ceea50}: 'int java.lang.invoke.DirectMethodHandle$Holder.invokeStaticInit(java.lang.Object, java.lang.Object, int, long)'> (0x0000000090ceea50) 
thrown [src/hotspot/share/interpreter/linkResolver.cpp, line 772]
Event: 0.125 Thread 0x00007f3384019ca0 Exception <a 'java/lang/NoSuchMethodError'{0x0000000090cf3e28}: 'java.lang.Object java.lang.invoke.DirectMethodHandle$Holder.newInvokeSpecial(java.lang.Object, java.lang.Object, int)'> (0x0000000090cf3e28) 
thrown [src/hotspot/share/interpreter/linkResolver.cpp, line 772]
Event: 0.126 Thread 0x00007f3384019ca0 Exception <a 'java/lang/NoSuchMethodError'{0x0000000090b02640}: 'int java.lang.invoke.DirectMethodHandle$Holder.invokeStaticInit(java.lang.Object, java.lang.Object, long, long)'> (0x0000000090b02640) 
thrown [src/hotspot/share/interpreter/linkResolver.cpp, line 772]
Event: 0.127 Thread 0x00007f3384019ca0 Exception <a 'java/lang/NoSuchMethodError'{0x0000000090b08398}: 'java.lang.Object java.lang.invoke.DirectMethodHandle$Holder.newInvokeSpecial(java.lang.Object, java.lang.Object, long)'> (0x0000000090b08398) 
thrown [src/hotspot/share/interpreter/linkResolver.cpp, line 772]
Event: 0.127 Thread 0x00007f3384019ca0 Exception <a 'java/lang/NoSuchMethodError'{0x0000000090b0c4c0}: 'java.lang.Object java.lang.invoke.Invokers$Holder.linkToTargetMethod(java.lang.Object, long, java.lang.Object)'> (0x0000000090b0c4c0) 
thrown [src/hotspot/share/interpreter/linkResolver.cpp, line 772]
Event: 0.128 Thread 0x00007f3384019ca0 Exception <a 'java/lang/NoSuchMethodError'{0x0000000090b139b8}: 'int java.lang.invoke.DirectMethodHandle$Holder.invokeStaticInit(java.lang.Object, java.lang.Object, java.lang.Object, long)'> (0x0000000090b139b8) 
thrown [src/hotspot/share/interpreter/linkResolver.cpp, line 772]

ZGC Phase Switch (0 events):
No events

VM Operations (4 events):
Event: 0.122 Executing non-safepoint VM operation: HandshakeAllThreads (Deoptimize)
Event: 0.122 Executing non-safepoint VM operation: HandshakeAllThreads (Deoptimize) done
Event: 0.975 Executing non-safepoint VM operation: HandshakeAllThreads (Deoptimize)
Event: 0.975 Executing non-safepoint VM operation: HandshakeAllThreads (Deoptimize) done

Memory protections (12 events):
Event: 0.001 Protecting memory [0x00007f338c500000,0x00007f338c504000] with protection modes 0
Event: 0.014 Protecting memory [0x00007f3388062000,0x00007f3388066000] with protection modes 0
Event: 0.014 Protecting memory [0x00007f3383f00000,0x00007f3383f04000] with protection modes 0
Event: 0.015 Protecting memory [0x00007f336c300000,0x00007f336c304000] with protection modes 0
Event: 0.015 Protecting memory [0x00007f336c1ff000,0x00007f336c203000] with protection modes 0
Event: 0.015 Protecting memory [0x00007f336c0fe000,0x00007f336c102000] with protection modes 0
Event: 0.015 Protecting memory [0x00007f335df00000,0x00007f335df04000] with protection modes 0
Event: 0.015 Protecting memory [0x00007f335db00000,0x00007f335db04000] with protection modes 0
Event: 0.018 Protecting memory [0x00007f335d9ff000,0x00007f335da03000] with protection modes 0
Event: 0.018 Protecting memory [0x00007f335d8fe000,0x00007f335d902000] with protection modes 0
Event: 0.093 Protecting memory [0x00007f335d77e000,0x00007f335d782000] with protection modes 0
Event: 0.273 Protecting memory [0x00007f335d77e000,0x00007f335d782000] with protection modes 0

Nmethod flushes (0 events):
No events

Events (14 events):
Event: 0.008 Thread 0x00007f3384019ca0 Thread added: 0x00007f3384019ca0
Event: 0.014 Thread 0x00007f3384019ca0 Thread added: 0x00007f338414c200
Event: 0.014 Thread 0x00007f3384019ca0 Thread added: 0x00007f338416d190
Event: 0.015 Thread 0x00007f3384019ca0 Thread added: 0x00007f338416e240
Event: 0.015 Thread 0x00007f3384019ca0 Thread added: 0x00007f338416f890
Event: 0.015 Thread 0x00007f3384019ca0 Thread added: 0x00007f3384170e40
Event: 0.015 Thread 0x00007f3384019ca0 Thread added: 0x00007f3384172990
Event: 0.015 Thread 0x00007f3384019ca0 Thread added: 0x00007f3384174060
Event: 0.017 Thread 0x00007f3384019ca0 Thread added: 0x00007f3384180470
Event: 0.018 Thread 0x00007f3384019ca0 Thread added: 0x00007f3384183510
Event: 0.093 Thread 0x00007f3384174060 Thread added: 0x00007f32e40708b0
Event: 0.234 Thread 0x00007f32e40708b0 Thread exited: 0x00007f32e40708b0
Event: 0.273 Thread 0x00007f3384172990 Thread added: 0x00007f32f00f8ee0
Event: 0.734 Thread 0x00007f32f00f8ee0 Thread exited: 0x00007f32f00f8ee0


Dynamic libraries:
89800000-91000000 rw-p 00000000 00:00 0 
91000000-ffe00000 ---p 00000000 00:00 0 
ffe00000-fff0d000 rw-p 00cda000 103:03 6422945                           /usr/lib/jvm/java-21-openjdk/lib/server/classes.jsa
fff0d000-100000000 rw-p 00000000 00:00 0 
55802e27a000-55802e27b000 r--p 00000000 103:03 6422671                   /usr/lib/jvm/java-21-openjdk/bin/java
55802e27b000-55802e27c000 r-xp 00001000 103:03 6422671                   /usr/lib/jvm/java-21-openjdk/bin/java
55802e27c000-55802e27d000 r--p 00002000 103:03 6422671                   /usr/lib/jvm/java-21-openjdk/bin/java
55802e27d000-55802e27e000 r--p 00002000 103:03 6422671                   /usr/lib/jvm/java-21-openjdk/bin/java
55802e27e000-55802e27f000 rw-p 00003000 103:03 6422671                   /usr/lib/jvm/java-21-openjdk/bin/java
558069676000-5580696be000 rw-p 00000000 00:00 0                          [heap]
7f32b4000000-7f32b4021000 rw-p 00000000 00:00 0 
7f32b4021000-7f32b8000000 ---p 00000000 00:00 0 
7f32bc000000-7f32bc021000 rw-p 00000000 00:00 0 
7f32bc021000-7f32c0000000 ---p 00000000 00:00 0 
7f32c0000000-7f32c0021000 rw-p 00000000 00:00 0 
7f32c0021000-7f32c4000000 ---p 00000000 00:00 0 
7f32c4000000-7f32c4021000 rw-p 00000000 00:00 0 
7f32c4021000-7f32c8000000 ---p 00000000 00:00 0 
7f32c81fd000-7f32c9a00000 rw-p 00000000 00:00 0 
7f32c9a00000-7f32c9f5b000 r--p 00000000 103:03 5806847                   /usr/lib/libLLVM.so.22.1
7f32c9f5b000-7f32cfc2e000 r-xp 0055b000 103:03 5806847                   /usr/lib/libLLVM.so.22.1
7f32cfc2e000-7f32d3cc0000 r--p 0622e000 103:03 5806847                   /usr/lib/libLLVM.so.22.1
7f32d3cc0000-7f32d3edc000 r--p 0a2c0000 103:03 5806847                   /usr/lib/libLLVM.so.22.1
7f32d3edc000-7f32d3ee6000 rw-p 0a4dc000 103:03 5806847                   /usr/lib/libLLVM.so.22.1
7f32d3ee6000-7f32d3fb6000 rw-p 00000000 00:00 0 
7f32d4000000-7f32d4021000 rw-p 00000000 00:00 0 
7f32d4021000-7f32d8000000 ---p 00000000 00:00 0 
7f32d81ff000-7f32d8a00000 rw-p 00000000 00:00 0 
7f32d8a00000-7f32d8a1a000 r--p 00000000 103:03 5806938                   /usr/lib/libgallium-26.1.2-arch1.1.so
7f32d8a1a000-7f32da9c6000 r-xp 0001a000 103:03 5806938                   /usr/lib/libgallium-26.1.2-arch1.1.so
7f32da9c6000-7f32dbc07000 r--p 01fc6000 103:03 5806938                   /usr/lib/libgallium-26.1.2-arch1.1.so
7f32dbc07000-7f32dbd78000 r--p 03207000 103:03 5806938                   /usr/lib/libgallium-26.1.2-arch1.1.so
7f32dbd78000-7f32dbdae000 rw-p 03378000 103:03 5806938                   /usr/lib/libgallium-26.1.2-arch1.1.so
7f32dbdae000-7f32dbf7b000 rw-p 00000000 00:00 0 
7f32dc000000-7f32dc021000 rw-p 00000000 00:00 0 
7f32dc021000-7f32e0000000 ---p 00000000 00:00 0 
7f32e0000000-7f32e00f5000 rw-p 00000000 00:00 0 
7f32e00f5000-7f32e4000000 ---p 00000000 00:00 0 
7f32e4000000-7f32e422c000 rw-p 00000000 00:00 0 
7f32e422c000-7f32e8000000 ---p 00000000 00:00 0 
7f32e8000000-7f32e8021000 rw-p 00000000 00:00 0 
7f32e8021000-7f32ec000000 ---p 00000000 00:00 0 
7f32ec000000-7f32ec021000 rw-p 00000000 00:00 0 
7f32ec021000-7f32f0000000 ---p 00000000 00:00 0 
7f32f0000000-7f32f01bc000 rw-p 00000000 00:00 0 
7f32f01bc000-7f32f4000000 ---p 00000000 00:00 0 
7f32f4000000-7f32f4021000 rw-p 00000000 00:00 0 
7f32f4021000-7f32f8000000 ---p 00000000 00:00 0 
7f32f8000000-7f32f8021000 rw-p 00000000 00:00 0 
7f32f8021000-7f32fc000000 ---p 00000000 00:00 0 
7f32fc000000-7f32fc021000 rw-p 00000000 00:00 0 
7f32fc021000-7f3300000000 ---p 00000000 00:00 0 
7f3300000000-7f3300021000 rw-p 00000000 00:00 0 
7f3300021000-7f3304000000 ---p 00000000 00:00 0 
7f3304000000-7f3304021000 rw-p 00000000 00:00 0 
7f3304021000-7f3308000000 ---p 00000000 00:00 0 
7f3308200000-7f3308400000 rw-s 1075a2000 00:11 1094                      anon_inode:i915.gem
7f3308400000-7f3308600000 rw-s 107392000 00:11 1094                      anon_inode:i915.gem
7f3308600000-7f3308800000 rw-s 107192000 00:11 1094                      anon_inode:i915.gem
7f3308800000-7f3308a01000 rw-s 00000000 103:04 6029652                   /home/oli/.cache/mesa_shader_cache/index
7f3308ad0000-7f3308b50000 rw-s 107872000 00:11 1094                      anon_inode:i915.gem
7f3308b50000-7f3308b60000 rw-s 107862000 00:11 1094                      anon_inode:i915.gem
7f3308b60000-7f3308b70000 rw-s 107852000 00:11 1094                      anon_inode:i915.gem
7f3308b70000-7f3308b80000 rw-s 107842000 00:11 1094                      anon_inode:i915.gem
7f3308b80000-7f3308b90000 rw-s 107822000 00:11 1094                      anon_inode:i915.gem
7f3308b90000-7f3308bb0000 rw-s 104798000 00:11 1094                      anon_inode:i915.gem
7f3308bb0000-7f3308bd0000 rw-s 104778000 00:11 1094                      anon_inode:i915.gem
7f3308bd0000-7f3308bf0000 rw-s 104758000 00:11 1094                      anon_inode:i915.gem
7f3308bf0000-7f3308c00000 rw-s 104748000 00:11 1094                      anon_inode:i915.gem
7f3308c00000-7f330ab94000 r--p 00000000 103:03 5788072                   /usr/lib/libicudata.so.78.3
7f330ab94000-7f330ab95000 r--p 01f93000 103:03 5788072                   /usr/lib/libicudata.so.78.3
7f330aba0000-7f330abb0000 rw-s 104738000 00:11 1094                      anon_inode:i915.gem
7f330abb0000-7f330abc0000 rw-s 104728000 00:11 1094                      anon_inode:i915.gem
7f330abc0000-7f330abd0000 rw-s 104718000 00:11 1094                      anon_inode:i915.gem
7f330abd0000-7f330abe0000 rw-s 104708000 00:11 1094                      anon_inode:i915.gem
7f330abe0000-7f330abf0000 rw-s 1046f8000 00:11 1094                      anon_inode:i915.gem
7f330abf0000-7f330ac00000 rw-s 104bf8000 00:11 1094                      anon_inode:i915.gem
7f330ac00000-7f330ac48000 r--p 00000000 103:03 5788087                   /usr/lib/libicuuc.so.78.3
7f330ac48000-7f330ad61000 r-xp 00048000 103:03 5788087                   /usr/lib/libicuuc.so.78.3
7f330ad61000-7f330adfa000 r--p 00161000 103:03 5788087                   /usr/lib/libicuuc.so.78.3
7f330adfa000-7f330ae0d000 r--p 001fa000 103:03 5788087                   /usr/lib/libicuuc.so.78.3
7f330ae0d000-7f330ae0e000 rw-p 0020d000 103:03 5788087                   /usr/lib/libicuuc.so.78.3
7f330ae0e000-7f330ae10000 rw-p 00000000 00:00 0 
7f330ae12000-7f330ae22000 rw-s 104be8000 00:11 1094                      anon_inode:i915.gem
7f330ae22000-7f330ae32000 rw-s 103efd000 00:11 1094                      anon_inode:i915.gem
7f330ae32000-7f330ae42000 rw-s 103f7f000 00:11 1094                      anon_inode:i915.gem
7f330ae42000-7f330ae52000 rw-s 104558000 00:11 1094                      anon_inode:i915.gem
7f330ae52000-7f330ae62000 rw-s 106542000 00:11 1094                      anon_inode:i915.gem
7f330ae62000-7f330ae72000 rw-s 10388c000 00:11 1094                      anon_inode:i915.gem
7f330ae72000-7f330ae82000 rw-s 101230000 00:11 1094                      anon_inode:i915.gem
7f330ae82000-7f330af02000 rw-s 104b68000 00:11 1094                      anon_inode:i915.gem
7f330af02000-7f330af12000 rw-s 101207000 00:11 1094                      anon_inode:i915.gem
7f330af12000-7f330afe0000 rw-p 00000000 00:00 0 
7f330afe0000-7f330b000000 rw-s 104b48000 00:11 1094                      anon_inode:i915.gem
7f330b000000-7f330b1a0000 rw-p 00000000 00:00 0 
7f330b1a0000-7f330b400000 ---p 00000000 00:00 0 
7f330b400000-7f330b5d0000 rw-p 00000000 00:00 0 
7f330b5d0000-7f330f000000 ---p 00000000 00:00 0 
7f330f000000-7f330fc9b000 rw-p 00001000 103:03 6422945                   /usr/lib/jvm/java-21-openjdk/lib/server/classes.jsa
7f330fc9b000-7f3310000000 ---p 00000000 00:00 0 
7f3310000000-7f3310030000 rw-p 00000000 00:00 0 
7f3310030000-7f3310040000 ---p 00000000 00:00 0 
7f3310040000-7f3310060000 rw-p 00000000 00:00 0 
7f3310060000-7f3350000000 ---p 00000000 00:00 0 
7f3350000000-7f3350021000 rw-p 00000000 00:00 0 
7f3350021000-7f3354000000 ---p 00000000 00:00 0 
7f3354000000-7f3354021000 rw-p 00000000 00:00 0 
7f3354021000-7f3358000000 ---p 00000000 00:00 0 
7f3358000000-7f3358021000 rw-p 00000000 00:00 0 
7f3358021000-7f335c000000 ---p 00000000 00:00 0 
7f335c001000-7f335c021000 rw-s 104b28000 00:11 1094                      anon_inode:i915.gem
7f335c021000-7f335c041000 rw-s 1058b8000 00:11 1094                      anon_inode:i915.gem
7f335c041000-7f335c0c1000 rw-s 107dd2000 00:11 1094                      anon_inode:i915.gem
7f335c0c1000-7f335c101000 rw-s 1057d8000 00:11 1094                      anon_inode:i915.gem
7f335c101000-7f335c301000 rw-s 104f28000 00:11 1094                      anon_inode:i915.gem
7f335c301000-7f335c30e000 r--p 00000000 103:03 5771154                   /usr/lib/libncursesw.so.6.6
7f335c30e000-7f335c354000 r-xp 0000d000 103:03 5771154                   /usr/lib/libncursesw.so.6.6
7f335c354000-7f335c36b000 r--p 00053000 103:03 5771154                   /usr/lib/libncursesw.so.6.6
7f335c36b000-7f335c370000 r--p 00069000 103:03 5771154                   /usr/lib/libncursesw.so.6.6
7f335c370000-7f335c371000 rw-p 0006e000 103:03 5771154                   /usr/lib/libncursesw.so.6.6
7f335c371000-7f335c373000 r--p 00000000 103:03 5806727                   /usr/lib/libpciaccess.so.0.11.1
7f335c373000-7f335c378000 r-xp 00002000 103:03 5806727                   /usr/lib/libpciaccess.so.0.11.1
7f335c378000-7f335c37a000 r--p 00007000 103:03 5806727                   /usr/lib/libpciaccess.so.0.11.1
7f335c37a000-7f335c37b000 r--p 00008000 103:03 5806727                   /usr/lib/libpciaccess.so.0.11.1
7f335c37b000-7f335c37c000 rw-p 00009000 103:03 5806727                   /usr/lib/libpciaccess.so.0.11.1
7f335c37c000-7f335c396000 r--p 00000000 103:03 5788170                   /usr/lib/libxml2.so.16.1.3
7f335c396000-7f335c467000 r-xp 0001a000 103:03 5788170                   /usr/lib/libxml2.so.16.1.3
7f335c467000-7f335c4ac000 r--p 000eb000 103:03 5788170                   /usr/lib/libxml2.so.16.1.3
7f335c4ac000-7f335c4b5000 r--p 00130000 103:03 5788170                   /usr/lib/libxml2.so.16.1.3
7f335c4b5000-7f335c4b6000 rw-p 00139000 103:03 5788170                   /usr/lib/libxml2.so.16.1.3
7f335c4b6000-7f335c4b7000 rw-p 00000000 00:00 0 
7f335c4b7000-7f335c4bd000 r--p 00000000 103:03 5806798                   /usr/lib/libedit.so.0.0.78
7f335c4bd000-7f335c4df000 r-xp 00006000 103:03 5806798                   /usr/lib/libedit.so.0.0.78
7f335c4df000-7f335c4ed000 r--p 00028000 103:03 5806798                   /usr/lib/libedit.so.0.0.78
7f335c4ed000-7f335c4f0000 r--p 00035000 103:03 5806798                   /usr/lib/libedit.so.0.0.78
7f335c4f0000-7f335c4f1000 rw-p 00038000 103:03 5806798                   /usr/lib/libedit.so.0.0.78
7f335c4f1000-7f335c4f4000 rw-p 00000000 00:00 0 
7f335c4f4000-7f335c4f7000 r--p 00000000 103:03 5806749                   /usr/lib/libdrm_intel.so.1.134.0
7f335c4f7000-7f335c50e000 r-xp 00003000 103:03 5806749                   /usr/lib/libdrm_intel.so.1.134.0
7f335c50e000-7f335c518000 r--p 0001a000 103:03 5806749                   /usr/lib/libdrm_intel.so.1.134.0
7f335c518000-7f335c519000 r--p 00024000 103:03 5806749                   /usr/lib/libdrm_intel.so.1.134.0
7f335c519000-7f335c51a000 rw-p 00025000 103:03 5806749                   /usr/lib/libdrm_intel.so.1.134.0
7f335c51a000-7f335c51d000 r--p 00000000 103:03 5806745                   /usr/lib/libdrm_amdgpu.so.1.134.0
7f335c51d000-7f335c523000 r-xp 00003000 103:03 5806745                   /usr/lib/libdrm_amdgpu.so.1.134.0
7f335c523000-7f335c525000 r--p 00009000 103:03 5806745                   /usr/lib/libdrm_amdgpu.so.1.134.0
7f335c525000-7f335c526000 r--p 0000a000 103:03 5806745                   /usr/lib/libdrm_amdgpu.so.1.134.0
7f335c526000-7f335c527000 rw-p 0000b000 103:03 5806745                   /usr/lib/libdrm_amdgpu.so.1.134.0
7f335c527000-7f335c52a000 r--p 00000000 103:03 5791963                   /usr/lib/libelf-0.195.so
7f335c52a000-7f335c53d000 r-xp 00003000 103:03 5791963                   /usr/lib/libelf-0.195.so
7f335c53d000-7f335c541000 r--p 00016000 103:03 5791963                   /usr/lib/libelf-0.195.so
7f335c541000-7f335c542000 r--p 0001a000 103:03 5791963                   /usr/lib/libelf-0.195.so
7f335c542000-7f335c543000 rw-p 0001b000 103:03 5791963                   /usr/lib/libelf-0.195.so
7f335c543000-7f335c544000 r--p 00000000 103:03 5806766                   /usr/lib/libxshmfence.so.1.0.0
7f335c544000-7f335c545000 r-xp 00001000 103:03 5806766                   /usr/lib/libxshmfence.so.1.0.0
7f335c545000-7f335c546000 r--p 00002000 103:03 5806766                   /usr/lib/libxshmfence.so.1.0.0
7f335c546000-7f335c547000 r--p 00002000 103:03 5806766                   /usr/lib/libxshmfence.so.1.0.0
7f335c547000-7f335c548000 rw-p 00003000 103:03 5806766                   /usr/lib/libxshmfence.so.1.0.0
7f335c548000-7f335c54b000 r--p 00000000 103:03 5803478                   /usr/lib/libxcb-sync.so.1.0.0
7f335c54b000-7f335c54e000 r-xp 00003000 103:03 5803478                   /usr/lib/libxcb-sync.so.1.0.0
7f335c54e000-7f335c54f000 r--p 00006000 103:03 5803478                   /usr/lib/libxcb-sync.so.1.0.0
7f335c54f000-7f335c550000 r--p 00007000 103:03 5803478                   /usr/lib/libxcb-sync.so.1.0.0
7f335c550000-7f335c551000 rw-p 00008000 103:03 5803478                   /usr/lib/libxcb-sync.so.1.0.0
7f335c551000-7f335c553000 r--p 00000000 103:03 5806863                   /usr/lib/libsensors.so.5.0.0
7f335c553000-7f335c55a000 r-xp 00002000 103:03 5806863                   /usr/lib/libsensors.so.5.0.0
7f335c55a000-7f335c55e000 r--p 00009000 103:03 5806863                   /usr/lib/libsensors.so.5.0.0
7f335c55e000-7f335c55f000 r--p 0000d000 103:03 5806863                   /usr/lib/libsensors.so.5.0.0
7f335c55f000-7f335c560000 rw-p 0000e000 103:03 5806863                   /usr/lib/libsensors.so.5.0.0
7f335c560000-7f335c577000 r--p 00000000 103:03 5806894                   /usr/lib/libSPIRV-Tools.so
7f335c577000-7f335c6a2000 r-xp 00017000 103:03 5806894                   /usr/lib/libSPIRV-Tools.so
7f335c6a2000-7f335c727000 r--p 00142000 103:03 5806894                   /usr/lib/libSPIRV-Tools.so
7f335c727000-7f335c72a000 r--p 001c6000 103:03 5806894                   /usr/lib/libSPIRV-Tools.so
7f335c72a000-7f335c72b000 rw-p 001c9000 103:03 5806894                   /usr/lib/libSPIRV-Tools.so
7f335c72b000-7f335c737000 r--p 00000000 103:03 5775762                   /usr/lib/libzstd.so.1.5.7
7f335c737000-7f335c7f8000 r-xp 0000c000 103:03 5775762                   /usr/lib/libzstd.so.1.5.7
7f335c7f8000-7f335c80d000 r--p 000cd000 103:03 5775762                   /usr/lib/libzstd.so.1.5.7
7f335c80d000-7f335c80e000 r--p 000e2000 103:03 5775762                   /usr/lib/libzstd.so.1.5.7
7f335c80e000-7f335c80f000 rw-p 000e3000 103:03 5775762                   /usr/lib/libzstd.so.1.5.7
7f335c80f000-7f335c810000 r--p 00000000 103:03 5803454                   /usr/lib/libxcb-present.so.0.0.0
7f335c810000-7f335c811000 r-xp 00001000 103:03 5803454                   /usr/lib/libxcb-present.so.0.0.0
7f335c811000-7f335c812000 r--p 00002000 103:03 5803454                   /usr/lib/libxcb-present.so.0.0.0
7f335c812000-7f335c813000 r--p 00002000 103:03 5803454                   /usr/lib/libxcb-present.so.0.0.0
7f335c813000-7f335c814000 rw-p 00003000 103:03 5803454                   /usr/lib/libxcb-present.so.0.0.0
7f335c814000-7f335c819000 r--p 00000000 103:03 5806741                   /usr/lib/libdrm.so.2.134.0
7f335c819000-7f335c825000 r-xp 00005000 103:03 5806741                   /usr/lib/libdrm.so.2.134.0
7f335c825000-7f335c829000 r--p 00011000 103:03 5806741                   /usr/lib/libdrm.so.2.134.0
7f335c829000-7f335c82a000 r--p 00015000 103:03 5806741                   /usr/lib/libdrm.so.2.134.0
7f335c82a000-7f335c82b000 rw-p 00016000 103:03 5806741                   /usr/lib/libdrm.so.2.134.0
7f335c82b000-7f335c82d000 r--p 00000000 103:03 5792773                   /usr/lib/libexpat.so.1.12.1
7f335c82d000-7f335c84e000 r-xp 00002000 103:03 5792773                   /usr/lib/libexpat.so.1.12.1
7f335c84e000-7f335c857000 r--p 00023000 103:03 5792773                   /usr/lib/libexpat.so.1.12.1
7f335c857000-7f335c859000 r--p 0002b000 103:03 5792773                   /usr/lib/libexpat.so.1.12.1
7f335c859000-7f335c85a000 rw-p 0002d000 103:03 5792773                   /usr/lib/libexpat.so.1.12.1
7f335c85a000-7f335c860000 r--p 00000000 103:03 5806933                   /usr/lib/libEGL_mesa.so.0.0.0
7f335c860000-7f335c89a000 r-xp 00006000 103:03 5806933                   /usr/lib/libEGL_mesa.so.0.0.0
7f335c89a000-7f335c8ad000 r--p 00040000 103:03 5806933                   /usr/lib/libEGL_mesa.so.0.0.0
7f335c8ad000-7f335c8ba000 r--p 00052000 103:03 5806933                   /usr/lib/libEGL_mesa.so.0.0.0
7f335c8ba000-7f335c8bb000 rw-p 0005f000 103:03 5806933                   /usr/lib/libEGL_mesa.so.0.0.0
7f335c8bb000-7f335c8bc000 rw-p 00000000 00:00 0 
7f335c8bc000-7f335c8d3000 r--p 00000000 103:03 5805847                   /usr/lib/libX11.so.6.4.0
7f335c8d3000-7f335c964000 r-xp 00017000 103:03 5805847                   /usr/lib/libX11.so.6.4.0
7f335c964000-7f335c9f8000 r--p 000a8000 103:03 5805847                   /usr/lib/libX11.so.6.4.0
7f335c9f8000-7f335c9fb000 r--p 0013c000 103:03 5805847                   /usr/lib/libX11.so.6.4.0
7f335c9fb000-7f335c9ff000 rw-p 0013f000 103:03 5805847                   /usr/lib/libX11.so.6.4.0
7f335c9ff000-7f335d200000 rw-p 00000000 00:00 0 
7f335d200000-7f335d4c4000 r-xp 00000000 103:03 524373                    /tmp/lwjgl_oli/3.4.1+2/x64/libSDL3.so
7f335d4c4000-7f335d5ba000 r--p 002c4000 103:03 524373                    /tmp/lwjgl_oli/3.4.1+2/x64/libSDL3.so
7f335d5ba000-7f335d5c8000 r--p 003ba000 103:03 524373                    /tmp/lwjgl_oli/3.4.1+2/x64/libSDL3.so
7f335d5c8000-7f335d5d5000 rw-p 003c8000 103:03 524373                    /tmp/lwjgl_oli/3.4.1+2/x64/libSDL3.so
7f335d5d5000-7f335d5dc000 rw-p 00000000 00:00 0 
7f335d5de000-7f335d5e0000 r--p 00000000 103:03 5803448                   /usr/lib/libxcb-dri3.so.0.1.0
7f335d5e0000-7f335d5e2000 r-xp 00002000 103:03 5803448                   /usr/lib/libxcb-dri3.so.0.1.0
7f335d5e2000-7f335d5e3000 r--p 00004000 103:03 5803448                   /usr/lib/libxcb-dri3.so.0.1.0
7f335d5e3000-7f335d5e4000 r--p 00004000 103:03 5803448                   /usr/lib/libxcb-dri3.so.0.1.0
7f335d5e4000-7f335d5e5000 rw-p 00005000 103:03 5803448                   /usr/lib/libxcb-dri3.so.0.1.0
7f335d5e5000-7f335d5e8000 r--p 00000000 103:03 5803484                   /usr/lib/libxcb-xfixes.so.0.0.0
7f335d5e8000-7f335d5eb000 r-xp 00003000 103:03 5803484                   /usr/lib/libxcb-xfixes.so.0.0.0
7f335d5eb000-7f335d5ec000 r--p 00006000 103:03 5803484                   /usr/lib/libxcb-xfixes.so.0.0.0
7f335d5ec000-7f335d5ed000 r--p 00007000 103:03 5803484                   /usr/lib/libxcb-xfixes.so.0.0.0
7f335d5ed000-7f335d5ee000 rw-p 00008000 103:03 5803484                   /usr/lib/libxcb-xfixes.so.0.0.0
7f335d5ee000-7f335d5f5000 r--p 00000000 103:03 5803457                   /usr/lib/libxcb-randr.so.0.1.0
7f335d5f5000-7f335d5fb000 r-xp 00007000 103:03 5803457                   /usr/lib/libxcb-randr.so.0.1.0
7f335d5fb000-7f335d5fe000 r--p 0000d000 103:03 5803457                   /usr/lib/libxcb-randr.so.0.1.0
7f335d5fe000-7f335d5ff000 r--p 00010000 103:03 5803457                   /usr/lib/libxcb-randr.so.0.1.0
7f335d5ff000-7f335d600000 rw-p 00011000 103:03 5803457                   /usr/lib/libxcb-randr.so.0.1.0
7f335d600000-7f335d602000 r--p 00000000 103:03 5806955                   /usr/lib/libGLX.so.0.0.0
7f335d602000-7f335d61c000 r-xp 00002000 103:03 5806955                   /usr/lib/libGLX.so.0.0.0
7f335d61c000-7f335d61f000 r--p 0001c000 103:03 5806955                   /usr/lib/libGLX.so.0.0.0
7f335d61f000-7f335d620000 r--p 0001f000 103:03 5806955                   /usr/lib/libGLX.so.0.0.0
7f335d620000-7f335d621000 rw-p 00020000 103:03 5806955                   /usr/lib/libGLX.so.0.0.0
7f335d621000-7f335d631000 rw-p 00000000 00:00 0 
7f335d631000-7f335d633000 r--p 00000000 103:03 5806958                   /usr/lib/libGLdispatch.so.0.0.0
7f335d633000-7f335d672000 r-xp 00002000 103:03 5806958                   /usr/lib/libGLdispatch.so.0.0.0
7f335d672000-7f335d685000 r--p 00041000 103:03 5806958                   /usr/lib/libGLdispatch.so.0.0.0
7f335d685000-7f335d6a1000 r--p 00054000 103:03 5806958                   /usr/lib/libGLdispatch.so.0.0.0
7f335d6a1000-7f335d6a2000 rw-p 00070000 103:03 5806958                   /usr/lib/libGLdispatch.so.0.0.0
7f335d6a2000-7f335d6aa000 rw-p 00000000 00:00 0 
7f335d6aa000-7f335d6d9000 r--p 00000000 103:03 5806949                   /usr/lib/libGL.so.1.7.0
7f335d6d9000-7f335d6f8000 r-xp 0002f000 103:03 5806949                   /usr/lib/libGL.so.1.7.0
7f335d6f8000-7f335d70d000 r--p 0004e000 103:03 5806949                   /usr/lib/libGL.so.1.7.0
7f335d70d000-7f335d71b000 r--p 00062000 103:03 5806949                   /usr/lib/libGL.so.1.7.0
7f335d71b000-7f335d71c000 rw-p 00070000 103:03 5806949                   /usr/lib/libGL.so.1.7.0
7f335d71c000-7f335d71d000 rw-p 00000000 00:00 0 
7f335d71d000-7f335d721000 r--p 00000000 103:03 5808451                   /usr/lib/libxkbcommon.so.0.13.2
7f335d721000-7f335d750000 r-xp 00004000 103:03 5808451                   /usr/lib/libxkbcommon.so.0.13.2
7f335d750000-7f335d77a000 r--p 00033000 103:03 5808451                   /usr/lib/libxkbcommon.so.0.13.2
7f335d77a000-7f335d77c000 r--p 0005d000 103:03 5808451                   /usr/lib/libxkbcommon.so.0.13.2
7f335d77c000-7f335d77d000 rw-p 0005f000 103:03 5808451                   /usr/lib/libxkbcommon.so.0.13.2
7f335d77d000-7f335d77e000 rw-p 00000000 00:00 0 
7f335d77e000-7f335d782000 ---p 00000000 00:00 0 
7f335d782000-7f335d87e000 rw-p 00000000 00:00 0 
7f335d87e000-7f335d8b3000 r-xp 00000000 103:03 524310                    /tmp/lwjgl_oli/3.4.1+2/x64/liblwjgl.so
7f335d8b3000-7f335d8fb000 r--p 00035000 103:03 524310                    /tmp/lwjgl_oli/3.4.1+2/x64/liblwjgl.so
7f335d8fb000-7f335d8fc000 r--p 0007c000 103:03 524310                    /tmp/lwjgl_oli/3.4.1+2/x64/liblwjgl.so
7f335d8fc000-7f335d8fd000 rw-p 0007d000 103:03 524310                    /tmp/lwjgl_oli/3.4.1+2/x64/liblwjgl.so
7f335d8fd000-7f335d8fe000 rw-p 00000000 00:00 0 
7f335d8fe000-7f335d902000 ---p 00000000 00:00 0 
7f335d902000-7f335d9ff000 rw-p 00000000 00:00 0 
7f335d9ff000-7f335da03000 ---p 00000000 00:00 0 
7f335da03000-7f335db00000 rw-p 00000000 00:00 0 
7f335db00000-7f335db04000 ---p 00000000 00:00 0 
7f335db04000-7f335dc00000 rw-p 00000000 00:00 0 
7f335dc00000-7f335deed000 r--p 00000000 103:03 5802412                   /usr/lib/locale/locale-archive
7f335deee000-7f335def0000 r--p 00000000 103:03 5806946                   /usr/lib/libEGL.so.1.1.0
7f335def0000-7f335def9000 r-xp 00002000 103:03 5806946                   /usr/lib/libEGL.so.1.1.0
7f335def9000-7f335defd000 r--p 0000b000 103:03 5806946                   /usr/lib/libEGL.so.1.1.0
7f335defd000-7f335defe000 r--p 0000e000 103:03 5806946                   /usr/lib/libEGL.so.1.1.0
7f335defe000-7f335deff000 rw-p 0000f000 103:03 5806946                   /usr/lib/libEGL.so.1.1.0
7f335deff000-7f335df00000 rw-p 00000000 00:00 0 
7f335df00000-7f335df04000 ---p 00000000 00:00 0 
7f335df04000-7f335e000000 rw-p 00000000 00:00 0 
7f335e000000-7f3360021000 rw-p 00000000 00:00 0 
7f3360021000-7f3364000000 ---p 00000000 00:00 0 
7f3364000000-7f3364021000 rw-p 00000000 00:00 0 
7f3364021000-7f3368000000 ---p 00000000 00:00 0 
7f3368000000-7f3368021000 rw-p 00000000 00:00 0 
7f3368021000-7f336c000000 ---p 00000000 00:00 0 
7f336c001000-7f336c00d000 r--p 00000000 103:03 5803505                   /usr/lib/libxcb.so.1.1.0
7f336c00d000-7f336c021000 r-xp 0000c000 103:03 5803505                   /usr/lib/libxcb.so.1.1.0
7f336c021000-7f336c02a000 r--p 00020000 103:03 5803505                   /usr/lib/libxcb.so.1.1.0
7f336c02a000-7f336c02b000 r--p 00028000 103:03 5803505                   /usr/lib/libxcb.so.1.1.0
7f336c02b000-7f336c02c000 rw-p 00029000 103:03 5803505                   /usr/lib/libxcb.so.1.1.0
7f336c02c000-7f336c031000 r--p 00000000 103:03 6422919                   /usr/lib/jvm/java-21-openjdk/lib/libjsvml.so
7f336c031000-7f336c072000 r-xp 00005000 103:03 6422919                   /usr/lib/jvm/java-21-openjdk/lib/libjsvml.so
7f336c072000-7f336c0fb000 r--p 00046000 103:03 6422919                   /usr/lib/jvm/java-21-openjdk/lib/libjsvml.so
7f336c0fb000-7f336c0fc000 r--p 000ce000 103:03 6422919                   /usr/lib/jvm/java-21-openjdk/lib/libjsvml.so
7f336c0fc000-7f336c0fd000 rw-p 000cf000 103:03 6422919                   /usr/lib/jvm/java-21-openjdk/lib/libjsvml.so
7f336c0fd000-7f336c0fe000 rw-p 00000000 00:00 0 
7f336c0fe000-7f336c102000 ---p 00000000 00:00 0 
7f336c102000-7f336c1ff000 rw-p 00000000 00:00 0 
7f336c1ff000-7f336c203000 ---p 00000000 00:00 0 
7f336c203000-7f336c300000 rw-p 00000000 00:00 0 
7f336c300000-7f336c304000 ---p 00000000 00:00 0 
7f336c304000-7f336c400000 rw-p 00000000 00:00 0 
7f336c400000-7f336c670000 rwxp 00000000 00:00 0 
7f336c670000-7f3373937000 ---p 00000000 00:00 0 
7f3373937000-7f3373ba7000 rwxp 00000000 00:00 0 
7f3373ba7000-7f3373ec9000 ---p 00000000 00:00 0 
7f3373ec9000-7f3374139000 rwxp 00000000 00:00 0 
7f3374139000-7f337b400000 ---p 00000000 00:00 0 
7f337b400000-7f3383ecf000 r--s 00000000 103:03 6422936                   /usr/lib/jvm/java-21-openjdk/lib/modules
7f3383ecf000-7f3383ed0000 r--p 00000000 103:03 5803475                   /usr/lib/libxcb-shm.so.0.0.0
7f3383ed0000-7f3383ed1000 r-xp 00001000 103:03 5803475                   /usr/lib/libxcb-shm.so.0.0.0
7f3383ed1000-7f3383ed2000 r--p 00002000 103:03 5803475                   /usr/lib/libxcb-shm.so.0.0.0
7f3383ed2000-7f3383ed3000 r--p 00002000 103:03 5803475                   /usr/lib/libxcb-shm.so.0.0.0
7f3383ed3000-7f3383ed4000 rw-p 00003000 103:03 5803475                   /usr/lib/libxcb-shm.so.0.0.0
7f3383ed4000-7f3383ed5000 r--p 00000000 103:03 5805844                   /usr/lib/libX11-xcb.so.1.0.0
7f3383ed5000-7f3383ed6000 r-xp 00001000 103:03 5805844                   /usr/lib/libX11-xcb.so.1.0.0
7f3383ed6000-7f3383ed7000 r--p 00002000 103:03 5805844                   /usr/lib/libX11-xcb.so.1.0.0
7f3383ed7000-7f3383ed8000 r--p 00002000 103:03 5805844                   /usr/lib/libX11-xcb.so.1.0.0
7f3383ed8000-7f3383ed9000 rw-p 00003000 103:03 5805844                   /usr/lib/libX11-xcb.so.1.0.0
7f3383ed9000-7f3383edb000 r--p 00000000 103:03 5806941                   /usr/lib/libgbm.so.1.0.0
7f3383edb000-7f3383edc000 r-xp 00002000 103:03 5806941                   /usr/lib/libgbm.so.1.0.0
7f3383edc000-7f3383edd000 r--p 00003000 103:03 5806941                   /usr/lib/libgbm.so.1.0.0
7f3383edd000-7f3383ede000 r--p 00003000 103:03 5806941                   /usr/lib/libgbm.so.1.0.0
7f3383ede000-7f3383edf000 rw-p 00004000 103:03 5806941                   /usr/lib/libgbm.so.1.0.0
7f3383edf000-7f3383ee1000 r--p 00000000 103:03 5803416                   /usr/lib/libXdmcp.so.6.0.0
7f3383ee1000-7f3383ee3000 r-xp 00002000 103:03 5803416                   /usr/lib/libXdmcp.so.6.0.0
7f3383ee3000-7f3383ee5000 r--p 00004000 103:03 5803416                   /usr/lib/libXdmcp.so.6.0.0
7f3383ee5000-7f3383ee6000 r--p 00005000 103:03 5803416                   /usr/lib/libXdmcp.so.6.0.0
7f3383ee6000-7f3383ee7000 rw-p 00006000 103:03 5803416                   /usr/lib/libXdmcp.so.6.0.0
7f3383ee7000-7f3383ee8000 r--p 00000000 103:03 5803420                   /usr/lib/libXau.so.6.0.0
7f3383ee8000-7f3383ee9000 r-xp 00001000 103:03 5803420                   /usr/lib/libXau.so.6.0.0
7f3383ee9000-7f3383eea000 r--p 00002000 103:03 5803420                   /usr/lib/libXau.so.6.0.0
7f3383eea000-7f3383eeb000 r--p 00002000 103:03 5803420                   /usr/lib/libXau.so.6.0.0
7f3383eeb000-7f3383eec000 rw-p 00003000 103:03 5803420                   /usr/lib/libXau.so.6.0.0
7f3383eec000-7f3383eef000 r--p 00000000 103:03 5808431                   /usr/lib/libdecor-0.so.0.200.5
7f3383eef000-7f3383ef2000 r-xp 00003000 103:03 5808431                   /usr/lib/libdecor-0.so.0.200.5
7f3383ef2000-7f3383ef4000 r--p 00006000 103:03 5808431                   /usr/lib/libdecor-0.so.0.200.5
7f3383ef4000-7f3383ef5000 r--p 00007000 103:03 5808431                   /usr/lib/libdecor-0.so.0.200.5
7f3383ef5000-7f3383ef6000 rw-p 00008000 103:03 5808431                   /usr/lib/libdecor-0.so.0.200.5
7f3383ef6000-7f3383ef7000 r--p 00000000 103:03 5806915                   /usr/lib/libwayland-cursor.so.0.25.0
7f3383ef7000-7f3383ef9000 r-xp 00001000 103:03 5806915                   /usr/lib/libwayland-cursor.so.0.25.0
7f3383ef9000-7f3383efa000 r--p 00003000 103:03 5806915                   /usr/lib/libwayland-cursor.so.0.25.0
7f3383efa000-7f3383efb000 r--p 00003000 103:03 5806915                   /usr/lib/libwayland-cursor.so.0.25.0
7f3383efb000-7f3383eff000 rw-p 00004000 103:03 5806915                   /usr/lib/libwayland-cursor.so.0.25.0
7f3383eff000-7f3383f00000 rw-p 00000000 00:00 0 
7f3383f00000-7f3383f04000 ---p 00000000 00:00 0 
7f3383f04000-7f3384000000 rw-p 00000000 00:00 0 
7f3384000000-7f338500e000 rw-p 00000000 00:00 0 
7f338500e000-7f3388000000 ---p 00000000 00:00 0 
7f3388004000-7f3388006000 r--p 00000000 103:03 5785193                   /usr/lib/libffi.so.8.2.0
7f3388006000-7f338800c000 r-xp 00002000 103:03 5785193                   /usr/lib/libffi.so.8.2.0
7f338800c000-7f338800d000 r--p 00008000 103:03 5785193                   /usr/lib/libffi.so.8.2.0
7f338800d000-7f338800e000 r--p 00009000 103:03 5785193                   /usr/lib/libffi.so.8.2.0
7f338800e000-7f338800f000 rw-p 0000a000 103:03 5785193                   /usr/lib/libffi.so.8.2.0
7f338800f000-7f338801d000 r--p 00000000 103:03 5792820                   /usr/lib/libdbus-1.so.3.38.3
7f338801d000-7f338804c000 r-xp 0000e000 103:03 5792820                   /usr/lib/libdbus-1.so.3.38.3
7f338804c000-7f338805e000 r--p 0003d000 103:03 5792820                   /usr/lib/libdbus-1.so.3.38.3
7f338805e000-7f3388060000 r--p 0004f000 103:03 5792820                   /usr/lib/libdbus-1.so.3.38.3
7f3388060000-7f3388061000 rw-p 00051000 103:03 5792820                   /usr/lib/libdbus-1.so.3.38.3
7f3388061000-7f3388062000 rw-p 00000000 00:00 0 
7f3388062000-7f3388066000 ---p 00000000 00:00 0 
7f3388066000-7f3388162000 rw-p 00000000 00:00 0 
7f3388162000-7f33881bd000 r--p 00000000 103:03 5770283                   /usr/lib/locale/C.utf8/LC_CTYPE
7f33881bd000-7f33883bf000 rw-p 00000000 00:00 0 
7f33883bf000-7f33884dc000 rw-p 00000000 00:00 0 
7f33884dc000-7f33886de000 rw-p 00000000 00:00 0 
7f33886de000-7f3388ee6000 rw-p 00000000 00:00 0 
7f3388ee6000-7f33891e9000 rw-p 00000000 00:00 0 
7f33891e9000-7f33893c9000 rw-p 00000000 00:00 0 
7f33893c9000-7f338af81000 ---p 00000000 00:00 0 
7f338af81000-7f338afc5000 rw-p 00000000 00:00 0 
7f338afc5000-7f338b33c000 ---p 00000000 00:00 0 
7f338b33c000-7f338b379000 rw-p 00000000 00:00 0 
7f338b379000-7f338b6f0000 ---p 00000000 00:00 0 
7f338b6f0000-7f338befe000 rw-p 00000000 00:00 0 
7f338befe000-7f338bfe4000 ---p 00000000 00:00 0 
7f338bfe4000-7f338bfe9000 rw-p 00000000 00:00 0 
7f338bfe9000-7f338c0cf000 ---p 00000000 00:00 0 
7f338c0cf000-7f338c0df000 r--p 00000000 103:03 5770252                   /usr/lib/libm.so.6
7f338c0df000-7f338c178000 r-xp 00010000 103:03 5770252                   /usr/lib/libm.so.6
7f338c178000-7f338c1fe000 r--p 000a9000 103:03 5770252                   /usr/lib/libm.so.6
7f338c1fe000-7f338c1ff000 r--p 0012f000 103:03 5770252                   /usr/lib/libm.so.6
7f338c1ff000-7f338c200000 rw-p 00130000 103:03 5770252                   /usr/lib/libm.so.6
7f338c200000-7f338c29a000 r--p 00000000 103:03 5771053                   /usr/lib/libstdc++.so.6.0.35
7f338c29a000-7f338c41e000 r-xp 0009a000 103:03 5771053                   /usr/lib/libstdc++.so.6.0.35
7f338c41e000-7f338c4bf000 r--p 0021e000 103:03 5771053                   /usr/lib/libstdc++.so.6.0.35
7f338c4bf000-7f338c4d0000 r--p 002be000 103:03 5771053                   /usr/lib/libstdc++.so.6.0.35
7f338c4d0000-7f338c4d1000 rw-p 002cf000 103:03 5771053                   /usr/lib/libstdc++.so.6.0.35
7f338c4d1000-7f338c4d5000 rw-p 00000000 00:00 0 
7f338c4d7000-7f338c4d8000 r--p 00000000 103:03 5806918                   /usr/lib/libwayland-egl.so.1.25.0
7f338c4d8000-7f338c4d9000 r-xp 00001000 103:03 5806918                   /usr/lib/libwayland-egl.so.1.25.0
7f338c4d9000-7f338c4da000 r--p 00002000 103:03 5806918                   /usr/lib/libwayland-egl.so.1.25.0
7f338c4da000-7f338c4db000 r--p 00002000 103:03 5806918                   /usr/lib/libwayland-egl.so.1.25.0
7f338c4db000-7f338c4dc000 rw-p 00003000 103:03 5806918                   /usr/lib/libwayland-egl.so.1.25.0
7f338c4ea000-7f338c4eb000 r--p 00000000 00:01 4096                       /memfd:kwin-dmabuf-feedback-table (deleted)
7f338c4eb000-7f338c4ec000 rw-s 105af8000 00:11 1094                      anon_inode:i915.gem
7f338c4ec000-7f338c4ed000 rw-s 1042b9000 00:11 1094                      anon_inode:i915.gem
7f338c4ed000-7f338c4ee000 rw-s 1042b8000 00:11 1094                      anon_inode:i915.gem
7f338c4ee000-7f338c4fe000 rw-s 104588000 00:11 1094                      anon_inode:i915.gem
7f338c4fe000-7f338c4ff000 rw-s 103f2c000 00:11 1094                      anon_inode:i915.gem
7f338c4ff000-7f338c500000 rw-p 00000000 00:00 0 
7f338c500000-7f338c504000 ---p 00000000 00:00 0 
7f338c504000-7f338c600000 rw-p 00000000 00:00 0 
7f338c600000-7f338c610000 r--p 00000000 103:03 6422948                   /usr/lib/jvm/java-21-openjdk/lib/server/libjvm.so
7f338c610000-7f338d517000 r-xp 00010000 103:03 6422948                   /usr/lib/jvm/java-21-openjdk/lib/server/libjvm.so
7f338d517000-7f338d7ea000 r--p 00f17000 103:03 6422948                   /usr/lib/jvm/java-21-openjdk/lib/server/libjvm.so
7f338d7ea000-7f338d8c0000 r--p 011ea000 103:03 6422948                   /usr/lib/jvm/java-21-openjdk/lib/server/libjvm.so
7f338d8c0000-7f338d8f0000 rw-p 012c0000 103:03 6422948                   /usr/lib/jvm/java-21-openjdk/lib/server/libjvm.so
7f338d8f0000-7f338d956000 rw-p 00000000 00:00 0 
7f338d956000-7f338d957000 rw-p 00000000 00:00 0 
7f338d957000-7f338d95a000 r--p 00000000 103:03 5806912                   /usr/lib/libwayland-client.so.0.25.0
7f338d95a000-7f338d961000 r-xp 00003000 103:03 5806912                   /usr/lib/libwayland-client.so.0.25.0
7f338d961000-7f338d964000 r--p 0000a000 103:03 5806912                   /usr/lib/libwayland-client.so.0.25.0
7f338d964000-7f338d966000 r--p 0000c000 103:03 5806912                   /usr/lib/libwayland-client.so.0.25.0
7f338d966000-7f338d967000 rw-p 0000e000 103:03 5806912                   /usr/lib/libwayland-client.so.0.25.0
7f338d967000-7f338d968000 r--p 00000000 103:03 5770269                   /usr/lib/libpthread.so.0
7f338d968000-7f338d969000 r-xp 00001000 103:03 5770269                   /usr/lib/libpthread.so.0
7f338d969000-7f338d96a000 r--p 00002000 103:03 5770269                   /usr/lib/libpthread.so.0
7f338d96a000-7f338d96b000 r--p 00002000 103:03 5770269                   /usr/lib/libpthread.so.0
7f338d96b000-7f338d96c000 rw-p 00003000 103:03 5770269                   /usr/lib/libpthread.so.0
7f338d96c000-7f338d96e000 r--p 00000000 103:03 6422935                   /usr/lib/jvm/java-21-openjdk/lib/libzip.so
7f338d96e000-7f338d972000 r-xp 00002000 103:03 6422935                   /usr/lib/jvm/java-21-openjdk/lib/libzip.so
7f338d972000-7f338d974000 r--p 00006000 103:03 6422935                   /usr/lib/jvm/java-21-openjdk/lib/libzip.so
7f338d974000-7f338d975000 r--p 00007000 103:03 6422935                   /usr/lib/jvm/java-21-openjdk/lib/libzip.so
7f338d975000-7f338d976000 rw-p 00008000 103:03 6422935                   /usr/lib/jvm/java-21-openjdk/lib/libzip.so
7f338d976000-7f338d979000 r--p 00000000 103:03 6422926                   /usr/lib/jvm/java-21-openjdk/lib/libnet.so
7f338d979000-7f338d981000 r-xp 00003000 103:03 6422926                   /usr/lib/jvm/java-21-openjdk/lib/libnet.so
7f338d981000-7f338d983000 r--p 0000b000 103:03 6422926                   /usr/lib/jvm/java-21-openjdk/lib/libnet.so
7f338d983000-7f338d984000 r--p 0000c000 103:03 6422926                   /usr/lib/jvm/java-21-openjdk/lib/libnet.so
7f338d984000-7f338d985000 rw-p 0000d000 103:03 6422926                   /usr/lib/jvm/java-21-openjdk/lib/libnet.so
7f338d985000-7f338da00000 rw-p 00000000 00:00 0 
7f338da00000-7f338da24000 r--p 00000000 103:03 5770242                   /usr/lib/libc.so.6
7f338da24000-7f338db8e000 r-xp 00024000 103:03 5770242                   /usr/lib/libc.so.6
7f338db8e000-7f338dc0d000 r--p 0018e000 103:03 5770242                   /usr/lib/libc.so.6
7f338dc0d000-7f338dc11000 r--p 0020c000 103:03 5770242                   /usr/lib/libc.so.6
7f338dc11000-7f338dc13000 rw-p 00210000 103:03 5770242                   /usr/lib/libc.so.6
7f338dc13000-7f338dc1b000 rw-p 00000000 00:00 0 
7f338dc1b000-7f338dc1c000 r--p 00000000 103:03 5770247                   /usr/lib/libdl.so.2
7f338dc1c000-7f338dc1d000 r-xp 00001000 103:03 5770247                   /usr/lib/libdl.so.2
7f338dc1d000-7f338dc1e000 r--p 00002000 103:03 5770247                   /usr/lib/libdl.so.2
7f338dc1e000-7f338dc1f000 r--p 00002000 103:03 5770247                   /usr/lib/libdl.so.2
7f338dc1f000-7f338dc20000 rw-p 00003000 103:03 5770247                   /usr/lib/libdl.so.2
7f338dc20000-7f338dc27000 r--p 00000000 103:03 6422927                   /usr/lib/jvm/java-21-openjdk/lib/libnio.so
7f338dc27000-7f338dc30000 r-xp 00007000 103:03 6422927                   /usr/lib/jvm/java-21-openjdk/lib/libnio.so
7f338dc30000-7f338dc34000 r--p 00010000 103:03 6422927                   /usr/lib/jvm/java-21-openjdk/lib/libnio.so
7f338dc34000-7f338dc35000 r--p 00014000 103:03 6422927                   /usr/lib/jvm/java-21-openjdk/lib/libnio.so
7f338dc35000-7f338dc36000 rw-p 00015000 103:03 6422927                   /usr/lib/jvm/java-21-openjdk/lib/libnio.so
7f338dc36000-7f338dc37000 r--p 00000000 103:03 5770290                   /usr/lib/locale/C.utf8/LC_NUMERIC
7f338dc37000-7f338dc38000 r--p 00000000 103:03 5770293                   /usr/lib/locale/C.utf8/LC_TIME
7f338dc38000-7f338dc39000 r--p 00000000 103:03 5770282                   /usr/lib/locale/C.utf8/LC_COLLATE
7f338dc39000-7f338dc3a000 r--p 00000000 103:03 5770288                   /usr/lib/locale/C.utf8/LC_MONETARY
7f338dc3a000-7f338dc44000 r--p 00000000 103:03 6422911                   /usr/lib/jvm/java-21-openjdk/lib/libjava.so
7f338dc44000-7f338dc52000 r-xp 0000a000 103:03 6422911                   /usr/lib/jvm/java-21-openjdk/lib/libjava.so
7f338dc52000-7f338dc57000 r--p 00018000 103:03 6422911                   /usr/lib/jvm/java-21-openjdk/lib/libjava.so
7f338dc57000-7f338dc58000 r--p 0001d000 103:03 6422911                   /usr/lib/jvm/java-21-openjdk/lib/libjava.so
7f338dc58000-7f338dc59000 rw-p 0001e000 103:03 6422911                   /usr/lib/jvm/java-21-openjdk/lib/libjava.so
7f338dc59000-7f338dc5a000 rw-p 00000000 00:00 0 
7f338dc5a000-7f338dc5e000 r--p 00000000 103:03 5771047                   /usr/lib/libgcc_s.so.1
7f338dc5e000-7f338dc82000 r-xp 00004000 103:03 5771047                   /usr/lib/libgcc_s.so.1
7f338dc82000-7f338dc86000 r--p 00028000 103:03 5771047                   /usr/lib/libgcc_s.so.1
7f338dc86000-7f338dc87000 r--p 0002c000 103:03 5771047                   /usr/lib/libgcc_s.so.1
7f338dc87000-7f338dc88000 rw-p 0002d000 103:03 5771047                   /usr/lib/libgcc_s.so.1
7f338dc88000-7f338dc8a000 rw-p 00000000 00:00 0 
7f338dc8a000-7f338dc8d000 r--p 00000000 103:03 5774960                   /usr/lib/libz.so.1.3.2
7f338dc8d000-7f338dc9c000 r-xp 00003000 103:03 5774960                   /usr/lib/libz.so.1.3.2
7f338dc9c000-7f338dca2000 r--p 00012000 103:03 5774960                   /usr/lib/libz.so.1.3.2
7f338dca2000-7f338dca3000 r--p 00018000 103:03 5774960                   /usr/lib/libz.so.1.3.2
7f338dca3000-7f338dca4000 rw-p 00019000 103:03 5774960                   /usr/lib/libz.so.1.3.2
7f338dca4000-7f338dca5000 r--p 00000000 103:03 5770287                   /usr/lib/locale/C.utf8/LC_MESSAGES/SYS_LC_MESSAGES
7f338dca5000-7f338dca6000 r--p 00000000 103:03 5770291                   /usr/lib/locale/C.utf8/LC_PAPER
7f338dca6000-7f338dca7000 r--p 00000000 103:03 5770289                   /usr/lib/locale/C.utf8/LC_NAME
7f338dca7000-7f338dca8000 r--p 00000000 103:03 5770281                   /usr/lib/locale/C.utf8/LC_ADDRESS
7f338dca8000-7f338dca9000 r--p 00000000 103:03 5770292                   /usr/lib/locale/C.utf8/LC_TELEPHONE
7f338dca9000-7f338dcaa000 r--p 00000000 103:03 5770285                   /usr/lib/locale/C.utf8/LC_MEASUREMENT
7f338dcaa000-7f338dcab000 r--p 00000000 103:03 5770284                   /usr/lib/locale/C.utf8/LC_IDENTIFICATION
7f338dcab000-7f338dcb0000 rw-p 00000000 00:00 0 
7f338dcb0000-7f338dcb7000 ---p 00000000 00:00 0 
7f338dcb7000-7f338dcbf000 rw-s 00000000 103:03 524409                    /tmp/hsperfdata_oli/7753
7f338dcbf000-7f338dcc0000 ---p 00000000 00:00 0 
7f338dcc0000-7f338dcc1000 r--p 00000000 00:00 0 
7f338dcc1000-7f338dcc2000 ---p 00000000 00:00 0 
7f338dcc2000-7f338dcc3000 r--p 00000000 103:03 6422915                   /usr/lib/jvm/java-21-openjdk/lib/libjimage.so
7f338dcc3000-7f338dcc5000 r-xp 00001000 103:03 6422915                   /usr/lib/jvm/java-21-openjdk/lib/libjimage.so
7f338dcc5000-7f338dcc6000 r--p 00003000 103:03 6422915                   /usr/lib/jvm/java-21-openjdk/lib/libjimage.so
7f338dcc6000-7f338dcc7000 r--p 00004000 103:03 6422915                   /usr/lib/jvm/java-21-openjdk/lib/libjimage.so
7f338dcc7000-7f338dcc8000 rw-p 00005000 103:03 6422915                   /usr/lib/jvm/java-21-openjdk/lib/libjimage.so
7f338dcc8000-7f338dcca000 r--p 00000000 103:03 6422916                   /usr/lib/jvm/java-21-openjdk/lib/libjli.so
7f338dcca000-7f338dcd4000 r-xp 00002000 103:03 6422916                   /usr/lib/jvm/java-21-openjdk/lib/libjli.so
7f338dcd4000-7f338dcd7000 r--p 0000c000 103:03 6422916                   /usr/lib/jvm/java-21-openjdk/lib/libjli.so
7f338dcd7000-7f338dcd8000 r--p 0000f000 103:03 6422916                   /usr/lib/jvm/java-21-openjdk/lib/libjli.so
7f338dcd8000-7f338dcd9000 rw-p 00010000 103:03 6422916                   /usr/lib/jvm/java-21-openjdk/lib/libjli.so
7f338dcd9000-7f338dcdb000 rw-p 00000000 00:00 0 
7f338dcdb000-7f338dcdf000 r--p 00000000 00:00 0                          [vvar]
7f338dcdf000-7f338dce1000 r--p 00000000 00:00 0                          [vvar_vclock]
7f338dce1000-7f338dce3000 r-xp 00000000 00:00 0                          [vdso]
7f338dce3000-7f338dce4000 r--p 00000000 103:03 5770233                   /usr/lib/ld-linux-x86-64.so.2
7f338dce4000-7f338dd0d000 r-xp 00001000 103:03 5770233                   /usr/lib/ld-linux-x86-64.so.2
7f338dd0d000-7f338dd1d000 r--p 0002a000 103:03 5770233                   /usr/lib/ld-linux-x86-64.so.2
7f338dd1d000-7f338dd1f000 r--p 0003a000 103:03 5770233                   /usr/lib/ld-linux-x86-64.so.2
7f338dd1f000-7f338dd20000 rw-p 0003c000 103:03 5770233                   /usr/lib/ld-linux-x86-64.so.2
7f338dd20000-7f338dd21000 rw-p 00000000 00:00 0 
7ffcd8b60000-7ffcd8b82000 rw-p 00000000 00:00 0                          [stack]
ffffffffff600000-ffffffffff601000 --xp 00000000 00:00 0                  [vsyscall]
Total number of mappings: 494

JVMTI agents: none


VM Arguments:
jvm_args: -Dfile.encoding=UTF-8 
java_command: com.minesweeper.Main
java_class_path (initial): /home/oli/Programming/MineSweeper/target/classes:/home/oli/.m2/repository/org/lwjgl/lwjgl/3.4.1/lwjgl-3.4.1.jar:/home/oli/.m2/repository/org/lwjgl/lwjgl-freetype/3.4.1/lwjgl-freetype-3.4.1.jar:/home/oli/.m2/repository/org/lwjgl/lwjgl-glfw/3.4.1/lwjgl-glfw-3.4.1.jar:/home/oli/.m2/repository/org/lwjgl/lwjgl-nuklear/3.4.1/lwjgl-nuklear-3.4.1.jar:/home/oli/.m2/repository/org/lwjgl/lwjgl-opengl/3.4.1/lwjgl-opengl-3.4.1.jar:/home/oli/.m2/repository/org/lwjgl/lwjgl-sdl/3.4.1/lwjgl-sdl-3.4.1.jar:/home/oli/.m2/repository/org/lwjgl/lwjgl-stb/3.4.1/lwjgl-stb-3.4.1.jar:/home/oli/.m2/repository/org/lwjgl/lwjgl/3.4.1/lwjgl-3.4.1-natives-linux.jar:/home/oli/.m2/repository/org/lwjgl/lwjgl-freetype/3.4.1/lwjgl-freetype-3.4.1-natives-linux.jar:/home/oli/.m2/repository/org/lwjgl/lwjgl-glfw/3.4.1/lwjgl-glfw-3.4.1-natives-linux.jar:/home/oli/.m2/repository/org/lwjgl/lwjgl-nuklear/3.4.1/lwjgl-nuklear-3.4.1-natives-linux.jar:/home/oli/.m2/repository/org/lwjgl/lwjgl-opengl/3.4.1/lwjgl-opengl-3.4.1-natives-linux.jar:/home/oli/.m2/repository/org/lwjgl/lwjgl-sdl/3.4.1/lwjgl-sdl-3.4.1-natives-linux.jar:/home/oli/.m2/repository/org/lwjgl/lwjgl-stb/3.4.1/lwjgl-stb-3.4.1-natives-linux.jar:/home/oli/.m2/repository/org/joml/joml/1.10.8/joml-1.10.8.jar
Launcher Type: SUN_STANDARD

[Global flags]
     intx CICompilerCount                          = 4                                         {product} {ergonomic}
     uint ConcGCThreads                            = 2                                         {product} {ergonomic}
     uint G1ConcRefinementThreads                  = 8                                         {product} {ergonomic}
   size_t G1HeapRegionSize                         = 1048576                                   {product} {ergonomic}
    uintx GCDrainStackTargetSize                   = 64                                        {product} {ergonomic}
   size_t InitialHeapSize                          = 125829120                                 {product} {ergonomic}
   size_t MarkStackSize                            = 4194304                                   {product} {ergonomic}
   size_t MaxHeapSize                              = 1988100096                                {product} {ergonomic}
   size_t MaxNewSize                               = 1192230912                                {product} {ergonomic}
   size_t MinHeapDeltaBytes                        = 1048576                                   {product} {ergonomic}
   size_t MinHeapSize                              = 8388608                                   {product} {ergonomic}
    uintx NonNMethodCodeHeapSize                   = 5839372                                {pd product} {ergonomic}
    uintx NonProfiledCodeHeapSize                  = 122909434                              {pd product} {ergonomic}
    uintx ProfiledCodeHeapSize                     = 122909434                              {pd product} {ergonomic}
    uintx ReservedCodeCacheSize                    = 251658240                              {pd product} {ergonomic}
     bool SegmentedCodeCache                       = true                                      {product} {ergonomic}
   size_t SoftMaxHeapSize                          = 1988100096                             {manageable} {ergonomic}
     bool UseCompressedOops                        = true                           {product lp64_product} {ergonomic}
     bool UseG1GC                                  = true                                      {product} {ergonomic}

Logging:
Log output configuration:
 #0: stdout all=warning uptime,level,tags foldmultilines=false
 #1: stderr all=off uptime,level,tags foldmultilines=false

Release file:
IMPLEMENTOR="Artix Linux"
JAVA_RUNTIME_VERSION="21.0.11+10"
JAVA_VERSION="21.0.11"
JAVA_VERSION_DATE="2026-04-21"
LIBC="gnu"
MODULES="java.base java.compiler java.datatransfer java.xml java.prefs java.desktop java.instrument java.logging java.management java.security.sasl java.naming java.rmi java.management.rmi java.net.http java.scripting java.security.jgss java.transaction.xa java.sql java.sql.rowset java.xml.crypto java.se java.smartcardio jdk.accessibility jdk.internal.jvmstat jdk.attach jdk.charsets jdk.internal.opt jdk.zipfs jdk.compiler jdk.crypto.ec jdk.crypto.cryptoki jdk.dynalink jdk.internal.ed jdk.editpad jdk.hotspot.agent jdk.httpserver jdk.incubator.vector jdk.internal.le jdk.internal.vm.ci jdk.internal.vm.compiler jdk.internal.vm.compiler.management jdk.jartool jdk.javadoc jdk.jcmd jdk.management jdk.management.agent jdk.jconsole jdk.jdeps jdk.jdwp.agent jdk.jdi jdk.jfr jdk.jlink jdk.jpackage jdk.jshell jdk.jsobject jdk.jstatd jdk.localedata jdk.management.jfr jdk.naming.dns jdk.naming.rmi jdk.net jdk.nio.mapmode jdk.random jdk.sctp jdk.security.auth jdk.security.jgss jdk.unsupported jdk.unsupported.desktop jdk.xml.dom"
OS_ARCH="x86_64"
OS_NAME="Linux"
SOURCE=""

Environment Variables:
JAVA_HOME=/usr/lib/jvm/default
PATH=/usr/local/sbin:/usr/local/bin:/usr/bin:/usr/lib/jvm/default/bin:/usr/bin/site_perl:/usr/bin/vendor_perl:/usr/bin/core_perl
SHELL=/usr/bin/fish
DISPLAY=:1
WAYLAND_DISPLAY=wayland-0
LANG=C.UTF-8

Active Locale:
LC_ALL=C.UTF-8
LC_COLLATE=C.UTF-8
LC_CTYPE=C.UTF-8
LC_MESSAGES=C.UTF-8
LC_MONETARY=C.UTF-8
LC_NUMERIC=C.UTF-8
LC_TIME=C.UTF-8

Signal Handlers:
   SIGSEGV: 0x00007f338d40e240 in libjvm.so+14737984, mask=11100100010111111101111111111110, flags=SA_RESTART|SA_SIGINFO, unblocked
    SIGBUS: 0x00007f338d40e240 in libjvm.so+14737984, mask=11100100010111111101111111111110, flags=SA_RESTART|SA_SIGINFO, unblocked
    SIGFPE: 0x00007f338d40e240 in libjvm.so+14737984, mask=11100100010111111101111111111110, flags=SA_RESTART|SA_SIGINFO, unblocked
   SIGPIPE: 0x00007f338d267700 in libjvm.so+13006592, mask=11100100010111111101111111111110, flags=SA_RESTART|SA_SIGINFO, blocked
   SIGXFSZ: 0x00007f338d267700 in libjvm.so+13006592, mask=11100100010111111101111111111110, flags=SA_RESTART|SA_SIGINFO, blocked
    SIGILL: 0x00007f338d40e240 in libjvm.so+14737984, mask=11100100010111111101111111111110, flags=SA_RESTART|SA_SIGINFO, unblocked
   SIGUSR2: 0x00007f338d269020 in libjvm.so+13013024, mask=00000000000000000000000000000000, flags=SA_RESTART|SA_SIGINFO, blocked
    SIGHUP: 0x00007f338d266a60 in libjvm.so+13003360, mask=11100100010111111101111111111110, flags=SA_RESTART|SA_SIGINFO, blocked
    SIGINT: SIG_IGN, mask=00000000000000000000000000000000, flags=none, blocked
   SIGTERM: 0x00007f338d266a60 in libjvm.so+13003360, mask=11100100010111111101111111111110, flags=SA_RESTART|SA_SIGINFO, blocked
   SIGQUIT: 0x00007f338d266a60 in libjvm.so+13003360, mask=11100100010111111101111111111110, flags=SA_RESTART|SA_SIGINFO, blocked
   SIGTRAP: 0x00007f338d40e240 in libjvm.so+14737984, mask=11100100010111111101111111111110, flags=SA_RESTART|SA_SIGINFO, unblocked


Periodic native trim disabled

---------------  S Y S T E M  ---------------

OS:
NAME="Artix Linux"
PRETTY_NAME="Artix Linux"
ID=artix
BUILD_ID=rolling
ANSI_COLOR="38;2;23;147;209"
HOME_URL="https://artixlinux.org/"
DOCUMENTATION_URL="https://wiki.artixlinux.org/"
SUPPORT_URL="https://forum.artixlinux.org/"
BUG_REPORT_URL="https://bugs.artixlinux.org/"
PRIVACY_POLICY_URL="https://terms.artixlinux.org/docs/privacy-policy/"
LOGO=artixlinux-logo
uname: Linux 7.0.10-artix1-1 #1 SMP PREEMPT_DYNAMIC Sat, 23 May 2026 18:01:41 +0000 x86_64
OS uptime: 0 days 3:55 hours
libc: glibc 2.43 NPTL 2.43 
rlimit (soft/hard): STACK 8192k/infinity , CORE 0k/infinity , NPROC 30192/30192 , NOFILE 4096/4096 , AS infinity/infinity , CPU infinity/infinity , DATA infinity/infinity , FSIZE infinity/infinity , MEMLOCK 8192k/8192k
load average: 0.96 0.83 0.77

/proc/meminfo:
MemTotal:        7759256 kB
MemFree:         2521952 kB
MemAvailable:    3126912 kB
Buffers:           41100 kB
Cached:          1204368 kB
SwapCached:      1763348 kB
Active:          2697836 kB
Inactive:         720556 kB
Active(anon):    2600716 kB
Inactive(anon):    16360 kB
Active(file):      97120 kB
Inactive(file):   704196 kB
Unevictable:      485240 kB
Mlocked:               0 kB
SwapTotal:      16777212 kB
SwapFree:       12276700 kB
Zswap:            871620 kB
Zswapped:        2579440 kB
Dirty:               676 kB
Writeback:             0 kB
AnonPages:       2492808 kB
Mapped:           550804 kB
Shmem:            516224 kB
KReclaimable:      57512 kB
Slab:             258244 kB
SReclaimable:      57512 kB
SUnreclaim:       200732 kB
KernelStack:       21104 kB
PageTables:        48128 kB
SecPageTables:      2056 kB
NFS_Unstable:          0 kB
Bounce:                0 kB
WritebackTmp:          0 kB
CommitLimit:    20656840 kB
Committed_AS:   15148004 kB
VmallocTotal:   34359738367 kB
VmallocUsed:       70764 kB
VmallocChunk:          0 kB
Percpu:             2976 kB
HardwareCorrupted:     0 kB
AnonHugePages:      2048 kB
ShmemHugePages:   436224 kB
ShmemPmdMapped:    10240 kB
FileHugePages:     57344 kB
FilePmdMapped:     57344 kB
CmaTotal:              0 kB
CmaFree:               0 kB
Unaccepted:            0 kB
Balloon:               0 kB
HugePages_Total:       0
HugePages_Free:        0
HugePages_Rsvd:        0
HugePages_Surp:        0
Hugepagesize:       2048 kB
Hugetlb:               0 kB
DirectMap4k:      158624 kB
DirectMap2M:     3670016 kB
DirectMap1G:     4194304 kB

/sys/kernel/mm/transparent_hugepage/enabled: [always] madvise never
/sys/kernel/mm/transparent_hugepage/hpage_pmd_size: 2097152
/sys/kernel/mm/transparent_hugepage/defrag (defrag/compaction efforts parameter): always defer defer+madvise [madvise] never

Process Memory:
Virtual Size: 5437248K (peak: 5494012K)
Resident Set Size: 147048K (peak: 147048K) (anon: 52196K, file: 94848K, shmem: 4K)
Swapped out: 0K
C-Heap outstanding allocations: 38602K, retained: 3829K
glibc malloc tunables: (default)

/proc/sys/kernel/threads-max (system-wide limit on the number of threads): 60384
/proc/sys/vm/max_map_count (maximum number of memory map areas a process may have): 1048576
/proc/sys/vm/swappiness (control to define how aggressively the kernel swaps out anonymous memory): 60
/proc/sys/kernel/pid_max (system-wide limit on number of process identifiers): 32768

container information not found.
Steal ticks since vm start: 0
Steal ticks percentage since vm start:  0.000

CPU: total 8 (initial active 8) (4 cores per cpu, 2 threads per core) family 6 model 140 stepping 1 microcode 0xa6, cx8, cmov, fxsr, ht, mmx, 3dnowpref, sse, sse2, sse3, ssse3, sse4.1, sse4.2, popcnt, lzcnt, tsc, tscinvbit, avx, avx2, aes, erms, clmul, bmi1, bmi2, adx, avx512f, avx512dq, avx512cd, avx512bw, avx512vl, sha, fma, vzeroupper, avx512_vpopcntdq, avx512_vpclmulqdq, avx512_vaes, avx512_vnni, clflush, clflushopt, clwb, avx512_vbmi2, avx512_vbmi, rdtscp, rdpid, fsrm, gfni, avx512_bitalg, f16c, pku, ospke, cet_ibt, cet_ss, avx512_ifma
CPU Model and flags from /proc/cpuinfo:
model name	: 11th Gen Intel(R) Core(TM) i7-1165G7 @ 2.80GHz
flags		: fpu vme de pse tsc msr pae mce cx8 apic sep mtrr pge mca cmov pat pse36 clflush dts acpi mmx fxsr sse sse2 ss ht tm pbe syscall nx pdpe1gb rdtscp lm constant_tsc art arch_perfmon pebs bts rep_good nopl xtopology nonstop_tsc cpuid aperfmperf tsc_known_freq pni pclmulqdq dtes64 monitor ds_cpl vmx est tm2 ssse3 sdbg fma cx16 xtpr pdcm pcid sse4_1 sse4_2 x2apic movbe popcnt tsc_deadline_timer aes xsave avx f16c rdrand lahf_lm abm 3dnowprefetch cpuid_fault epb cat_l2 cdp_l2 ssbd ibrs ibpb stibp ibrs_enhanced tpr_shadow flexpriority ept vpid ept_ad fsgsbase tsc_adjust bmi1 avx2 smep bmi2 erms invpcid rdt_a avx512f avx512dq rdseed adx smap avx512ifma clflushopt clwb intel_pt avx512cd sha_ni avx512bw avx512vl xsaveopt xsavec xgetbv1 xsaves split_lock_detect user_shstk dtherm ida arat pln pts hwp hwp_notify hwp_act_window hwp_epp hwp_pkg_req vnmi avx512vbmi umip pku ospke avx512_vbmi2 gfni vaes vpclmulqdq avx512_vnni avx512_bitalg avx512_vpopcntdq rdpid movdiri movdir64b fsrm avx512_vp2intersect md_clear ibt flush_l1d arch_capabilities

Online cpus: 0-7
Offline cpus: 
BIOS frequency limitation: <Not Available>
Frequency switch latency (ns): 0
Available cpu frequencies: <Not Available>
Current governor: powersave
Core performance/turbo boost: <Not Available>

Memory: 4k page, physical 7759256k(3126912k free), swap 16777212k(12276700k free)
Page Sizes: 4k

vm_info: OpenJDK 64-Bit Server VM (21.0.11+10) for linux-amd64 JRE (21.0.11+10), built on 2026-04-24T10:43:20Z by "builduser" with gcc 15.2.1 20260209

END.
